,screen_names,bot_levels
0,AhmadJawadBTH,0.38520177077273565
1,LiveLawIndia,0.4863696214468366
2,SDG2030,0.1582932684692293
3,steve_hanke,0.04319304218444575
4,hgsdhaliwalips,0.2557018581892144
5,thehill,0.5606991274418015
6,DoctorMime,0.5384445472301498
7,CFGA,0.14065967082601727
8,descifraguerra,0.05690164322765423
9,NextcareP,0.39554321258087066
10,prof_shak,0.7971409205460985
11,CMP_PERU,0.7870711430916212
12,archtoronto,0.059796607492458076
13,BiharHealthDept,0.8527138698388146
14,Diced__,0.051644980290128095
15,Farees_7,0.2291196911565171
16,asahi,0.6046309639993871
17,brunovitanza,0.24084385000968356
18,CoronavirusSTEM,0.13581976651686056
19,pirbuxsindhi,0.3793861820479876
20,almaniadiplo,0.25739049576598816
21,112Cantabria,0.8393934980361634
22,Zoom,0.1061830435905754
23,Kashmir28471265,0.27624928579652386
24,morethanmySLE,0.04811493090611796
25,Spilling_The_T,0.5355613814847795
26,aisha_yaGuda,0.5184916274154776
27,sgyemikale,0.2346480521976242
28,Armees_Gouv,0.3082340800609905
29,Caleb_Waswa_,0.9116256273658543
30,Karl_Lauterbach,0.06983791120178584
31,JuanPaolicchi,0.5251942777955413
32,AkhbarMakkah,0.20480203892753546
33,Suso91,0.9919527100098792
34,ProteCivilAvila,0.6119619352576073
35,Raqueljoaira,0.023870698166162718
36,IreneMontero,0.8668971144114362
37,falkone1,0.4802183718895554
38,Sarim192,0.4356115924910948
39,jdoriajr,0.10013884991664701
40,naochashu,0.08772314957340743
41,PhrmMar,0.8573235242741108
42,hollyhaygood,0.6851554860714286
43,UgtSeat,0.3233595068059073
44,dnatweets,0.7692682175711212
45,GauravS53841129,0.44861744379795276
46,diputacionMLG,0.9156177787999933
47,LremTon,0.3986184214064268
48,NGRPresident,0.8489381395058092
49,yovelezarcelay,0.28607935322145106
50,MiLOKMAT,0.8018288581954373
51,VaughnHillyard,0.9367203536705836
52,hureyre2018,0.06511993832788998
53,freely_tokyo,0.9192413672886277
54,FabianPicardo,0.22587103610620718
55,ZulmaCucunuba,0.10160587558957246
56,ElianePolepole,0.3940694584766631
57,doamuslims,0.9742539550648341
58,DCPEASTZONE,0.5119404345478186
59,akhilesh73,0.5503932680702103
60,kavita_krishnan,0.9162747877052669
61,sanidadgob,0.7177932045511527
62,gawa_tyrone,0.041510084837525274
63,HenryLouisAaron,0.4832985537090523
64,JeffShipley77,0.212162925952311
65,wxgarrett,0.5393343133746114
66,iconicmassstAAr,0.08430882268207152
67,iashutosh23,0.12459158085368871
68,propublica,0.05532232615712773
69,cspan,0.483348265699448
70,IvanDuque,0.5064745342389042
71,onucolombia,0.8700265305523575
72,Damodar65212309,0.5750456985341059
73,IDSIreland,0.6905340039017483
74,SassyMetisChick,0.5392009900132885
75,NoimotOyedele,0.7991989420915419
76,nerd_hawk,0.09912747714436132
77,alexsalvinews,0.7479161593503628
78,jerome_riviere,0.8331828533313836
79,GovernAndorra,0.07629117011396624
80,talissondsf,0.9291419021498618
81,SIMUNOZV,0.7689346117069945
82,Travelito24,0.9121968333770829
83,toniroviraytu,0.5329442313972415
84,FotografoGus1,0.37010531586123996
85,juanrallo,0.1832882398796516
86,Ian_Fraser,0.5594073533439126
87,shahidsiddiqui,0.6704291267294304
88,WJXTvic,0.4639218924638323
89,katsuyatakasu,0.1289722963044153
90,ARYNewsApp,0.06320508294868887
91,Vinay_Dwivedii,0.12675469065145628
92,PrensaComunitar,0.12798483546455752
93,IndiaCoastGuard,0.42319197843359635
94,ssn_ar,0.39341550612085363
95,VOAChinese,0.20643912400684128
96,lasextaclave,0.40720598539320474
97,facts4444,0.436875801885644
98,TheInfoNG,0.3860771641286149
99,sikka_harinder,0.43090625448025677
100,JayasreeVijayan,0.1803643512553479
101,bbbii1010,0.9703133981236042
102,indiatvnews,0.32616623162632985
103,VirusesImmunity,0.8928866467619024
104,lorearraiz,0.3747043274001717
105,Asifyarrkhan,0.20972136156208177
106,ZBCNewsonline,0.7186107826914214
107,ginagroot,0.9879961859357314
108,RameshK73296223,0.31805690028759437
109,HaddadSeuLindo,0.4473594822066356
110,thecableng,0.5782015733293666
111,sadieweiner,0.6406424296435941
112,TheQuint,0.6427012018664662
113,TheUMAofficial,0.0049864081692742035
114,InnovativeHindu,0.2625145077975095
115,felipe_sola,0.12227000413209577
116,gilcutrim,0.09799710311608079
117,paedrazip,0.11184036303338951
118,DhirajG82325757,0.8482231855585324
119,InfirmierOff,0.5605532595084307
120,rohitksingh,0.6769160769827781
121,necoodi3,0.3973220108116625
122,shiv_shaktii,0.9657808156262088
123,joaquinroblesza,0.579581857018359
124,euancx,0.45175450945591866
125,corentinbechade,0.44696323239816194
126,UPPViralCheck,0.9469379131366887
127,sinae_oficial,0.5497475112965393
128,SpokespersonGoK,0.5072356865369537
129,SaludPublicaEs,0.2704494957409732
130,IsraeliPM,0.09872813847083439
131,generalitat,0.463347675751987
132,EmergenciasSev,0.6577107282394269
133,CarapungoComite,0.6788495819847158
134,alferdez,0.6350727545510375
135,abonin_DNA,0.8107342686797404
136,NTN24,0.07644533340625437
137,AmerMedicalAssn,0.41018972828174305
138,nachoayalab,0.6901289174738116
139,takaoka,0.13077684208009788
140,universidaduptc,0.8569905724466641
141,ScrippsHealth,0.2327092971746162
142,durgajasraj,0.589043736952186
143,FAKE_Investiga,0.7995747893270155
144,IIAP_CO,0.3527945053171161
145,DrTedros,0.5225809792148829
146,RevistaSemana,0.7615134659689337
147,SubRedNorte,0.8807922130472828
148,HLGatell,0.8502980492460703
149,ChiefNGB,0.4062265738728399
150,mvankerkhove,0.49220965994715093
151,conycamelo,0.3282280974157148
152,AayoBado,0.2864564787940119
153,BhaiyaPatil,0.1608751067912394
154,ashokepandit,0.3760398046215664
155,prithvrj,0.976436210207265
156,Ahmadinejad1956,0.17622071746530787
157,andymstone,0.26331027703934085
158,SaludBAP,0.11349217468679396
159,TeteVigna,0.0995580859618993
160,Almajlliss,0.2511836843788613
161,OPSOMS_Col,0.25233364620731513
162,PIBFactCheck,0.17387256033378062
163,WhiteHouse45,0.9676037467992923
164,SirPareshRawal,0.026935213884545783
165,bhadauriajai786,0.2694912864375245
166,Public_Citizen,0.3369513172680426
167,SadiqShirazi,0.8215664400230747
168,i24NEWS_FR,0.23818042276350349
169,franceinfo,0.11181872299103657
170,tedgioia,0.24999266449716473
171,DF_Engineers,0.3703296851408129
172,jenniferatntd,0.02339599700493189
173,CT_Bergstrom,0.1925270619197641
174,thelunchtray,0.27446064139872783
175,AsianetNewsHN,0.005682896903055901
176,marinomillan,0.7006599669360527
177,MayorOfLA,0.6361484963254557
178,furquansid,0.38830352671269364
179,Awhadspeaks,0.06859356262851712
180,jotrres,0.1863680278755614
181,sudhirkraj,0.9237804432260468
182,PDChina,0.7377610960639949
183,goal,0.02379914896504709
184,News_Ejazah,0.20174589745157356
185,sanchezcastejon,0.6566450230550095
186,VMBJP,0.07441904455249027
187,AmiesOutTheBox,0.5506976536084561
188,taran_adarsh,0.0006180436484327645
189,gmanews,0.49383753181772627
190,developingpak,0.04259193811656481
191,FMoHealth,0.6085967005403503
192,CgscUfp,0.5180108007778389
193,ABSCBNNews,0.5155794998128693
194,maiamajumder,0.011084214564641148
195,murtazasolangi,0.20480700702532506
196,akashyphd,0.9864180318931297
197,IFT_MX,0.07249555249945594
198,demorgang,0.1660254524349528
199,FaisalJavedKhan,0.375115910367136
200,BASoundTherapy,0.3715422815675056
201,Nangpagirl78,0.892427398961072
202,ChiodiDonatella,0.155613889355402
203,WJospheen,0.009929805216116305
204,Quicktake,0.47950595532945717
205,almanbae_news,0.8931377156206316
206,Jay_Apoorva18,0.7048141564095155
207,raj2jas,0.4648721396047829
208,GobAragon,0.5351377988281282
209,aziznur1989,0.1940797190248451
210,CaiVirtual,0.21953499608749094
211,theboyjai,0.7936194830683317
212,FicoGutierrez,0.019140266167658515
213,airindiain,0.0004135746320163003
214,baybarsorsek,0.9738983434534363
215,jimmykimmel,0.06351511416999367
216,SoniaSierra02,0.9148591588502406
217,Barabankipolice,0.09001265414603465
218,sr_stephanie,0.41428947524433135
219,DrHarjitBhatti,0.05355888191432945
220,microBIOblog,0.711441922350394
221,XyedFHussain,0.01704440023351106
222,bhushan_gyan,0.40341830722148053
223,OlaRollen,0.46094101548834354
224,Tori_Sachs,0.09552049888099257
225,DoctorLFC,0.38576525306496723
226,JorgeIvanOspina,0.8341060573086486
227,BillGates,0.4638006466939367
228,shhhhitsdundee1,0.3616436109349538
229,Ticketmaster,0.21196435563822513
230,GovLarryHogan,0.9093093284221032
231,statsepi,0.5617484529827454
232,shashan29150961,0.7330178191132767
233,Kanko_Jpn,0.6882517336192847
234,myUNICEF,0.8620669923963737
235,HaddadDebochado,0.06366330230335493
236,KamalaShukla2,0.20276916851266125
237,J_Rodrigues_Off,0.790324515769888
238,MANOJMEENARAJ,0.0057759838618982595
239,tomasuribeEco,0.9036175990538604
240,SaludRosario,0.7707845168187539
241,albyjohnV,0.1026601533860827
242,LaPieQuiRale,0.6650645528101975
243,ambedkarnagrpol,0.2439336756530377
244,a_meluzzi,0.25034931055469645
245,ASlavitt,0.21892662686796127
246,varunmehra09,0.03419967823260017
247,MinSaludCol,0.6393242106100826
248,samaritans,0.1187631655732484
249,leeyamitrade,0.14154129216967182
250,PentagonPresSec,0.817036129549894
251,naftalibennett,0.2685916157865057
252,bartvalletta,0.060624377795154505
253,GotabayaR,0.7627312896275803
254,GhPoliceService,0.9860447535562984
255,tprincedelamour,0.9385742350692046
256,iolandaialongo,0.6284305608458224
257,HardeepSPuri,0.4787191984558563
258,MindefArg,0.26712679209927026
259,blsanthosh,0.5676035300602792
260,DrHVoffice,0.4107944786117357
261,DeKUTkenya,0.49331800037260853
262,AzamJamil53,0.1571045668031531
263,hermanntertsch,0.6150626306672314
264,mazzamazzarello,0.3062907197844944
265,PinolElOriginal,0.6947393827406336
266,AmbMunu,0.26118041413991544
267,MukteshPardeshi,0.004805219537640459
268,PastorMalafaia,0.9960251927064998
269,elmundoes,0.18370015531291128
270,CumbriaRoadsPol,0.2744260734119016
271,SakshiPost,0.7545162665235218
272,officialuarh,0.708317581802067
273,almotuit,0.16661564861247613
274,kohyu1952,0.31032853639077296
275,SoufOff,0.9362479797593783
276,t_d_h_nair,0.07101944438476926
277,tourismgoi,0.6025151533480921
278,Chjulian,0.6453185188658328
279,A_ZaibKhan,0.04070687298450071
280,JoeBiden,0.9327022139657932
281,KimKardashian,0.9498126232800559
282,celal2023,0.18329300014938066
283,rapplerdotcom,0.0515918366225433
284,kyawlin18,0.24053464599115582
285,NationBreaking,0.38193325937317346
286,ronzheimer,0.10474284917450905
287,ParveenKaswan,0.5842750585521088
288,aatmnirbharin,0.7692885140434135
289,mspls_bdi,0.6149670160315426
290,aetiology,0.1835072128637043
291,PoliciadeBurgos,0.20247472421157242
292,lia_tadesse,0.5796124086415244
293,AmirReport,0.08990788576669662
294,JoiDukesTV,0.5608050676443681
295,rn_farid,0.19508506132162762
296,albargawy,0.3647169357574612
297,ajaykum61068972,0.02691126663136556
298,SheriffClarke,0.24588771697630374
299,Dhiyasri1231,0.6340341863309746
300,MayorDanGelber,0.55608313502268
301,rojatv,0.5064632955577195
302,edwardcholmes,0.8315648495403182
303,hkfp,0.8489266286133047
304,petrogustavo,0.3694851752747763
305,AmbChineCmr,0.762332316685584
306,AjayLalluINC,0.2989947418662747
307,ZhangZhulin,0.3476943110030968
308,Alvisepf,0.7163425627580656
309,therealdaddymo1,0.9095215599705503
310,vincentFUUU,0.5125859393256517
311,francebleuazur,0.1276437462387615
312,ramkadam,0.2189030289781183
313,osiseguridad,0.7581551864403465
314,WNBRLondon,0.6775226225975659
315,SudarshanNewsTV,0.8843312262332463
316,EricTopol,0.2530106000195341
317,Rios_Nacif,0.3540124956655075
318,PBNS_India,0.3301329291434416
319,alainhoupert,0.08954194641727098
320,salutcat,0.023771044452450818
321,abdallah_lamana,0.04858536980342021
322,jodicel,0.6597061439078657
323,aljomaes2010,0.6378734460371016
324,drdavidsamadi,0.691121848767226
325,ThierryHR,0.33346188111030384
326,RachakondaCop,0.15703599989399109
327,drsimonegold,0.8288607825193341
328,BBMPCOMM,0.18583028340728358
329,ThonburiH,0.16311772947867764
330,ppaytozaragoza,0.39874640130935934
331,PressSec45,0.8784435261353976
332,Muhamma20827944,0.8091765842385396
333,MailOnline,0.723689805391563
334,garryshimla5,0.6376208474790862
335,EdisonLanza,0.9312176548853012
336,MadMG61,0.17574274109429977
337,DeccanHerald,0.4941023503866243
338,manoj_naandi,0.3363588648183393
339,clginer,0.7715744132271821
340,jesdbc,0.33400915574869805
341,BJP4Delhi,0.10963501502983153
342,ChouhanShivraj,0.9749802636048591
343,JPYlTqpLzb65rdX,0.6183420240586132
344,askomartin,0.979198926329595
345,RodrigoMaia,0.4699525558793576
346,BBCFergusWalsh,0.23499458178145605
347,KamalaHarris,0.35134672086102114
348,tijarawala,0.657860394464853
349,compolmlr,0.06238221040798886
350,DistritoCatorce,0.026334781974733934
351,Bhumichaudhar18,0.2832279100474224
352,RepBobbyRush,0.7351076728897373
353,g_gendron,0.4482271330169805
354,MartePiantini,0.5579130354885766
355,drkhaled_2003,0.7354135904265813
356,ChrisMurphyCT,0.09582777126892528
357,AdityaRajKaul,0.5439240259783811
358,Expresoec,0.2505441567064425
359,colCERT,0.29158873011665964
360,SimonTartarotti,0.9983308982104508
361,KulfasM,0.5438817663772523
362,BorisJohnson,0.7721611810964751
363,elisacarrio,0.8897217884681393
364,satpalbhawar12,0.0882918000996945
365,peterfalktoft,0.6560673553425382
366,mzwandileMasina,0.037708286318504425
367,shiroku08932300,0.02249528490745034
368,ConflictsW,0.3155180982743869
369,acinnacional,0.3205700211742887
370,sachin_inc,0.45042020507916414
371,Lokeshpaila,0.8861849907758484
372,XHNews,0.4920266546373623
373,HanifUl70697022,0.6294408975130924
374,marklewismd,0.2717785275148574
375,balfederico,0.8429887788077868
376,PolizeiUFR,0.9334501725725644
377,MDHAKA0,0.3090998424958721
378,LCP,0.4724918445172138
379,citizentvkenya,0.4095399259739563
380,r_doble,0.5325085699432243
381,RyPllPIchQEmrP1,0.8653390946586353
382,CharlottePetriG,0.44381236583048844
383,SquireForYou,0.8131183504475884
384,RajGovOfficial,0.5573450090523134
385,AakashS09565941,0.8680755346999183
386,charliekirk11,0.8850338673120639
387,rocksatish448,0.7187065694039378
388,realBertBlocken,0.9844692920547524
389,sunandadesh,0.3817721271617024
390,iamsagarkapasi,0.038832897601309924
391,rupasubramanya,0.5917229980047741
392,SukhdevDhand,0.9051572658032795
393,Byron_Wan,0.3008545523460092
394,CMOTamilnadu,0.11509744523442977
395,TuperfilNet,0.35231948908566446
396,igobyMdot,0.31884373473596184
397,CcoHse,0.33856753725146604
398,followlasg,0.987659499805437
399,diprassam,0.9478991629904696
400,deivisramirez,0.08944350941806867
401,_Chinioty,0.8080902682823633
402,PEMammen,0.9065925133943439
403,Tuko_co_ke,0.8949445434095538
404,omarfayad,0.06842616966450954
405,Aj6ix9ine,0.12853259238016235
406,alcaldiabquilla,0.30824396542498445
407,KaushikKumarMi3,0.8566288375471093
408,Blaise_21,0.9404555794121139
409,CarlosFGalan,0.8989168893693352
410,mythoey,0.1585379174948186
411,alelitooo,0.8082351086405214
412,lahoragt,0.630854742302436
413,UNinIndia,0.8944513570089782
414,ParisianGirlAmy,0.8361857463870547
415,jonsnowC4,0.576616633599429
416,murtazawahab1,0.8699278584607698
417,HCentralSC,0.9178439922825755
418,TheView,0.5605599694690055
419,Official_UPD,0.10959401067414509
420,aaikolairport,0.6522329593015477
421,walmarthelp,0.43783812585060533
422,anderso24344556,0.09199481522962671
423,mschenk,0.9296196282170425
424,PankajPuniaINC,0.5722983819786033
425,NewsX,0.08649359724495476
426,Marinellys,0.6359531810528966
427,faisalbandeshah,0.7595953804280965
428,PoliciaBogota,0.46005374219266437
429,yangzhanqing,0.8190228804011772
430,evoespueblo,0.5451785172263404
431,RituRathaur,0.32467794395566996
432,rammadhav_rss,0.9263397179624437
433,europapress,0.09175752662766767
434,LouDeFrogg,0.6693028126976771
435,LakshanaShet,0.8027873794851882
436,sanjukta,0.4771888405714084
437,Gagan4344,0.7081000487726619
438,Drew_Hammill,0.3811133543127251
439,NotifyNYC,0.9456394471023117
440,DMishra19438119,0.06729016168173518
441,hidalgohealth,0.5754626940682581
442,sbauerAP,0.36843061633424
443,TaschnerNatalia,0.7643985355653046
444,m_ebrard,0.8426952640743988
445,MdNasruddinNas3,0.40060409655983265
446,PMDNewsGov,0.3097183367461046
447,ELTIEMPO,0.48383517065221215
448,revistamongolia,0.6729420392535723
449,integracionbta,0.27636423947410804
450,politicturk,0.6591134359882012
451,parscale,0.5103135820254631
452,SLBurstein,0.47904823473121716
453,walter_garcia_,0.09474885429381386
454,MartinLerga,0.8968884343864669
455,CMILANOTICIA,0.6994308202726766
456,CruzRojaLP,0.4453207292674862
457,lucasmorin_eolc,0.8639993803214099
458,JeremyPaoloni,0.5195511577848339
459,CopernicusECMWF,0.04274917856652405
460,daandina,0.9829717985148054
461,pr_moph,0.9052334332634471
462,bhadohipolice,0.9748582530775004
463,livealth,0.6301751344232724
464,SoporeNews1,0.6230430144882164
465,MedicosUnidosVe,0.47252855040465114
466,leticiaspiller,0.9496224413218763
467,KiranSu11082143,0.29271296589056206
468,AbediniElham,0.11935689982810649
469,I30mki,0.9479091001804083
470,unisevilla,0.3097262557233177
471,carmenpolledo,0.18274497931502987
472,gobertolima,0.9750736017833752
473,transparenciaco,0.5924239000963648
474,mohebrahim85,0.10443078895089908
475,dpfunke,0.8774963139100878
476,SAHealth,0.07716681902338762
477,Andrew_Petter,0.12529771702513437
478,FabBallarini,0.7944938244709858
479,LesBuralistes,0.7771549079711042
480,HLNinEngeland,0.34022475593448953
481,calicomovamos,0.5274979731130163
482,KemenkesRI,0.09782616154928447
483,ThumarChirag,0.5342916411342732
484,GerardoCuba1986,0.7924611979584899
485,TomBossert,0.45087581749189687
486,UNICEFHaiti,0.37168660036733303
487,elmermontana,0.02788265203516238
488,CentroMdicoPon1,0.43080118618064833
489,rosiescammell,0.5337450095249013
490,jaarreaza,0.3629805893772422
491,PfizerMx,0.24600136212568946
492,Bilalsyed7eng,0.8386700896324545
493,GovernmentRF,0.9772264688388551
494,kenolin1,0.9657988813138485
495,SureshChavhanke,0.6817214061598643
496,rohanrgupta,0.8685266133921834
497,binodkumar999,0.8602784527185493
498,VoiceOfAxom,0.16326251227980482
499,MikeFamiyesin,0.2911173721564335
500,JainalA72734836,0.088960930524702
501,nataliexdean,0.4430895361074879
502,meti_NIPPON,0.4350496305650696
503,AurelioSuarez,0.7660704949517978
504,mattmfm,0.15519038051851697
505,InseeFr,0.2793058152648532
506,boticariagarcia,0.6862562781945
507,MinSaludSantaFe,0.6620548022073699
508,AAI_Official,0.5547820201743057
509,LadlaBoy11,0.19468083780317058
510,brijeshkalappa,0.5446676149696575
511,drfahrettinkoca,0.22573012733993192
512,DrPeckPNP,0.2612749032705658
513,OMS_Afrique,0.022694474138347243
514,defenceforces,0.9568495599533602
515,GiuseppeConteIT,0.957689623007378
516,raoult_didier,0.9314793908164273
517,luanavolnovich,0.6148931267330017
518,msaludpy,0.9015905727570486
519,DineshDSouza,0.35915925192015696
520,KofodPeter,0.25849643590562943
521,jose_simao,0.8371791581326733
522,XpressBengaluru,0.5141405403344773
523,DiazCanelB,0.5820557888403772
524,ElPitazoTV,0.993722937152614
525,doctorrichabjp,0.3666499074498766
526,rehman_burki,0.8085947846634879
527,drharshvardhan,0.23652610558386244
528,Cristiano,0.9579675817390708
529,ummymwalimu,0.028290671119996835
530,bbcpersian,0.5187625985298163
531,cherrymontaguth,0.12762624614333562
532,Mahajyoti4,0.48993222131194436
533,thiraskrithan,0.9399187016164167
534,SetuAarogya,0.4632985075759918
535,UsamaQureshy,0.191756806960507
536,CHU_Lille,0.3680296836317468
537,timothy_gumm,0.427397775039041
538,THEHermanCain,0.34567463696368916
539,CalforNC,0.6028157081776809
540,larry_levitt,0.09924326774065917
541,elsemblante,0.25968130940300727
542,sajidhassanpti,0.4655113395863316
543,_subhechhu_,0.7155415904093481
544,theklaneh,0.05708127521020545
545,FinMinIndia,0.7118561569947263
546,daddy_yankee,0.9360302659550501
547,opsargentina,0.7918061106969576
548,curlykrazy07,0.17181204283342832
549,GregHuntMP,0.6424490065425839
550,FLermyte,0.12993999039266235
551,BBCJamesCook,0.6590346641430872
552,AntoineLeGENTIL,0.5526503424205139
553,williamsdavila,0.7727874382740404
554,ignaciopereira,0.40781617754335076
555,GaetanBurgio,0.6645295428654763
556,boosmaster4,0.36452792928606115
557,Himansh91694280,0.735188109641177
558,Chequeado,0.8366251755386126
559,giorgio_gori,0.8437027717320453
560,Vijayabaskarofl,0.10723782379953051
561,ShireenQudosi,0.1017280488786082
562,Nidhi,0.683003990209066
563,nagma_morarji,0.4737812644334043
564,Kenyajudiciary,0.02774848803047214
565,PUCE_Ecuador,0.6325960673343246
566,CHU_Montpellier,0.7670610339211354
567,Attila70260000,0.949179465579783
568,soapachu,0.8989935620671765
569,CBNoficial,0.7801635695154241
570,AnaghaAcharya,0.8787936272208918
571,gaelhurlimann,0.207719244989101
572,Ortega_Smith,0.9426691363866039
573,VOSTeuskadi,0.321139412165771
574,Luis_R_Oficial,0.23414452758258641
575,hasslananas,0.13322191083604729
576,repubblica,0.6308825958117371
577,SCRailwayIndia,0.9211297627801901
578,KulikovUNIATF,0.27951896609762905
579,ksbanews,0.6446837566774722
580,Mike_Pence,0.048663616899408124
581,NigeriaNewsdesk,0.175507642141439
582,Nerditupnation,0.5589547122252718
583,sultan_bharat,0.8013022006963544
584,AlikoDangote,0.4395832742406175
585,NicolasMaduro,0.6466118681952563
586,tibdewalpooja,0.38888793526276433
587,prioritiesUSA,0.6210472770392181
588,Adrilastra,0.5480956804306684
589,NoticiasCaracol,0.17974309910615327
590,ChiefPentSpox45,0.9525120354707798
591,matteosalvinimi,0.9749844259242417
592,Sarpa_Bharatiya,0.33799181886167495
593,bjplao,0.2986884916393391
594,GabyLevinas,0.8294317814370956
595,NOIweala,0.14598639625967802
596,inclusiongob,0.5460093307880846
597,pmaese,0.10245142156169473
598,AndaluciaJunta,0.5139384904795575
599,allfama,0.9381697918327979
600,worqas,0.6959100508264615
601,AyaNakamuraa,0.8537262842660828
602,spectator,0.0365655852728195
603,Ncpwds,0.8062025057341325
604,SE_Rajoelina,0.770225396506193
605,PriyankaPulla,0.5943815951501931
606,shahwaizAliKha4,0.14551481625744
607,PoliciaLocalSFH,0.652029097055786
608,JorgeOvalleB,0.010082757253118357
609,salimmattarBR,0.45865646692394024
610,MurtazaViews,0.5366532258252454
611,EdselSalvana,0.7794075345338639
612,wernerwelge1,0.9873200882277031
613,BashirAhmaad,0.46700734454972026
614,EgorPutilov,0.26094438719205326
615,ChadBown,0.850167968360491
616,mazenmousa7,0.04465357602764575
617,DavidPuente,0.031054028617997886
618,cbic_india,0.43840731257325893
619,mariawirth1,0.5717945351438409
620,i3leem,0.33297341193018737
621,TecdeMonterrey,0.5865127226877329
622,MLMANDOWARA,0.1200422041560123
623,sandeep_anaberu,0.5330794283942324
624,TSEUP,0.890537999890281
625,praveenm_mishra,0.838267495390947
626,Salud_Ec,0.602973863477247
627,OpenInnoTR,0.33852279554466747
628,DkTarif,0.5399275976447743
629,FioreMolinelli,0.2507272385360684
630,NBTDilli,0.7434427956497898
631,nucholibre,0.4119512699447033
632,MinEconomia,0.8846735334976988
633,BFMTV,0.4804959464377674
634,watan_alnhhar,0.8133926698356625
635,JeanHugon3,0.1280820982433366
636,SirHenryKau,0.26006500483471684
637,UZBrussel,0.6028969719601084
638,syedkhaleedd,0.5064015454363904
639,mgdowney,0.9102155715728448
640,DJXandyBrown,0.41935772345852285
641,CetmTransporte,0.17956799334806173
642,CfcmOfficiel,0.8135135678340045
643,JournalElysee,0.7932945409620578
644,Gob_eus,0.4955406181095289
645,mansukhmandviya,0.46821757162860045
646,mybmc,0.2507867331354059
647,JansamparkMP,0.4278346360456351
648,VohraManpreet,0.4495710120068296
649,GovMurphy,0.13094814434962043
650,UB_Magazine,0.5786042559188261
651,Rahul448890,0.34456316867476267
652,AsyamSevim,0.11976975945592538
653,IndiainSwiss,0.948322271723221
654,mohsinmalvi19,0.44904257807428605
655,BernardJomier,0.43775439804721816
656,brajeshlive,0.36538195433256226
657,NewDay,0.993078946536202
658,unicefphils,0.9451291567920946
659,Swamy39,0.21931143550308596
660,igorbobic,0.027923647606691637
661,_ReviveYourself,0.37469573164540804
662,bainjal,0.7567345203105936
663,lucadb,0.2969567726265562
664,diaspora_turk,0.20231725596655736
665,savukku,0.40589731598674483
666,sid_sssay,0.7644665162606802
667,mab_sp125,0.5720327177534823
668,simonshen_glos,0.7922386573033144
669,lilach_v,0.01650641775504469
670,spitta1969,0.4918908370513081
671,zaragoza_es,0.3998811224705904
672,johnrobertsFox,0.5986146138054056
673,sambitswaraj,0.42594318512539164
674,_DeepakSharma_,0.9514925877454583
675,KiritSomaiya,0.11447094330127938
676,clairesjam,0.6785839684369493
677,ainee_2010,0.6547172284517668
678,porcipolitici,0.8729823567807197
679,USEmbCuba,0.6081990749238024
680,Jacuzzi_Yakuza,0.6886663818636638
681,angjelinaahmeti,0.553742524034813
682,am_sundstrom,0.5031626474803055
683,yingyi8798,0.34783171236266774
684,conspiration,0.8369221549900465
685,CharlieFlanagan,0.4028351830791389
686,LaRazonCo,0.21038483632772265
687,hasmukh__patel_,0.43603426403732104
688,suresh_kumr,0.7441449792414949
689,eledoster,0.4368511080041708
690,KamilKaramali,0.10220439950288662
691,etribune,0.014265547091556918
692,rahant1981,0.15939895714143593
693,JioCare,0.6802481175316847
694,Patelchaman,0.40327264039244826
695,rquiroga777,0.08813712957950515
696,yerko_nunez,0.047058092626604986
697,Osornator,0.5692879217113637
698,HummaSaif,0.1715546306985798
699,SreyashiDey,0.6126080732697096
700,_MiguelHernan,0.14884486697774202
701,vanranstmarc,0.2555108719961834
702,jpogue1,0.1510592356193663
703,EMCALIoficial,0.13310577934354095
704,OjodeThot,0.8111660527241878
705,grinaldi97,0.6298871260525469
706,me_think_free,0.9118120897896708
707,DrSanjibG,0.8634204789815714
708,prefet59,0.014569308588538776
709,ManojTiwariOffc,0.7354020888190739
710,DrTanweerHassan,0.2681987798048603
711,sharjahmedia,0.14726125541751423
712,SrBachchan,0.8746246035394987
713,BolsonaroSP,0.8289677751856791
714,TrumpWarRoom,0.490729531657112
715,RepWilson,0.35429512707568356
716,dilmabr,0.6518981302210478
717,sunriseon7,0.4822881971125629
718,markynhwz,0.6182112910451996
719,ladygross,0.3263702726550548
720,etman09,0.1456944837116676
721,RiganoESQ,0.29517136569029645
722,opsoms,0.5215935946995279
723,ALOKdelhi6,0.5401776299978626
724,RealCandaceO,0.7669557320741394
725,Marindriguez,0.7270622357856685
726,cameronks,0.45619814382518475
727,redditindia,0.4990201992034621
728,KunwarManvendrC,0.6626225666091525
729,GovUmarGanduje,0.08298293389908495
730,mugecevik,0.6171333376681103
731,KeatonPatti,0.9445858646174837
732,angel_munarriz,0.6902991421821829
733,elsan,0.7979489497473967
734,samirasawlani,0.9353013505064519
735,ashishkjha,0.20414778450476767
736,sanghaviharsh,0.21664272929674
737,Albert_Rivera,0.4733451747280343
738,populares,0.05924040760240867
739,elmonosanchezof,0.7948968484557186
740,cleporati,0.5447704187269539
741,jenheemstra,0.6430326978672362
742,djev13,0.3296444029008141
743,fjredondocalvo1,0.9496112511769812
744,profshanecrotty,0.6169826607106402
745,BharatBiotech,0.46036212397508436
746,DoctorAmitPatel,0.8724997158877256
747,reaerosadesigns,0.445302812004572
748,WorldPopProject,0.8664974931877002
749,juniorbachchan,0.32576254261593185
750,DrGiammattei,0.26328620104805467
751,Chopsyturvey,0.5710784432358355
752,CityofJoburgZA,0.5092986049731644
753,baba__________,0.07030354255518556
754,ZoranRuvidic,0.7297854811977902
755,jamarannews,0.9465092860569628
756,nistula,0.24308789709953338
757,Marcoslimamd,0.8948968587406665
758,DanielUrresti1,0.4029774768389628
759,RajeshK_Bharja,0.9447821469101129
760,Hoo_Carez,0.8370490427027029
761,Hayley_Barlow,0.946415086674614
762,RFA_Chinese,0.20086467473018765
763,postobonoficial,0.6275776370871944
764,survivaltribes,0.3025373360283815
765,VasNarasimhan,0.5743317830962688
766,m0721804,0.9625143398053206
767,puliyannur,0.8759584363782402
768,rtp_bolivia,0.974342161957977
769,richardneher,0.8666437794493226
770,Nanavati_H,0.875843308947814
771,KhanMehrunnissa,0.19844810407847424
772,BBCAfrica,0.10877285522259461
773,WANationalGuard,0.043186213988445354
774,SamanthaLive365,0.7793408476026621
775,NYRangers,0.6765630098172698
776,RonnieKarlKani,0.08406397243950314
777,WHOSEARO,0.24779342770669
778,MiguelUribeT,0.2885969029549994
779,Olawoyin4u,0.7950525582289969
780,DrafelixSANDRA,0.3954216636090856
781,invimacolombia,0.48651664904472547
782,DJADXNAIJA_BOSS,0.6886478560575167
783,ishaan_ANI,0.6140806333419666
784,sandeepmjains,0.6643288233683429
785,TeichNelson,0.08426047790412172
786,vevenkateshwar,0.6030096825995489
787,AdamJKucharski,0.7760816425664274
788,MGChandra10,0.6345503807849503
789,bipancho,0.10192772562440944
790,EmmanuelMacron,0.6593975522569595
791,otavio_ranzani,0.6117281218829649
792,EspLegion,0.9161884487481292
793,MohamedBinZayed,0.5448527900993001
794,PresRajapaksa,0.22716462942962212
795,sachin_rt,0.18053083826943273
796,KAMIcomphnews,0.36108748945902347
797,panchorgl,0.18791864352071064
798,ALFREDOSAADEV,0.3099873040119606
799,saomargarciavi,0.7234050736760496
800,lateefbabla,0.7919307310637073
801,ivssoficial,0.195767641497278
802,WBPolice,0.7797145902968974
803,channelstv,0.6359900957493964
804,wizara_afyatz,0.7332387114442571
805,harbhajan_singh,0.47127139518414185
806,moooooooous,0.2439187727320733
807,CHUdeToulouse,0.7824052191280493
808,SatoMasahisa,0.8760075641050106
809,moayush,0.49116171000105313
810,LondonBreed,0.47912101677967045
811,CNSEinfo,0.9333584372972498
812,ravivallabha,0.2389320007738448
813,olivierveran,0.8130538916581389
814,Sharafa10041128,0.8986210936680906
815,sheikhalaa,0.10713988267117491
816,Cuatrecasas,0.20926148073912432
817,millardayo,0.7468229405907978
818,quatremer,0.4021904286775839
819,GiveBloodNHS,0.15318858880849007
820,PIB_India,0.0894665240000887
821,TitosVodka,0.2656807316351043
822,robertjeffress,0.36743426504011434
823,IAmSudhirMishra,0.32790648700123415
824,mulhouse,0.926787139419719
825,CNNnews18,0.18442283703806217
826,officialmcafee,0.8610881843812391
827,TelanganaCMO,0.13113700482398272
828,HouplainPh,0.5777035109676435
829,CruzRoja_MX,0.9012916252432102
830,MaxCRoser,0.10875829509551149
831,PresidencyZA,0.8022426268544721
832,SaludISCIII,0.816923350488233
833,JuanManzurOK,0.19772540290803353
834,WanmingYang,0.9914942370090323
835,RNTata2000,0.45632333371737255
836,EPExtremadura,0.0035452701534011144
837,rajasolanky5193,0.31273611259428435
838,HCI_London,0.6746819863538445
839,WHNSC45,0.9548227627313857
840,DelhiPolice,0.5768463679551573
841,repvos,0.981096210896426
842,danimugicagmai1,0.9558764743678914
843,SpokespersonMoD,0.7875688874819109
844,CStoreNews_,0.9834060882767148
845,Sante_Gouv,0.4034421325405778
846,ErikSolheim,0.3924385694972896
847,shahid_siddiqui,0.11149155479718675
848,Rodrigozscali,0.49137695506652
849,iamashu123,0.3118807842205069
850,nyamadon,0.5327661193656807
851,GregorioRCh,0.4210564666839186
852,katta_news,0.9084683891040861
853,m_marchante,0.9108109982449332
854,AsgeriEU,0.418381823092548
855,PolizeiBerlin_E,0.8463047363140508
856,devinwenig,0.9622806754366757
857,NSWHealth,0.5594105267259997
858,vTxpqRVTUijcIq4,0.2972602796585996
859,Mediavenir,0.43959705461846443
860,polo49122,0.8337835923109338
861,SKonermann,0.2610263206751581
862,FlavioDino,0.4264742485913594
863,Che_guevara_in_,0.782270571844279
864,marthaperaltae,0.04244604988168099
865,morgan_freeman,0.8865692398458029
866,leandrocahn,0.8001319238129866
867,WHO,0.5899096327157439
868,BallouxFrancois,0.28102248628167303
869,CesarPachonAgro,0.12762588259082075
870,RepGregMurphy,0.6803279929377697
871,edutrugeda,0.7416958101273992
872,McDonaldsUK,0.12205644933033233
873,Eulucasalbert,0.8254580912268076
874,2divca_2candiv,0.03619476450519499
875,CarlosVerareal,0.47565134060093683
876,adgpi,0.17368763441596724
877,BlackSabbath,0.5560437087172329
878,IFEMA,0.0028120886260978306
879,nhk_news,0.2065789142318707
880,IvanCepedaCast,0.9977984878950179
881,EPHIEthiopia,0.9752710034456592
882,cedric_o,0.1778291018780941
883,marroccoshove,0.080213398309259
884,nycHealthy,0.8874608570256489
885,sanchitsngla,0.07621110617678684
886,PopCrave,0.3467706516935434
887,Armstrongthevdj,0.8834793802034787
888,nkreplak,0.7705802690409702
889,biancoresearch,0.4132737987271272
890,AEWonTNT,0.8935399020251671
891,DrHAKEM,0.3870645758161756
892,VijayVst0502,0.5425863518861763
893,BBMPAdmn,0.8173822883201893
894,GidMK,0.5351885757950414
895,susantananda3,0.5775640699535236
896,fakaligitanas,0.7279416777687163
897,KagutaMuseveni,0.6282812156818343
898,CindyOtis_,0.1590724075473442
899,rkagarwal69,0.02605313295294287
900,josel_6027,0.9230831653511385
901,horacioazzolin,0.723971924104274
902,edxardo8,0.5853448944156207
903,deliberative247,0.43032352067346136
904,JoshuaPotash,0.018089657397727388
905,planeacionbog,0.8122257903338266
906,DailyMirror,0.8709545683616129
907,FDAenEspanol,0.06339144445300471
908,PreetiSMenon,0.49836724564304524
909,MahaCyber1,0.27303249734085067
910,facts444,0.7994884010309742
911,JFernandeznino,0.556549918645301
912,Winston_Dunhill,0.524605729936299
913,JuEndrino,0.3862500986110894
914,Rakulpreet,0.9544953338839156
915,AllisonPearson,0.83437444750359
916,girirajsinghbjp,0.8403373393468561
917,Wabbasi007,0.6262947749528739
918,HARIOMSONILUCK1,0.29024040140970764
919,Noti90Minutos,0.9520871857845393
920,KeishaBottoms,0.14794358509796757
921,sicsuper,0.2515254827517648
922,MSAalamOfficial,0.6519513832439715
923,CerveauxNon,0.07905140309018366
924,PMEthiopia,0.30727904958991614
925,Valenv36763489,0.8659398721542577
926,foundation_ma,0.18060470397590067
927,ChinaEmbEsp,0.3447357647786381
928,AlexZan87,0.380876567235372
929,SINGH_SACHIN_KR,0.43649581497511647
930,milktea_media,0.36051164944792014
931,DrSenait,0.06703095358395106
932,TelmarioMotaRR,0.8837623797164785
933,dmbareilly,0.9722434790014551
934,VipinSharmaINC,0.9116173037605709
935,ARS_OC,0.23678015513726502
936,VOSTcvalenciana,0.09302424143580967
937,gauravtiwarirau,0.25515320071199443
938,RailMinIndia,0.9405542394542273
939,assampolice,0.48942275490894926
940,C4FINDIA,0.5445990494259196
941,amitalokbihar,0.032742483591150506
942,meetikapadia,0.9460326874145275
943,VishalAryavart,0.18302967286202654
944,malditobulo,0.8214614351607005
945,SindhHealthDpt,0.7201291685399048
946,JeanineAnez,0.8600323203317795
947,VladZinen,0.36388970287676803
948,CFKArgentina,0.8099457194531284
949,OfficeofSSC,0.9378555993622942
950,CH_Argenteuil,0.7123198057204452
951,attyharryroque,0.5986192260370576
952,TigerBrands,0.8671396414662809
953,CNBCJulianna,0.3711659992106744
954,Amoljam,0.22081296436612352
955,fredysliendo,0.9732166539159206
956,JustinTrudeau,0.7406161627819384
957,XoxoLeigh1,0.3216065877611297
958,feresjaime,0.014698121558439414
959,Ahsan37491404,0.8389012458905132
960,Pappu_Pagger,0.13637666228600553
961,TedLandK5,0.3909478927358745
962,virendra_G_,0.02796806108030725
963,Minsa_Peru,0.4433403453589355
964,AfpFactual,0.09358845175157826
965,SaadiaAfzaal,0.3635328879701544
966,AmitShah,0.08413375837111292
967,VAMOSAVERorg,0.607025019047711
968,governosp,0.22889330029775878
969,AjmerpoliceR,0.7861521894463089
970,jaavedjaaferi,0.6986923802128695
971,moswaa,0.9254523305467914
972,MinPres,0.7000539328178638
973,kharaguchi,0.14621555287925914
974,NMIMR_UG,0.7576694221340913
975,NiteshNRane,0.4976264557523181
976,PodemosCanarias,0.744160076110258
977,IndEmbMexico,0.8681229968282127
978,JHSPH_CHS,0.21391700485477505
979,FaheemYounus,0.8937253204426174
980,STIBMIVB,0.9933998523569475
981,dependent_the,0.936471478063041
982,MortiiRosario,0.24158298825049473
983,BDUTT,0.9337291690819366
984,MohammadAhmedDh,0.7285695987411464
985,GiancarloDeRisi,0.4989638279781
986,plutokingsize,0.12697107130191698
987,bs_health,0.7046285386994546
988,MackayIM,0.01696292064333338
989,CDCgov,0.87803844722406
990,btcpd,0.29860722201646583
991,madhukishwar,0.5168009776945633
992,libertaddigital,0.38788582199614285
993,TODAYshow,0.6897427680816058
994,KyDeptofEd,0.12248971483640159
995,Ministerio_TIC,0.6378516803846741
996,SolomonYue,0.9107513616331199
997,JotaHacheBe,0.23596100261810837
998,PIBHindi,0.1688448964490905
999,elpollocabreado,0.6163528955364412
1000,AFP,0.2989177632154135
1001,MoHFW_INDIA,0.2330298029033866
1002,pcorrea78,0.6030327068036547
1003,MEEvirtual,0.08999521180418946
1004,TenenteSantini,0.8147312424155314
1005,Finanzas_Times,0.3291816982656498
1006,EmbajadorSuecia,0.04599071241592689
1007,EmbaCubaPeru,0.07266652440168364
1008,Loveforinc,0.9899442104622793
1009,alphajohnalpha1,0.6502847483941983
1010,AjeetKu33368018,0.1487097707563556
1011,NYCMayor,0.01149106069849637
1012,faulkner12380,0.8785668195290878
1013,Kingslord25,0.7914122924364677
1014,shadow13406225,0.38592419763786645
1015,SidhantMamtany,0.5980513187467943
1016,nurjones,0.7077204476016103
1017,nagaonpolice,0.7199478386461182
1018,KemiOlunloyo,0.44250040313189476
1019,PremiosFeroz,0.23535237016589483
1020,EmilioMorenatti,0.13142910358705817
1021,RobinHo0D_,0.024626066372423594
1022,GrupoMemora,0.055381446208100704
1023,telemadrid,0.8515536512808349
1024,DannyLawPhoto,0.4520401904438205
1025,HafizJa04188954,0.44567564391995107
1026,MsigwaGerson,0.932153059947188
1027,aditya_xing,0.7869176628967582
1028,unicefchief,0.3991644271844097
1029,AranchaGlezLaya,0.07113032772515593
1030,docramiro,0.6439920700246992
1031,MinHacienda,0.8077114311488335
1032,nytimes,0.9290009112067262
1033,TomTiffanyWI,0.3727617917405124
1034,karinabbeltran,0.5538083999001331
1035,COVIDNewsByMIB,0.07563457232688464
1036,MaziCBK,0.3894293813254833
1037,Central_Railway,0.7621046677435449
1038,wilkergv,0.5389151199125093
1039,SimOnTheWay,0.1633007019245598
1040,RituMod,0.10422612370837403
1041,harish151981,0.2440619054016384
1042,AF_indian,0.840209411253606
1043,navarrowolff,0.4960308030990348
1044,raatokaraja,0.8409244591130122
1045,FlorBallarino,0.5726725492682939
1046,UtahDPS,0.4233348910786059
1047,jciesz,0.07718449458671528
1048,alshoushah,0.6313606874056409
1049,PerdigueroSIPEp,0.458333407972369
1050,PaulaLavigne,0.16359820056303365
1051,dw_espanol,0.8228829284308649
1052,SudhaRamenIFS,0.5388280760296918
1053,TravelGov,0.1989148447516782
1054,PIBChandigarh,0.6501628704392353
1055,KellyannePolls,0.9402628437579404
1056,MundialesSin,0.08632264918122845
1057,MominUrban,0.08529390449496521
1058,amitranjan,0.4444837003295069
1059,SachinYadavRJD,0.3448611544526222
1060,s_assbague,0.8394667290868411
1061,policiacibercol,0.3412830924035739
1062,TiwariKahin,0.6630205295856035
1063,CNBC,0.585557861680737
1064,LaTourEiffel,0.6275539703407486
1065,Foro_TV,0.8429220313194674
1066,PypAyurved,0.5274488806585055
1067,EgyptDarAlIfta,0.25889543938388326
1068,azazgpj,0.06190114991972806
1069,PIBAhmedabad,0.8033366784150634
1070,elonmusk,0.855700362769055
1071,GujHFWDept,0.27168308034973476
1072,StevenJMiles,0.6432111728896852
1073,MariaFdaCabal,0.9069877369145882
1074,pseudo_sapiens,0.6089277914606751
1075,bcn_ajuntament,0.7855171123011457
1076,EmbajadaEspGTA,0.11559505572580397
1077,RishabhS3011,0.6296321504814121
1078,martintetaz,0.476031836555014
1079,MayorofLondon,0.07506886145179104
1080,PIBMumbai,0.31067004191401004
1081,AEMPSGOB,0.8466711446748867
1082,sgrhindia,0.01294253091872477
1083,CorpoSalutMS,0.06265895992968029
1084,sneheshphilip,0.8324587798077336
1085,carlavizzotti,0.9378631509692917
1086,DependentNot,0.6956905658320157
1087,DCPEastDelhi,0.980486732127712
1088,equipejd,0.6703539317611504
1089,TelanganaCOPs,0.7883393778985497
1090,Ach_Balkrishna,0.02776104221490583
1091,guidoayalatic,0.892117739368789
1092,HomeAffairsSA,0.7506128919685996
1093,WHOAFRO,0.20568189061665265
1094,CyrilRamaphosa,0.10846190303692771
1095,sjbsrilanka,0.055592224502119425
1096,Ryk75013,0.2091298088589244
1097,Daalopeza,0.6230855070841349
1098,Javier__CB,0.9161942478028348
1099,leoperiodista,0.5646547749712612
1100,warispathan,0.8799447631066782
1101,lyguerb,0.8491686602174268
1102,juliocastrom,0.3478887496293521
1103,3meed_news,0.5923389589582224
1104,infocov_stats,0.9906181955055544
1105,amstellario,0.5552059041864412
1106,TheKanikakapoor,0.9330316457422736
1107,fabiangcastillo,0.013010344752270364
1108,LabasOfficiel,0.2245224299609868
1109,RailaOdinga,0.7852201800640825
1110,NicoleB_MD,0.8515012132828478
1111,srinivasiyc,0.1877430895994483
1112,danholler,0.6466797737523879
1113,ManojTiwariMP,0.3963047936049363
1114,JrmCortier,0.13992513747458635
1115,business,0.669245664575396
1116,jmblanquer,0.662996064077307
1117,lopezobrador_,0.5898848992787182
1118,pdubdev,0.4300866067958534
1119,SantiCafiero,0.1763296528800048
1120,Nightline,0.4814994012960534
1121,mnkybrd,0.8165470434202912
1122,Bunnigirl2323,0.1497140211438348
1123,ofiscalpuj,0.7023187195255115
1124,RahulGandhi,0.7604341296979661
1125,HniaziISF,0.09773880189534045
1126,mathewmantony,0.13236439845264636
1127,NIH,0.5913473663904106
1128,aikinsfresh,0.5488255050288601
1129,CruzRojaAlava,0.5698725211593614
1130,WHOKenya,0.6838734484813068
1131,SkyNews,0.761885323106395
1132,vaitor,0.032635737723579195
1133,CRTV_web,0.7351949589816303
1134,agirgupta,0.15995348175393953
1135,OsmarTerra,0.5201599331092027
1136,Lenin,0.9120878603619362
1137,PrefPelotas,0.11468781359275027
1138,vfeltri,0.6016091769384473
1139,djmartylove,0.9012351718577913
1140,Madonna,0.49880952909021237
1141,ishafoundation,0.3937620543611068
1142,boomlive_in,0.49610306267498905
1143,porquetendencia,0.8237597281422727
1144,alanalviis,0.6212820506440936
1145,Salud_JCYL,0.0864191018480337
1146,10DowningStreet,0.5557831288019071
1147,apoorva_nyc,0.24499520431245736
1148,GMA,0.7535618894056415
1149,zhiwei1221,0.8661974961661769
1150,GuillaumeUERDC,0.40909351664813365
1151,IncomeTaxIndia,0.7051459840590354
1152,freestockholm,0.9147135943407825
1153,SenSanders,0.468428785919189
1154,EasternRailway,0.815654518486696
1155,JTAtv5monde,0.3106038227479683
1156,GibraltarGov,0.7471222730441784
1157,Entekhab_News,0.7070790877690107
1158,shamlipolice,0.10268481604317714
1159,realwbonner,0.0038070053285408356
1160,UNESPA,0.34900933000938605
1161,CONATELHN,0.16834506672674376
1162,JohnsHopkins,0.9635387624975724
1163,Taihoku1895,0.6419615801685489
1164,JuanLuisCasCo,0.7748351738317746
1165,helderbarbalho,0.8928542631850939
1166,epsilonov71,0.7505915471404301
1167,MichaelGongora,0.2577102045496986
1168,BjpBiplab,0.038017525239994465
1169,sandravogelaar,0.29460861834860896
1170,favelanhofc,0.9270144616060243
1171,StevenSalzberg1,0.1513254487397423
1172,alfonslopeztena,0.26560147201264517
1173,Maheen83086711,0.9049129636624221
1174,IcahnMountSinai,0.7997405250590629
1175,WHOSriLanka,0.037451874056651624
1176,DanPatrick,0.32744128582471177
1177,Niall_Boylan,0.8103662401848988
1178,kundakavelkar,0.31666966107790684
1179,ceau_grouh,0.2613963117950251
1180,ColegioMedicoCo,0.24988547003702244
1181,chriskeene,0.3822930655873026
1182,jill_lly,0.7640229507625395
1183,JacksonMthembu_,0.8360775465187379
1184,ErANAnsari,0.9752359480239094
1185,yessancris,0.5003267234134368
1186,GujaratHeadline,0.5124750382984488
1187,paololuers,0.03754798356607003
1188,BantuHolomisa,0.07932468622916555
1189,TimesNow,0.24744755830114407
1190,FiT7xK1I7SnGiB2,0.9644426943727576
1191,chintskap,0.49100436426983096
1192,sales_authentic,0.6314269355568899
1193,SwissMedicalG,0.33476876226938246
1194,FiscaliaCol,0.8350623878130733
1195,TandonRaveena,0.7708527267773797
1196,MDSwenson,0.6376013642512649
1197,DenisMukwege,0.955648850340366
1198,JenniferPedraz,0.8415075827171249
1199,ThePuneMirror,0.2397327840660205
1200,fahrettinaltun,0.8624165468800719
1201,mreparaguay,0.8270480450066728
1202,AfricaRepublic,0.12549619445675764
1203,SecBurwell,0.3506682523548108
1204,airnewsalerts,0.37686144225307605
1205,pablosecchi,0.7788180518819886
1206,OtisBDriftwoo18,0.9912105470408935
1207,lasvocesdelpue,9.529623559501044e-05
1208,Dmounir6,0.9297082552121289
1209,BartSomers,0.9539659973277361
1210,juansmithalvar1,0.9933842631927534
1211,ID2020,0.5732328156468399
1212,guatemala_dgac,0.4568595774170946
1213,RenukaJain6,0.8754760853844735
1214,caijinglengyan,0.3003276234183734
1215,SOSMediasBDI,0.6680548657814445
1216,philipbryan,0.8271757767011646
1217,TZMsemajiMkuu,0.9245890843237743
1218,Ngoziojukwu4,0.9694336510757919
1219,JIHAD_DOGS,0.8193631893486836
1220,shreyT96,0.017999612615064886
1221,rgillavedra,0.4567405513262154
1222,CGEnfermeria,0.7718814583004746
1223,moigovgh,0.8898056874815308
1224,RobertKennedyJr,0.8841687328924942
1225,desdelamoncloa,0.56082995058462
1226,AfoakwaOsikani,0.848359367913929
1227,MinisteredelaS1,0.8152681481484526
1228,horaciorlarreta,0.8997635814946504
1229,drodriven2,0.07337940279898458
1230,NYGovCuomo,0.3396329370751182
1231,AlbertoRodNews,0.7157909732521688
1232,AndrewALover,0.074056702386741
1233,PradeepNetha4,0.557216005132949
1234,Firdous19492759,0.5105704458603687
1235,RajShar41438261,0.19061772141811073
1236,LupusOrg,0.6565508339631988
1237,MannySinder,0.49192587923965647
1238,yawerajaz4,0.3368987485161933
1239,ImKruttika,0.3283574551889151
1240,Goldstatetimes,0.5772007982574354
1241,RonaldKlain,0.5943494181022978
1242,WilDbadGe,0.115537521063099
1243,alefrota77,0.706185149928205
1244,annafifield,0.9868955194877712
1245,LBC,0.7299360561229167
1246,CNN,0.8034135884511631
1247,pksingh49811,0.2901470444575628
1248,GovtofPunjabPK,0.6086954007305309
1249,FammyJamy,0.8491563167086796
1250,corinnelepage,0.7702470767064014
1251,NewsInt_,0.21727866707314947
1252,Tu_IMSS,0.7194422422429843
1253,JulienPernici,0.05271878856698242
1254,mataonline,0.13766378632404497
1255,cyngarciaradio,0.483930148423109
1256,AndyK555,0.32816301548745275
1257,pfizer,0.9361313626237131
1258,Collor,0.7700999916627113
1259,IndraniRay,0.016236704036697747
1260,sheela2010,0.4656004561778634
1261,AzharJeddah2003,0.21480037579179634
1262,RahulKu25258904,0.552539924682897
1263,ComunidadMadrid,0.043708428674324784
1264,marthadelgado,0.20042641893356294
1265,VOSTextremadura,0.6328166268612039
1266,RudyGiuliani,0.05290232778853332
1267,brijeshchaodhry,0.5414394642824522
1268,tobonsanin,0.9539322523337046
1269,krnkrnxxx,0.25368011313929395
1270,treballcat,0.43418006286142596
1271,780AM,0.7217107329959669
1272,CDC17GA,0.06079685142197444
1273,KKMPutrajaya,0.09333763451328858
1274,DrEricBall,0.8155930400013065
1275,ITVTANZANIA,0.3733664063547777
1276,auronplay,0.6058522147934089
1277,drivera_gt,0.6398723016094331
1278,hospimilAragua,0.6132975570105069
1279,nouralain117,0.6567121049641216
1280,Nation_is1st,0.3181236311898582
1281,KarenLongaric,0.9590519033657069
1282,quovadisweblog,0.517142308371648
1283,cabildokankuamo,0.7664952116471624
1284,nocontextglobe,0.7847131700685507
1285,NCDCgov,0.7440049966261859
1286,tindingtin,0.970252895859161
1287,ClaMoralesM,0.8187524654090468
1288,ParaMicroBio,0.6987844915534168
1289,VaibhavGehlot80,0.6024504043503776
1290,ndtv,0.22591586336593938
1291,ajayrajmuthalia,0.45910706472635354
1292,TGowdySC,0.2131343860876107
1293,MrAndyNgo,0.07164327618744526
1294,ipetrella,0.38219934105057063
1295,AlmeidaPP_,0.04726299042507032
1296,CarlosOAlbornoz,0.6088761532087154
1297,just1doctorwala,0.6707030701921944
1298,JorgeGalindo,0.462145667380792
1299,EmeraldRobinson,0.8569617246562344
1300,RichardHKwon,0.8796881810070286
1301,BlrCityPolice,0.1734722723169304
1302,pakistanmonitor,0.7033543833100449
1303,kumaralok554,0.05770341928015277
1304,ravibdwivedi_ST,0.19781697275954646
1305,InfosWangu,0.8724039284921977
1306,juanmanuelgalan,0.26458248596908296
1307,wilfredocasaso2,0.11429573547571625
1308,DaniGagoPhoto,0.9418440860882802
1309,shantanug_,0.8242437494005905
1310,OttoHuang120,0.2680172591273239
1311,7NewsBrisbane,0.5965668242904665
1312,puchero344,0.48956241289984326
1313,SSalud_mx,0.9519656303503949
1314,D_Roopa_IPS,0.3431571417009224
1315,bbc5live,0.2920752964701583
1316,THChennai,0.953013289004535
1317,SindhCMHouse,0.20332261613591351
1318,VOX_Congreso,0.44792383209121023
1319,iSandeepBisht,0.7569885583811167
1320,ChinaEmbSL,0.6586588288896167
1321,vonderleyen,0.1916080348496806
1322,UNICEFKenya,0.3194026969122654
1323,Shubham29853785,0.4116616516187295
1324,ThaungTun20,0.46271746165718275
1325,mitmagob,0.16583497026124894
1326,todonoticias,0.3003860372963253
1327,DgCanarias,0.3160709971229384
1328,WHO_Europe,0.8451784634106844
1329,ivaniz66,0.6466441910274799
1330,EduX2021,0.17312451971905674
1331,NigEducation,0.6614959111755768
1332,InsideGones,0.5055462937033623
1333,alitheindian,0.7375605562529767
1334,WHOIndonesia,0.5010435737826738
1335,ians_india,0.7835030591498667
1336,MonaFahad13,0.22659434164862435
1337,charol51050,0.2819714580138859
1338,goswami_anjani,0.8810387397274559
1339,hkpoliceforce,0.7451742148628282
1340,MarkusWolfRomeo,0.6757738305125671
1341,isabelleory,0.9564872569107038
1342,mhassim_,0.9333858895484949
1343,SizweLo,0.6241428029665219
1344,cestrosi,0.8642386625704674
1345,ttrichechus,0.9401715630542032
1346,ashokbasoya,0.5944575588070644
1347,IrexitFreedom,0.0930957776018515
1348,centre_IRIDIA,0.366279056194344
1349,tomvangrieken,0.017279172284271227
1350,BJP4India,0.4162508292506272
1351,radioitatiaia,0.796545061789207
1352,groveers,0.01202221710758955
1353,MonicaAparicioA,0.3647219578770987
1354,SpokespersonCHN,0.7437668548363524
1355,fukushima_fun1,0.7053351453497083
1356,LinksfraktionHH,0.13383930324487903
1357,tonyoof,0.5305783792824043
1358,bonnie379,0.848783562379361
1359,mala13slp,0.8526156273548842
1360,RajatSharmaLive,0.15177662269265002
1361,lnwsrilanka,0.38679347262957153
1362,Pooja_Tripathii,0.5569976205922914
1363,MadihaAbidAli,0.3734356761966716
1364,Ultramaniatics_,0.4874955432901733
1365,Akki9807,0.698501485561946
1366,BarackObama,0.41982730183605166
1367,Adela_Micha,0.6746205881333373
1368,MidisPeru,0.8758266759801241
1369,ghayasU59473086,0.017396167818197528
1370,mix_helios,0.3801434897435555
1371,Osandrobarboza,0.9452195111885664
1372,AmericoDeGrazia,0.8086918250971448
1373,PordenoneBudoia,0.9946553670731243
1374,iDPKCHOUDHARY,0.05600388631535469
1375,PMESP,0.5933020683670767
1376,GuillermoHita,0.9959005215996418
1377,Uppolice,0.2247210416377785
1378,Bidar_yuva,0.24512201885443008
1379,BrutIndia,0.24543798666255
1380,LassoGuillermo,0.9215799193605001
1381,ClaudiaLopez,0.4956320134701814
1382,MAECgob,0.42471556907088837
1383,NewIndianXpress,0.36009890458248084
1384,ANINewsUP,0.702398831461521
1385,thefirstindia,0.774419200205048
1386,NickHintonn,0.8098289243950869
1387,DennyJLee,0.43097997198169724
1388,uaegov,0.49097796042270814
1389,RameshKateja,0.9670636474038922
1390,uber_kenya,0.5719704782894433
1391,iamnarendranath,0.11414937328349117
1392,pastorlocke,0.8797837587610777
1393,saltam0nte,0.745839880008355
1394,filicaetano,0.0855295304755539
1395,iRupND,0.43590849325132197
1396,anoopsoni1974,0.1448237724816791
1397,GovWhitmer,0.7255355662128536
1398,NITDANigeria,0.026387074314234593
1399,MOH_Kenya,0.32123545909215934
1400,anmol_chawda,0.5217533607304367
1401,SBInfectologia,0.08115265124219428
1402,JuanVergaralr,0.1456391830125412
1403,SomosGEN,0.3165356817466707
1404,Nabaviyyahvoice,0.22317169228357792
1405,atiku,0.6973367658985161
1406,KevinH_PhD,0.6003903107936108
1407,itskJayaprakash,0.6246353362294058
1408,GuilhermeBoulos,0.3508097228275847
1409,Vivek_Pandey3,0.9185249962213653
1410,carlesenric,0.5011969448962833
1411,policia,0.4206714277155108
1412,RoyalFamily,0.8236896459377061
1413,PIB_Guwahati,0.6300560526589609
1414,_DanielSinclair,0.9808817543989818
1415,bbcworldservice,0.06111537885778995
1416,FMHDSD,0.42381168890616994
1417,AnneCronin5,0.9147627295159771
1418,kirstiealley,0.873161535467121
1419,topeLiberal,0.0025678147000137708
1420,PortTarragona,0.5283596170014052
1421,La_SER,0.4119927312700342
1422,santo_tango,0.7402240068032152
1423,RUMAANSHAIKH,0.42392117265658946
1424,Jimina_Sabadu,0.36482935965072616
1425,daVinci1412,0.6629234710583222
1426,ewnupdates,0.5892838019873976
1427,iam_manojgoenka,0.5099754314010035
1428,PeveAndrea,0.7505987456838226
1429,Tk0606khumz,0.14630149872920395
1430,GFiuza_Oficial,0.4848977940219471
1431,ronakdgajjar,0.04679085439006392
1432,VictoriaPolice,0.33347724472247875
1433,MumbaiPolice,0.7651216173816975
1434,EstherIjewere,0.781833516570657
1435,Asoreuma,0.47152387945832785
1436,veitera,0.9264988830561681
1437,joicehasselmann,0.6063953809766736
1438,ashu2aug,0.9672134162325111
1439,sarahelago,0.4552326526317587
1440,trvrb,0.2680734150447147
1441,NASAEarth,0.4823981561522933
1442,govern,0.7390355065482654
1443,maha_governor,0.4754942714410464
1444,anadebande,0.41043968135059583
1445,drvupt,0.044448101587016065
1446,GuajeSalvaje,0.9828484757796809
1447,vicsurvivaliste,0.8015568552609162
1448,Anand942444,0.8453986890872546
1449,Pajaropolitico,0.6729676216053896
1450,PDHgt,0.8821983817552957
1451,AC360,0.5194395211599427
1452,infopresidencia,0.40468149899280714
1453,MattHancock,0.40635108644168894
1454,DCI_Kenya,0.30975191421354964
1455,JuanVilloro56,0.14496163731560874
1456,RonWyden,0.3894944033805551
1457,Emilys4F,0.620447942467481
1458,aytocalahorra,0.7327232271577332
1459,vinclem,0.8270534804298868
1460,Enfamil,0.07855248585327435
1461,CMOMaharashtra,0.311324735850285
1462,idriselba,0.07170933581497241
1463,jmdu91290,0.4533250855079759
1464,MetroUKNews,0.24977514033166004
1465,digmirzapur,0.5871102475526299
1466,somostelam,0.23319086326390692
1467,navjivanindia,0.7827275405671831
1468,JohnBerman,0.3986678688278448
1469,IngrahamAngle,0.8889547175765785
1470,Gerard1945X,0.4836546401018861
1471,DavidColtart,0.45434413123944617
1472,socialistes_cat,0.869133592864412
1473,UNICEF_Portugal,0.38510067014671334
1474,zhapisheva,0.4208948709086058
1475,abuasimazmi,0.9064509709712998
1476,GloCorMon,0.7463718774296206
1477,MBuhari,0.17972982925220382
1478,EmbaixadaChina,0.39099955292091637
1479,ClaraLuzRoldan,0.1058842493160802
1480,BNPB_Indonesia,0.328748529266096
1481,gen_heleno,0.731479654540345
1482,WorldBankKenya,0.8946179764365533
1483,DPRChhattisgarh,0.2506113012804331
1484,NBVCCalifornia,0.169991127121233
1485,mnj256,0.7742439200913278
1486,cvelazquezCCV,0.4202444361279387
1487,napostoloska,0.0038444900857818043
1488,TheStarKenya,0.7551162668459792
1489,Farmaenfurecida,0.41968773402590387
1490,HussamAlhaj4,0.8461474047999021
1491,logg_,0.5933091547338738
1492,AshaAmbedkar,0.6793378714657615
1493,AINOSvp,0.5531098741928182
1494,RebeccaKadagaUG,0.34110374315615466
1495,AbogadosAdriano,0.4013600521777243
1496,anisans65620510,0.27190751015674275
1497,MOEducation,0.6947837664210132
1498,anishadixit,0.2919802919599196
1499,anateresabernal,0.5111033385215515
1500,VTVcanal8,0.9739416356645874
1501,Merck,0.287022507189735
1502,JackMotleyLive,0.7956353683482591
1503,bshibamt,0.8216175739559312
1504,NeerajJhaJagga,0.9486533029150251
1505,BigBuuly,0.13580948334588505
1506,Sandeep04CBS,0.49536167453406754
1507,IndEmbDoha,0.7814981115546856
1508,sumonakash11,0.6553622130029289
1509,Inserm,0.0005529678898043011
1510,Guineematin,0.6270788704482899
1511,BBCIndonesia,0.8004202159152871
1512,franceintheus,0.6303495150613696
1513,uadlup,0.6450225583061974
1514,sharma_madhvi,0.040872232106078155
1515,kiterider55,0.3146557501591115
1516,MatiasRajnerman,0.5890626834760039
1517,Arunprabuoffl,0.1452233599489724
1518,DuncanPeggMP,0.4079874168442795
1519,DrKKAggarwal,0.46365180063172573
1520,troll_Memes09,0.1352715304041895
1521,EmbacubaChina,0.2874030889371125
1522,RadioStydoba,0.6828618774783143
1523,tcsnoticias,0.10840824807916882
1524,snaeem68,0.8821249867881058
1525,ALICIAERAZO,0.7489595562414636
1526,LeoVaradkar,0.8543957841388485
1527,QuinteroCalle,0.8102013754994395
1528,PIBHomeAffairs,0.4738293242386359
1529,TheODMparty,0.7589907232455486
1530,SaludAntioquia,0.6845872207472233
1531,benten441,0.7528716089573768
1532,Nopanaden,0.46437398573578725
1533,amaliaandrade_,0.5878114810091936
1534,iJasOberoi,0.5344130915750056
1535,wordwisdoms,0.8425958201081117
1536,DocFaustine,0.8082152830637122
1537,PresidenciaCuba,0.5708859490688961
1538,MOFAkr_eng,0.8956790617604078
1539,zfrmrza,0.749371261722681
1540,Zoya_nafidi,0.463585776006629
1541,WilliamYang120,0.40477304814568915
1542,espersendf,0.27349217093387346
1543,FemAdesina,0.6880430094013822
1544,themodi_in,0.3403529221958922
1545,FactCheckTamil,0.7921385676667722
1546,MLMelo,0.5985782832446933
1547,pablodeolavide,0.041756136301217994
1548,meer_irma,0.5964716319358724
1549,ashokgehlot51,0.8763933445941698
1550,rahulstreetmagi,0.6381511792351566
1551,SaludMadrid,0.6266752003577956
1552,Mintrabajolr,0.9268092329944567
1553,francebleuparis,0.8721389692042726
1554,ONUMX,0.8413551302294618
1555,SP_Porbandar,0.04220528684311764
1556,BGOnTheScene,0.5028775504936839
1557,TOIPlus,0.8421352861230289
1558,chotubana007,0.07059605509483668
1559,BahiaGringa,0.624797684601445
1560,amirkingkhan,0.30151784211750354
1561,DiseaseEcology,0.36578062320011584
1562,shwetsuman1991,0.44369353113499765
1563,DEOSAFARI7,0.18783480395265673
1564,lhmandetta,0.6838126942708397
1565,narendramodi,0.9052175493655736
1566,INCIndia,0.9095215283481177
1567,WHO_Tanzania,0.25098792729557684
1568,AmbChineBurundi,0.15545516052205355
1569,Zatanik0,0.925753291996832
1570,iNabmahmoud,0.929323677596369
1571,News5PH,0.6585889799262473
1572,CMOKerala,0.7117172207055056
1573,ayodhya_police,0.7793158551374294
1574,valkloples,0.702968139402684
1575,amandaasubiar,0.022865387795977243
1576,Stanford,0.3960775344278782
1577,RailwaySeva,0.7805075745085499
1578,ECUADORCHEQUEA,0.9778749607708271
1579,krishanKTRS,0.8691181793111403
1580,DrZweliMkhize,0.562349878566752
1581,Surgeon_General,0.711682055946163
1582,javiermayorca,0.9559750872434255
1583,thisisjignesh,0.6487396888995917
1584,guardiacivil,0.012926081407551027
1585,RamsDreezy,0.21072977060295417
1586,GiorgiaMeloni,0.8283605608271278
1587,apcvalladolid,0.7408437847073167
1588,PauMatalap,0.9817444734963938
1589,EPhilippe_LH,0.01564375784752381
1590,DubaiPoliceHQ,0.5419038552934183
1591,danielPMERJ,0.23568298633121054
1592,BillyBoysDaddy,0.8642766048693893
1593,UNICEFCambodia,0.9618925044805872
1594,SyedRahatNaqvi,0.09887349590885564
1595,Kansanasahabji,0.051029000740178354
1596,NYSComptroller,0.5930043004790212
1597,DovMD,0.2392767603085284
1598,Equity_Diva,0.3395432077415047
1599,kapildrparmar,0.2870305518370062
1600,NoticiasRPTV,0.48688195862404593
1601,MiyerTorresA,0.3536339950249089
1602,atrupar,0.5671948284127665
1603,Sophie_Wilmes,0.6769915681111538
1604,Thyrocare,0.13687379850507775
1605,AnilKum82236281,0.3849681835589609
1606,NekomuraTsukiyo,0.06909823882222854
1607,ENACOMArgentina,0.3089750976121216
1608,NarayanaHealth,0.661401676868404
1609,Dilsedesh,0.752869806184192
1610,revrrlewis,0.2972302376585838
1611,AJEnglish,0.9357301250423316
1612,UN_Pasifika,0.0701281590505789
1613,ChhatrabhujPaul,0.18593535194851862
1614,Charlot26505608,0.06199220164546293
1615,GDTGuardiaCivil,0.6186721843346288
1616,Freddy_AFC,0.2839542882476571
1617,klaralonso,0.7754168793461147
1618,minshengguancha,0.12208870379855763
1619,DeshGujarat,0.9973723312077448
1620,honghong975,0.4386030719789207
1621,andrew_croxford,0.6298707734810585
1622,InstitucionalTV,0.2770719318870851
1623,anshpatrkaar,0.6052083748829008
1624,JuanMa_Moreno,0.18070432170667516
1625,anandmahindra,0.27740940470562425
1626,DannyLS74,0.9341231000631098
1627,TheLancet,0.722856571918161
1628,SERCLM,0.4754598431004372
1629,healthgovau,0.5365290646884328
1630,camacoes_maroc,0.5727577766806022
1631,houndcl,0.28462830037544495
1632,umashankarsingh,0.6951504926471381
1633,FenalcoNacional,0.34927975989684446
1634,NARENDER1970,0.15844606537102435
1635,AlexLopezMaya,0.4895709629716749
1636,NoticiasRCN,0.771241762443097
1637,Mayi21298822,0.49472665309892916
1638,Maxiferraro,0.47894154049783944
1639,ArthurWeint,0.15187001498453467
1640,navedelmisterio,0.6990995329319392
1641,Esha_Deol,0.5731336150819542
1642,DIRCO_ZA,0.5025197634949652
1643,INPS_it,0.9318136985361865
1644,RegBerlin,0.6375051611109697
1645,yanwang10508606,0.10701962932241194
1646,hellosrinath,0.3075562431710176
1647,davidmackau,0.9087170159097427
1648,MelGohCNA,0.7348950419380063
1649,claire39055079,0.914183892703993
1650,MangalaLK,0.44626268216187537
1651,CoronaConsultas,0.5604953952785142
1652,tancredipalmeri,0.0036369376159439692
1653,notaxiwarrior,0.7294069445715398
1654,factnameh,0.8700938301878608
1655,MuhammadLila,0.9733412296783789
1656,karhashofficial,0.3406422254958623
1657,DETLEFSENPatri1,0.9875319200244373
1658,RepAndyBiggsAZ,0.14084285260866503
1659,DanyalGilani,0.8132020938280666
1660,SAHPRA1,0.689809448482018
1661,CaserioCarlos,0.8741290486157086
1662,nhsuhcw,0.6279247928013635
1663,CPMumbaiPolice,0.6099806276559667
1664,ChristoPhraser,0.23650218026498904
1665,advabhishekbjp,0.5004711916904367
1666,Channel4News,0.11726166321643006
1667,Paris,0.8581923677268802
1668,SPA_Officiel,0.47899043976856104
1669,AHS_media,0.35666595231135556
1670,flysaa,0.12844685005037781
1671,Indiagri,0.40880089121967667
1672,DrYasminAHaque,0.3557201762262895
1673,BancoCentral_AR,0.13711072881594133
1674,doctormacias,0.32626674098133535
1675,almostshar202,0.5032903479025261
1676,ingridcarlqvist,0.5220802330651986
1677,RanchiPIB,0.20075424897322025
1678,trspartyonline,0.52642723611271
1679,gretchenwhitmer,0.6311808586706054
1680,plomoparejo,0.5347636593258491
1681,sohitmishra99,0.8095384975281273
1682,belduque,0.08534413479702574
1683,brithume,0.1281851458412656
1684,AnnastaciaMP,0.7629189293625853
1685,LisandratlSUR1,0.7733771137207939
1686,557_hamd,0.7867736817583902
1687,NinjaAhswarrior,0.1412088836933334
1688,Decathlon,0.4847336213380987
1689,gelecekegitimde,0.7777032727819386
1690,takeuchikumiffy,0.47160697359509407
1691,thattai,0.6547865006064074
1692,Cosecha_del_62,0.8203138737915486
1693,UNDPGhana,0.636784088195146
1694,ispch,0.3816029654611063
1695,demindblower,0.09426143077382965
1696,DANE_Colombia,0.29620946948356186
1697,letsgomathias,0.5546461918936252
1698,Macky_Sall,0.9174754352591643
1699,EduardoLeite_,0.48368946923992584
1700,pbhushan1,0.8044647101180193
1701,Satynistha,0.09577362634094588
1702,OoasWaho,0.01687531033562939
1703,Eon_servo,0.5020898300315364
1704,guido_lorenzo,0.9011991822746563
1705,NightingaleLDN,0.8677544917358777
1706,TheoGelves,0.92861273561059
1707,SAI_org,0.39167851694589806
1708,antoniocostapm,0.7768967209795382
1709,NishaPurushoth2,0.8930055846357698
1710,politico,0.17141841886268216
1711,JLMT65,0.911959861438162
1712,JPeterBurger,0.994361744049001
1713,mfaisalpatel,0.6422122970897708
1714,itsbeargrillz,0.20861082654055463
1715,popularesVLC,0.030302940951649093
1716,cog_ink,0.9165249789694344
1717,ryouansensei,0.5283371444363888
1718,thebeeinghuman,0.13928077398142014
1719,footmercato,0.5505826927619355
1720,fssaiindia,0.8419555221373728
1721,SenStroebel,0.8247774280384923
1722,PureMichGirl,0.9060091450385434
1723,emma_a_jimenez,0.7657363612036466
1724,_minecogob,0.9593324527861167
1725,shehanmlive,0.8200235229178292
1726,KNH_hospital,0.07519386700231245
1727,PIBJaipur,0.4388671678765743
1728,A3Noticias,0.3218101362674508
1729,LouisHenwood,0.6008890151747412
1730,FerIglesias,0.2068533472696017
1731,americai,0.3617291231703661
1732,kmario,0.7759340412781429
1733,thantmyintu,0.3578398281213584
1734,INSN_oficial,0.9584607209162669
1735,MITIMalaysia,0.5004494259700526
1736,DonaldJTrumpJr,0.9133111896922284
1737,NIOSH,0.2658884288747285
1738,SaludDeportesBo,0.6462201955492869
1739,mohol_murlidhar,0.8828434429638672
1740,DPolGBerlin,0.4276962136608511
1741,AgnesRunacher,0.5524617410241541
1742,marijana_petir,0.6596760761622221
1743,DSP3105,0.033352619678445494
1744,YusufDFI,0.6886672527512204
1745,TOHRU_HIRANO,0.015132325435371796
1746,dogarrett,0.8857516382016851
1747,emile_marzolf,0.5107680148540478
1748,GBMUTHA1,0.5941829018509025
1749,AaltDijkhuizen,0.9297244114798312
1750,INCSCDept,0.6271999515837317
1751,koertdebeuf,0.21562145336018979
1752,MEAIndia,0.22407906652121412
1753,_nazirulmuuubin,0.13650260199914066
1754,eNCA,0.417549529850606
1755,ndrew_lawrence,0.07105261196110901
1756,JackMa,0.4055974415231831
1757,OSTERElizabeth1,0.46014109466339537
1758,DrMattMcCarthy,0.6601857170463294
1759,beingarun28,0.01553127018403666
1760,GlennKesslerWP,0.3318426824470587
1761,mjluxmoore,0.910737414409927
1762,deepolice12,0.6696976093961633
1763,jcalvo100,0.7460415610519601
1764,HernanSalazarS,0.9849468844398205
1765,Estadao,0.46610877436991405
1766,IMFNews,0.26241081323733473
1767,SeemaCMS,0.7387424473798734
1768,ddale8,0.4582791945653041
1769,COOOTV,0.13979686927925816
1770,trishgreenhalgh,0.5223465640499566
1771,GVAeducacio,0.46702725395195543
1772,caetanoveloso,0.7543346759762518
1773,WHOPhilippines,0.2921313353136801
1774,ItalianAirForce,0.7260880980429871
1775,TomTugendhat,0.8491577417794233
1776,gobjccm,0.3751111422351294
1777,Peeyush18798258,0.9981697652529186
1778,hydcitypolice,0.6215469841339238
1779,manisha__gupta,0.7937206142089659
1780,pppjain,0.06752169000485819
1781,SheDecidesPH,0.6914929921471555
1782,SwiggyCares,0.719381144232525
1783,drauziovarella,0.11934768108251603
1784,interiorgob,0.12293192401244601
1785,CitizenJane99,0.997519002332495
1786,GaianPrincess8,0.7790575427563462
1787,pontecorvoste,0.43746927533794533
1788,jirui90,0.33504922919592206
1789,siberian_times,0.7394319200653416
1790,netanyahu,0.7202158909919715
1791,TencentGlobal,0.45398339650983843
1792,FLRising,0.6647539255575086
1793,kiranshaw,0.3823242165164611
1794,NYPDnews,0.3716918839960862
1795,David_vanH,0.668400217625478
1796,BIOCOMSC1,0.8488412015586674
1797,sonora969,0.815723457638854
1798,MLP_officiel,0.7253544214774651
1799,fvallejoss,0.608021976287842
1800,TarekFatah,0.17804462515762542
1801,ManoloCastillo,0.7078655462430085
1802,ianbremmer,0.6808027880523196
1803,RepGosar,0.6253378232365614
1804,vox_es,0.24868447704549623
1805,GZamoraSDE,0.4411614310588876
1806,MariaesPueblo,0.5630281145659047
1807,SegurancaSP,0.7675010654798697
1808,RoyBarreras,0.7838978352818108
1809,GilbertCollard,0.045425504642381154
1810,Tafteshq8,0.9367167005219703
1811,AFPphoto,0.6416590636110613
1812,globaltimesnews,0.8001352420210582
1813,PradeepDwivedi,0.08622296267130103
1814,SinkovicBros,0.10640839532779178
1815,carmencalvo_,0.3644047045285016
1816,khalidfahad77,0.31098495669134796
1817,infodemicblog,0.9045343639259256
1818,shaikhaslam313,0.08545766438600777
1819,amitsahjapl,0.538360942956219
1820,Artemisness80,0.9826943499951666
1821,Naismtz7,0.4849936767294414
1822,GreenRobShep,0.7102562484075501
1823,DeTaquitoCM,0.23143420425311223
1824,mukhal1d6,0.08191240925447663
1825,FernanQuirosBA,0.8610626089786036
1826,danieloran,0.5517190679593185
1827,LibraRising2,0.23532055702494536
1828,tedcruz,0.5115909081700127
1829,GovindSinghChu6,0.533466402592927
1830,norabar,0.10843888410743452
1831,leandrotessler,0.5051857858538776
1832,WICHOCOOPER,0.8338872631367232
1833,LuisEladioPe,0.3751211319343367
1834,tvyefr,0.26187861923208655
1835,FundacionBADAN,0.19675501460527156
1836,josefinaIBVM,0.5444313004000946
1837,gha9700,0.09414343620256715
1838,LucianoHuck,0.044842519416471216
1839,ourkuwait,0.3387004326870374
1840,Jim_Sheridan,0.8143943846014602
1841,ARD_BaB,0.4703499501143025
1842,QazJournalist,0.4101996462160946
1843,ss_suryawanshi,0.6717017315460692
1844,AJENews,0.18275807291191248
1845,jairbolsonaro,0.5633140965494796
1846,GopalSa22721269,0.3373474008369496
1847,kiss486,0.9845287612865233
1848,AnjuMishraaa,0.712670617137925
1849,narendra52,0.5394072831549355
1850,ROBChandigarh,0.3967936680731152
1851,minsaude,0.3030746000313237
1852,AdvRumal,0.7614412569041704
1853,EquisJusticia,0.44675526281909295
1854,KyotoU_News,0.4458087376272293
1855,USCIRF,0.9794253753095451
1856,onyxlorenzoni,0.6159758112074386
1857,Prabhat93078075,0.8175195232562443
1858,RaquelBlascoR,0.9365477405047538
1859,lochiediame,0.885441069356464
1860,tomhanks,0.907584504870805
1861,DDNewsGujarati,0.3860169046792289
1862,SwanseabayNHS,0.0016604164663777121
1863,ZdravstvoMK,0.43460352233002575
1864,XRebellionUK,0.6705707654331228
1865,Mshivaram23M,0.6726973155932725
1866,covsinghtj,0.6245261570109556
1867,PTI_News,0.024609111565905506
1868,Equipe1erDegre,0.6553227841324929
1869,IndiaNeedsModi,0.9650241391962956
1870,JimbereMag,0.3821367633023003
1871,SrSameer_,0.5712634756324423
1872,vivicanosaok,0.7020112294173607
1873,MinofHealthUG,0.8835391758067017
1874,SudRadio,0.06592007386729715
1875,mcdonagh1,0.5820549591816561
1876,RCamachoVzla,0.18625608347099532
1877,maggieNYT,0.942056624891726
1878,MajorVitorHugo,0.48455322634883313
1879,ChhindwaraPoli1,0.008889060391175319
1880,la_campora,0.6773558546945734
1881,Dariomenorroma,0.34519695308590503
1882,CarlosBolsonaro,0.8963659472422624
1883,Cyrilhanouna,0.828164537805023
1884,Jkylebass,0.3224504224998651
1885,franceinter,0.772605829943272
1886,ArnulfoAgustinG,0.4940335061176808
1887,harrisonmbamara,0.7148632952751961
1888,Jansatta,0.5650780328139049
1889,CNEWS,0.10469961923148485
1890,INSABI_mx,0.48896330536599564
1891,dhanyarajendran,0.5360221555691135
1892,breolis,0.20993501723069163
1893,LIBRESYLOKOS,0.31468641741365566
1894,GobdeSantander,0.12308611129133062
1895,imssjalcontigo,0.7893973236874335
1896,WHOWPRO,0.3245708011178511
1897,7NewsSydney,0.5670500995378908
1898,iVishnuManchu,0.21468483021217621
1899,moyavila,0.3888658147124312
1900,ChinaScience,0.051755410322381734
1901,191vishwas,0.4009725509232491
1902,wilsonlimaAM,0.6440569603535248
1903,prajwalmanipal,0.11366655844224904
1904,htTweets,0.47519593298618334
1905,actufrparis,0.9930496183605808
1906,GrimoldiPaolo,0.12641053968791305
1907,AlvarezMorenoC,0.28323459741607515
1908,priyankagandhi,0.8716679697615474
1909,davidfrawleyved,0.40396170287255484
1910,zlj517,0.7514599036695339
1911,ClareDalyMEP,0.8092855137675785
1912,zermatt_tourism,0.8531626980355913
1913,Cucaiba,0.9744559346942724
1914,PedroSantisteve,0.6100603489155703
1915,ANI,0.08179070235741737
1916,Divsbabs,0.07696735954111544
1917,VladaCG,0.15362949029665307
1918,blogdoailton,0.11259792037954952
1919,cnnphilippines,0.2041302792452272
1920,rahulkanwal,0.9481774345092095
1921,iris_78yq,0.6804967604946272
1922,Lord_Sugar,0.9919292479703136
1923,LulaOficial,0.7772535536721733
1924,PR_Senegal,0.7024759676426738
1925,umeshnanda85,0.6793860567514266
1926,Tonicanto1,0.8749316668396779
1927,SbwayIraq,0.28101369916785657
1928,RCNBga,0.22225471234141114
1929,nicd_sa,0.1332329813344274
1930,RICHARDAGUILARV,0.5049195107611985
1931,4everAnnina,0.6650315269960518
1932,catherinegaste,0.6128507690982222
1933,aardvarkel,0.37200281595571494
1934,zTweeples,0.9789323272598838
1935,fs0c131y,0.825593226778121
1936,univienna,0.9683124999347181
1937,koryodynasty,0.9225834680763103
1938,radiobandnewsfm,0.4310007511402504
1939,steve_vladeck,0.6126899849774956
1940,CHUBordeaux,0.3487262312527395
1941,AdvAkhileshAwa1,0.8987990088200277
1942,benjaminferran,0.5137916847152412
1943,IRSnews,0.6566101121806437
1944,ShefVaidya,0.24858294850259266
1945,jonmillsphoto,0.1925227298318234
1946,cuervotinelli,0.9215705200159943
1947,LegislaturaLR,0.7325076435110196
1948,DPCgov,0.7048417765339228
1949,NYTimesPR,0.9516014360817294
1950,afpfr,0.8645256158550583
1951,Geoweeb,0.618345775906587
1952,jup1897,0.9127358242399541
1953,SenSchumer,0.27454047818280025
1954,Teofilo1952,0.6330300562883162
1955,CHLeMans,0.5613444219330417
1956,RepLaHood,0.242794239562248
1957,houseparty,0.5964001049240096
1958,SGGEdomex,0.9114503550341345
1959,paloma_pirfa,0.7427378463610329
1960,ExSecular,0.21097798728986594
1961,Zovatto55,0.1363173920186418
1962,StateHouseKenya,0.7816245847700004
1963,ScottGottliebMD,0.10335310604889303
1964,AFPar,0.6171184492802886
1965,INSColombia,0.5583405285677115
1966,AlRangelS,0.24020460316873882
1967,AytoAdra,0.1843492200073329
1968,EsSaludPeru,0.9391850879223658
1969,newsmax,0.2601388366913129
1970,abhijitmajumder,0.3032316745102992
1971,inquirerdotnet,0.34944253469006037
1972,AlcaldiaDeCali,0.6022689010919997
1973,marcorubio,0.24433331586635476
1974,medanta,0.15721984677773637
1975,anhanssen,0.5728262283287356
1976,Albertadoctors,0.7980791670476192
1977,JujuChangABC,0.8779768959612169
1978,ExtinctionR,0.4472860705256102
1979,ksorbs,0.8502744718436597
1980,amro_mashali,0.2926286734187159
1981,InfoGujarat,0.415552508584622
1982,SpeakerPelosi,0.4240657153118679
1983,hora25,0.5515549390748413
1984,PoliceRajasthan,0.9500277091041565
1985,mluciaramirez,0.7104260176856299
1986,CsZaragoza_,0.058124667625132465
1987,718Tv,0.07428039291130895
1988,maguerram,0.7754580404783062
1989,farfalev,0.28671773004571044
1990,ConorLambPA,0.8420738535739543
1991,BalEdmundo,0.2851160960339222
1992,LExpressMG,0.5986878056959433
1993,OPSOMSPeru,0.35842246006049683
1994,larroqueandres,0.15934209290284895
1995,flferronato,0.9191013670040135
1996,DXBMediaOffice,0.5119918109438512
1997,lapublichealth,0.3740372984584861
1998,mikandynothem,0.4177574489071434
1999,AlexBerenson,0.3666947760394158
2000,IdiazAyuso,0.4799352261688098
2001,rundav5,0.028866483822019284
2002,JessicaPoku,0.9187835815401088
2003,AmericaNewsroom,0.5596783463996684
2004,Rafa_Hernando,0.5002171146931471
2005,MinexGt,0.4553274779975145
2006,ProSyriana,0.1135277872513567
2007,PoliciaPteGenil,0.22182161433095915
2008,AsteroidWatch,0.5462603323350217
2009,cih_st,0.8963033655246244
2010,femigbaja,0.012420500069696083
2011,EducaAnd,0.4899602791424926
2012,AlvaroUribeVel,0.08482499092850104
2013,Uaesp,0.714114427999188
2014,DasmanNewsCom,0.9764088596699325
2015,ArjunsinghWB,0.609040521839659
2016,spokesman_moh,0.9779279758838194
2017,FerSuarezMD,0.7467015805611892
2018,eumarcioamerico,0.6372539184603643
2019,BBCPolitics,0.19791317084904658
2020,anwaral82572773,0.7681572184139772
2021,official_rahult,0.0082883557730834
2022,RevathiRajeevan,0.7740140688180763
2023,CGTNOfficial,0.9899267656450389
2024,SegoviaBastidas,0.5047081863628874
2025,aravindcherry,0.3895959675317857
2026,RepJanel,0.451914556875464
2027,ArshadWarsi,0.4584486624002271
2028,SenWarren,0.08741306536752624
2029,Prokaryota,0.5978522204902161
2030,sp_tirupathur,0.2335674194036319
2031,realFFK,0.12970312058428402
2032,hnakhli,0.7344528170516268
2033,LanaMo16,0.3239548258610788
2034,Emishor,0.56898479546342
2035,plus_justice,0.4936548953263227
2036,DHSCgovuk,0.5454061759931823
2037,ImrozRahi3,0.06709788137835004
2038,MeetThePress,0.9512749822810501
2039,xsaezll,0.01399102788022033
2040,MTNNG,0.32629418800334664
2041,_____Tweety____,0.839544213712166
2042,SEMicrobiologia,0.35212169926458703
2043,rifatabdullahh,0.2677544896727506
2044,IndianExpress,0.34966862769377294
2045,Muoqbal,0.7422364090110417
2046,ICMRDELHI,0.7388324231995763
2047,GovCanHealth,0.22165553209963673
2048,MeDicenWally,0.2534309399610154
2049,AlbertBourla,0.6811542111550062
2050,NorautoEspana,0.30893697327292546
2051,RashminDave3,0.819738380379741
2052,sebbyjjang,0.8254128628352991
2053,ShobhaBJP,0.1623462134600382
2054,aulakh33468,0.7879075336377006
2055,MonicaGandhi9,0.5032988671119645
2056,MAguilarHurtado,0.9911097540794304
2057,rossi_delfina,0.6908695982636336
