counter,topic,likes,retweets,followers,interaction_sum
0,0,329.0,76.0,9743.0,10148
1,1,59.0,26.0,31785.0,31870
2,1,,,,31870
3,1,29.0,9.0,1183.0,1221
4,0,2275.0,538.0,4079336.0,4082149
5,0,380.0,260.0,992.0,1632
6,1,,,,1632
7,0,5206.0,2421.0,49625840.0,49633467
8,1,,,,49633467
9,2,4176.0,1462.0,11776.0,17414
10,0,8009.0,2777.0,1559032.0,1569818
11,2,131.0,78.0,758000.0,758209
12,2,9147.0,674.0,126344.0,136165
13,0,2638.0,49.0,126344.0,129031
14,0,37.0,29.0,1409696.0,1409762
15,0,2611.0,1438.0,4583.0,8632
16,0,485.0,187.0,27194.0,27866
17,1,,,,27866
18,0,201.0,277.0,45060.0,45538
19,0,17.0,11.0,4512.0,4540
20,0,4048.0,1007.0,1987684.0,1992739
21,0,44.0,20.0,235395.0,235459
22,1,26.0,14.0,3857.0,3897
23,0,375.0,277.0,120820.0,121472
24,0,7.0,2.0,377.0,386
25,1,50.0,11.0,6339.0,6400
26,2,,,,6400
27,0,790.0,213.0,14867220.0,14868223
28,0,788.0,213.0,14868917.0,14869918
29,1,16.0,6.0,440752.0,440774
30,0,91457.0,7758.0,6685573.0,6784788
31,1,2869.0,183.0,9971756.0,9974808
32,1,52235.0,7299.0,45462809.0,45522343
33,0,58.0,6.0,9971756.0,9971820
34,0,140669.0,5160.0,45462809.0,45608638
35,1,104.0,69.0,5175.0,5348
36,0,54.0,12.0,61386.0,61452
37,1,12.0,8.0,35421.0,35441
38,1,5574.0,2760.0,1014.0,9348
39,0,7097.0,4684.0,1437004.0,1448785
40,0,,,,1448785
41,0,63.0,54.0,12726.0,12843
42,0,81.0,77.0,1437004.0,1437162
43,0,9518.0,6719.0,1437004.0,1453241
44,0,,,,1453241
45,0,8.0,1.0,5820.0,5829
46,1,,,,5829
47,0,,,,5829
48,1,131.0,39.0,57747.0,57917
49,0,,,,57917
50,1,171.0,109.0,257990.0,258270
51,1,41.0,15.0,257990.0,258046
52,0,721.0,61.0,1383056.0,1383838
53,1,90.0,8.0,1875.0,1973
54,2,115.0,73.0,1211.0,1399
55,0,,,,1399
56,2,7.0,3.0,76.0,86
57,0,184.0,76.0,19586.0,19846
58,0,,,,19846
59,0,3.0,1.0,33489.0,33493
60,0,42.0,31.0,1218124.0,1218197
61,2,0.0,0.0,12.0,12
62,1,,,,12
63,1,90.0,8.0,1875.0,1973
64,2,51.0,17.0,83277.0,83345
65,1,,,,83345
66,1,26.0,14.0,3857.0,3897
67,2,2119.0,292.0,244869.0,247280
68,0,5250.0,3907.0,9000.0,18157
69,0,278.0,142.0,24471.0,24891
70,2,1924.0,589.0,15148.0,17661
71,2,1923.0,589.0,15148.0,17660
72,1,109.0,32.0,10704.0,10845
73,1,171.0,109.0,257990.0,258270
74,1,41.0,15.0,257990.0,258046
75,0,0.0,0.0,90.0,90
76,0,,,,90
77,1,,,,90
78,0,249.0,198.0,590630.0,591077
79,0,,,,591077
80,2,238.0,98.0,114318.0,114654
81,0,6003.0,1122.0,5267968.0,5275093
82,0,604.0,35.0,88980.0,89619
83,0,9.0,4.0,7263.0,7276
84,1,103.0,66.0,645880.0,646049
85,0,,,,646049
86,1,,,,646049
87,2,13.0,3.0,1662.0,1678
88,0,37.0,29.0,1409696.0,1409762
89,0,2611.0,1438.0,4583.0,8632
90,0,485.0,187.0,27194.0,27866
91,1,3.0,2.0,1000405.0,1000410
92,2,46.0,24.0,58825.0,58895
93,1,4.0,1.0,98.0,103
94,0,1248.0,382.0,356567.0,358197
95,0,8538.0,1394.0,5267968.0,5277900
96,1,26.0,9.0,17594.0,17629
97,0,23.0,6.0,17594.0,17623
98,0,32.0,9.0,5686.0,5727
99,0,,,,5727
100,2,,,,5727
101,0,7206.0,806.0,97965.0,105977
102,2,46.0,24.0,58825.0,58895
103,2,1897.0,653.0,4987513.0,4990063
104,0,,,,4990063
105,0,54.0,60.0,13265.0,13379
106,1,8.0,1.0,1548.0,1557
107,1,1193.0,451.0,9138312.0,9139956
108,1,,,,9139956
109,1,392.0,189.0,9138312.0,9138893
110,2,353.0,151.0,9138312.0,9138816
111,0,7206.0,806.0,97965.0,105977
112,0,378.0,270.0,11931.0,12579
113,1,,,,12579
114,1,914.0,326.0,218242.0,219482
115,0,8402.0,2972.0,5267969.0,5279343
116,0,1662.0,178.0,5267969.0,5269809
117,2,0.0,1.0,7503.0,7504
118,2,,,,7504
119,0,2.0,4.0,6101.0,6107
120,1,13.0,1.0,178.0,192
121,0,,,,192
122,1,47475.0,11950.0,6685575.0,6745000
123,0,1149.0,205.0,1176739.0,1178093
124,0,1628.0,345.0,1176739.0,1178712
125,1,3920.0,689.0,53036.0,57645
126,1,6203.0,1536.0,436635.0,444374
127,1,171.0,109.0,257990.0,258270
128,1,41.0,15.0,257990.0,258046
129,0,217.0,92.0,8080224.0,8080533
130,0,160.0,112.0,1437004.0,1437276
131,0,137.0,53.0,30695.0,30885
132,2,8467.0,4032.0,23717.0,36216
133,1,634.0,307.0,218.0,1159
134,0,15103.0,2013.0,2031608.0,2048724
135,1,1453.0,465.0,183867.0,185785
136,0,370673.0,92904.0,54097332.0,54560909
137,0,195.0,128.0,1384.0,1707
138,0,35.0,10.0,1384.0,1429
139,1,671.0,141.0,356567.0,357379
140,2,8467.0,4032.0,23717.0,36216
141,0,,,,36216
142,1,13.0,1.0,178.0,192
143,2,46.0,24.0,58825.0,58895
144,0,447.0,304.0,374.0,1125
145,0,,,,1125
146,1,5661.0,2354.0,210772.0,218787
147,1,0.0,0.0,0.0,0
148,0,195.0,128.0,1384.0,1707
149,0,34.0,17.0,1164.0,1215
150,0,9.0,8.0,1164.0,1181
151,0,195.0,128.0,1384.0,1707
152,1,1563.0,391.0,47197.0,49151
153,0,4236.0,647.0,2474331.0,2479214
154,1,671.0,141.0,356567.0,357379
155,2,,,,357379
156,0,2.0,0.0,63.0,65
157,0,1672.0,496.0,1429979.0,1432147
158,0,117.0,27.0,1429979.0,1430123
159,0,0.0,0.0,1.0,1
160,1,0.0,1.0,6995.0,6996
161,0,3.0,0.0,6.0,9
162,0,624.0,214.0,26902.0,27740
163,2,,,,27740
164,1,2.0,1.0,1267.0,1270
165,0,,,,1270
166,2,,,,1270
167,2,0.0,1.0,7503.0,7504
168,0,64.0,25.0,43763.0,43852
169,1,2.0,1.0,1267.0,1270
170,0,47.0,64.0,38169.0,38280
171,1,79.0,46.0,1332644.0,1332769
172,1,5893.0,1929.0,2178718.0,2186540
173,1,242.0,54.0,104757.0,105053
174,0,778.0,125.0,37506.0,38409
175,0,777.0,125.0,37506.0,38408
176,1,780.0,147.0,189673.0,190600
177,0,,,,190600
178,2,5499.0,1671.0,577180.0,584350
179,0,41.0,31.0,4358.0,4430
180,2,829.0,130.0,1854150.0,1855109
181,0,399.0,141.0,9020461.0,9021001
182,0,16.0,5.0,102901.0,102922
183,0,16.0,6.0,102901.0,102923
184,0,1182.0,205.0,5860206.0,5861593
185,1,67.0,61.0,916.0,1044
186,0,,,,1044
187,0,,,,1044
188,2,266.0,57.0,31483.0,31806
189,0,186.0,54.0,31483.0,31723
190,0,,,,31723
191,1,,,,31723
192,1,571.0,113.0,5267972.0,5268656
193,0,2.0,1.0,16749.0,16752
194,0,110.0,68.0,579827.0,580005
195,0,4.0,1.0,969.0,974
196,0,2.0,3.0,88.0,93
197,1,,,,93
198,2,70.0,16.0,48422.0,48508
199,0,8676.0,2104.0,269399.0,280179
200,2,,,,280179
201,1,63.0,50.0,85527.0,85640
202,1,76.0,40.0,9003.0,9119
203,0,,,,9119
204,1,79.0,40.0,33141.0,33260
205,0,93020.0,8714.0,26776949.0,26878683
206,1,,,,26878683
207,0,84.0,36.0,24705.0,24825
208,1,63.0,50.0,85527.0,85640
209,0,345.0,101.0,5114.0,5560
210,0,3.0,2.0,1168.0,1173
211,0,,,,1173
212,0,,,,1173
213,0,816.0,163.0,284203.0,285182
214,1,649.0,86.0,2474330.0,2475065
215,0,547.0,294.0,825141.0,825982
216,0,,,,825982
217,2,530.0,81.0,76178.0,76789
218,1,62.0,50.0,85526.0,85638
219,1,166.0,128.0,3103582.0,3103876
220,0,,,,3103876
221,1,104.0,49.0,28671.0,28824
222,0,816.0,163.0,284203.0,285182
223,0,277.0,49.0,666.0,992
224,0,276.0,49.0,666.0,991
225,1,5.0,6.0,161552.0,161563
226,0,3.0,1.0,33489.0,33493
227,1,118.0,24.0,401768.0,401910
228,0,11092.0,1320.0,1383057.0,1395469
229,0,11093.0,1320.0,1383057.0,1395470
230,2,9.0,0.0,570.0,579
231,0,3.0,0.0,573.0,576
232,1,6495.0,2635.0,558397.0,567527
233,0,18.0,5.0,1200.0,1223
234,2,180.0,44.0,71337.0,71561
235,0,572.0,220.0,71337.0,72129
236,0,781.0,298.0,204264.0,205343
237,0,9856.0,2716.0,7725890.0,7738462
238,1,1.0,1.0,12.0,14
239,0,1284.0,415.0,4685.0,6384
240,0,9855.0,2716.0,7725890.0,7738461
241,1,59.0,26.0,31785.0,31870
242,2,0.0,0.0,9.0,9
243,0,,,,9
244,1,396.0,62.0,69816.0,70274
245,1,63.0,50.0,85527.0,85640
246,2,,,,85640
247,1,49.0,3.0,1925.0,1977
248,1,32953.0,8420.0,1719642.0,1761015
249,0,242.0,3.0,1719642.0,1719887
250,0,2841.0,1176.0,69.0,4086
251,1,64790.0,8946.0,2312164.0,2385900
252,0,21589.0,1716.0,262983.0,286288
253,2,,,,286288
254,1,1829.0,328.0,153056.0,155213
255,2,21197.0,4163.0,592597.0,617957
256,0,,,,617957
257,1,2616.0,677.0,475232.0,478525
258,1,2615.0,677.0,475232.0,478524
259,0,2820.0,373.0,134047.0,137240
260,2,48.0,19.0,9020463.0,9020530
261,0,2.0,1.0,7139.0,7142
262,0,5.0,2.0,5820.0,5827
263,0,4.0,3.0,5820.0,5827
264,0,,,,5827
265,0,895.0,403.0,182653.0,183951
266,0,1389.0,796.0,2221.0,4406
267,2,8184.0,4021.0,32569.0,44774
268,1,396.0,62.0,69816.0,70274
269,1,184.0,118.0,30219.0,30521
270,0,2694.0,645.0,1443645.0,1446984
271,0,4.0,1.0,969.0,974
272,0,22.0,22.0,466.0,510
273,0,6.0,1.0,33.0,40
274,1,,,,40
275,1,36697.0,4018.0,816130.0,856845
276,0,3.0,2.0,1718.0,1723
277,0,3.0,2.0,1718.0,1723
278,0,13.0,8.0,61461.0,61482
279,0,459649.0,78201.0,647910.0,1185760
280,1,,,,1185760
281,0,15.0,5.0,1968.0,1988
282,0,3139.0,368.0,2145014.0,2148521
283,0,302.0,34.0,260866.0,261202
284,0,4.0,1.0,969.0,974
285,0,11.0,6.0,949.0,966
286,0,793.0,447.0,569609.0,570849
287,0,2474.0,1948.0,247068.0,251490
288,0,900.0,94.0,428056.0,429050
289,0,940.0,56.0,1268573.0,1269569
290,0,3093.0,1674.0,11060.0,15827
291,1,866.0,369.0,182653.0,183888
292,2,139.0,164.0,3934.0,4237
293,0,,,,4237
294,0,,,,4237
295,0,,,,4237
296,1,6264.0,2847.0,223989.0,233100
297,0,4660.0,2038.0,206072.0,212770
298,0,,,,212770
299,0,0.0,0.0,253.0,253
300,0,40.0,15.0,2353.0,2408
301,1,23.0,11.0,21667.0,21701
302,1,15556.0,3280.0,140270.0,159106
303,0,108.0,109.0,2941.0,3158
304,0,93.0,62.0,2904.0,3059
305,2,,,,3059
306,0,12.0,11.0,14143.0,14166
307,0,0.0,0.0,1363699.0,1363699
308,0,38.0,28.0,439977.0,440043
309,0,103.0,92.0,9003.0,9198
310,0,42.0,41.0,9003.0,9086
311,0,1323.0,201.0,63894.0,65418
312,0,38.0,28.0,439977.0,440043
313,0,66.0,65.0,27973.0,28104
314,2,692.0,418.0,46512.0,47622
315,0,66.0,65.0,27973.0,28104
316,2,692.0,418.0,46512.0,47622
317,0,148.0,36.0,28076.0,28260
318,0,66.0,65.0,27973.0,28104
319,2,692.0,418.0,46512.0,47622
320,0,38.0,28.0,439977.0,440043
321,0,,,,440043
322,0,,,,440043
323,1,622.0,351.0,24454.0,25427
324,0,270.0,263.0,1693970.0,1694503
325,2,59.0,24.0,3034597.0,3034680
326,0,251.0,188.0,9138321.0,9138760
327,0,488.0,284.0,1429980.0,1430752
328,0,22.0,31.0,3638576.0,3638629
329,0,252.0,46.0,262527.0,262825
330,0,38.0,28.0,439977.0,440043
331,0,1323.0,201.0,63894.0,65418
332,0,,,,65418
333,0,3914.0,1193.0,108469.0,113576
334,0,345.0,186.0,105045.0,105576
335,0,4.0,1.0,969.0,974
336,0,9.0,3.0,1601.0,1613
337,1,529.0,309.0,469224.0,470062
338,0,0.0,0.0,4.0,4
339,0,3.0,2.0,1168.0,1173
340,0,,,,1173
341,0,0.0,0.0,7.0,7
342,0,1.0,0.0,708.0,709
343,0,1923.0,1030.0,3155.0,6108
344,0,0.0,0.0,1363699.0,1363699
345,0,0.0,0.0,1.0,1
346,0,,,,1
347,2,25607.0,2611.0,4513013.0,4541231
348,0,7.0,1.0,74.0,82
349,2,723.0,219.0,291556.0,292498
350,1,13.0,4.0,17886.0,17903
351,1,201.0,129.0,41511.0,41841
352,2,576.0,154.0,109472.0,110202
353,2,432.0,98.0,14281.0,14811
354,0,19.0,3.0,362318.0,362340
355,1,16.0,16.0,815784.0,815816
356,0,879.0,570.0,284790.0,286239
357,2,25607.0,2613.0,4513013.0,4541233
358,0,7.0,1.0,74.0,82
359,2,144.0,61.0,16879.0,17084
360,0,159.0,81.0,16879.0,17119
361,1,26.0,14.0,3857.0,3897
362,1,,,,3897
363,2,,,,3897
364,1,11464.0,2544.0,5072745.0,5086753
365,0,1177.0,525.0,8556.0,10258
366,0,2820.0,373.0,134047.0,137240
367,1,,,,137240
368,2,,,,137240
369,1,11464.0,2544.0,5072745.0,5086753
370,2,321.0,190.0,45407.0,45918
371,0,,,,45918
372,0,292.0,104.0,194390.0,194786
373,1,4545.0,1142.0,1102108.0,1107795
374,2,547.0,349.0,45817.0,46713
375,0,212.0,355.0,40641.0,41208
376,0,93020.0,8714.0,26776954.0,26878688
377,1,8.0,3.0,17954.0,17965
378,1,3.0,4.0,509.0,516
379,1,8.0,3.0,7576.0,7587
380,0,73013.0,15827.0,10264821.0,10353661
381,0,28.0,19.0,93.0,140
382,0,1.0,1.0,175.0,177
383,0,93020.0,8714.0,26776954.0,26878688
384,0,1464.0,398.0,6081808.0,6083670
385,0,23609.0,11085.0,1226434.0,1261128
386,2,14.0,3.0,1226434.0,1226451
387,0,23578.0,11085.0,1226425.0,1261088
388,0,93020.0,8714.0,26776954.0,26878688
389,1,26.0,14.0,3857.0,3897
390,0,93020.0,8714.0,26776954.0,26878688
391,0,59908.0,23513.0,647911.0,731332
392,0,,,,731332
393,1,129894.0,26649.0,9537935.0,9694478
394,0,772.0,628.0,7614.0,9014
395,0,439.0,89.0,5267974.0,5268502
396,0,438.0,89.0,5267974.0,5268501
397,0,3251.0,788.0,26437596.0,26441635
398,0,0.0,0.0,0.0,0
399,1,129894.0,26649.0,9537935.0,9694478
400,0,,,,9694478
401,2,264.0,34.0,319.0,617
402,0,24645.0,12211.0,1719643.0,1756499
403,1,129894.0,26649.0,9537935.0,9694478
404,0,93020.0,8714.0,26776954.0,26878688
405,0,1019.0,222.0,320982.0,322223
406,1,1608.0,496.0,460165.0,462269
407,0,85.0,34.0,460165.0,460284
408,1,98.0,70.0,2267.0,2435
409,0,4520.0,1386.0,1239557.0,1245463
410,0,33075.0,8686.0,1239557.0,1281318
411,0,13152.0,3184.0,29416883.0,29433219
412,2,,,,29433219
413,0,,,,29433219
414,1,,,,29433219
415,0,55.0,31.0,3166.0,3252
416,0,71.0,54.0,24258.0,24383
417,1,13.0,5.0,5498.0,5516
418,0,21.0,6.0,18211.0,18238
419,0,16.0,14.0,12046.0,12076
420,0,0.0,0.0,2405.0,2405
421,0,9090.0,3739.0,1634695.0,1647524
422,2,5155.0,932.0,1634695.0,1640782
423,0,,,,1640782
424,0,582.0,316.0,182642.0,183540
425,1,5.0,2.0,14.0,21
426,0,101.0,105.0,1830247.0,1830453
427,0,438.0,89.0,5267992.0,5268519
428,0,996.0,134.0,116495.0,117625
429,0,627.0,1223.0,9041.0,10891
430,0,622.0,1223.0,9039.0,10884
431,0,6624.0,1782.0,12116385.0,12124791
432,0,93020.0,8714.0,26776625.0,26878359
433,0,21341.0,8192.0,79370.0,108903
434,2,1654.0,268.0,1627766.0,1629688
435,0,2217.0,1818.0,1795848.0,1799883
436,0,622.0,1223.0,9039.0,10884
437,2,,,,10884
438,1,272.0,193.0,10491.0,10956
439,0,25079.0,12174.0,172433.0,209686
440,0,71.0,54.0,24258.0,24383
441,0,93020.0,8714.0,26776625.0,26878359
442,0,6624.0,1782.0,12116386.0,12124792
443,0,,,,12124792
444,1,387.0,255.0,77049.0,77691
445,0,9578.0,3341.0,1692680.0,1705599
446,0,16.0,6.0,20565.0,20587
447,2,188.0,92.0,78272.0,78552
448,0,21341.0,8192.0,79370.0,108903
449,2,6240.0,3191.0,134047.0,143478
450,0,2598.0,393.0,134047.0,137038
451,0,4072.0,2412.0,35464.0,41948
452,0,267.0,75.0,35464.0,35806
453,1,170.0,54.0,27626.0,27850
454,2,1845.0,340.0,403309.0,405494
455,0,,,,405494
456,1,36.0,3.0,1996.0,2035
457,1,2.0,1.0,1915.0,1918
458,0,21341.0,8192.0,79370.0,108903
459,1,331.0,64.0,210487.0,210882
460,0,1.0,0.0,234304.0,234305
461,1,28019.0,9700.0,234304.0,272023
462,0,2217.0,1818.0,1795848.0,1799883
463,0,1026.0,515.0,182642.0,184183
464,0,22980.0,4444.0,10264840.0,10292264
465,0,1026.0,515.0,182642.0,184183
466,0,21341.0,8192.0,79370.0,108903
467,2,476.0,97.0,215571.0,216144
468,0,21341.0,8192.0,79370.0,108903
469,0,283.0,67.0,4731.0,5081
470,0,21341.0,8192.0,79370.0,108903
471,1,,,,108903
472,0,,,,108903
473,0,93020.0,8714.0,26776625.0,26878359
474,0,,,,26878359
475,0,27.0,10.0,5332.0,5369
476,2,57.0,41.0,656422.0,656520
477,0,21341.0,8192.0,79370.0,108903
478,0,452.0,279.0,74413.0,75144
479,0,93020.0,8714.0,26776625.0,26878359
480,1,,,,26878359
481,0,79.0,16.0,258.0,353
482,0,1177.0,525.0,8556.0,10258
483,1,22902.0,18142.0,1882282.0,1923326
484,0,947.0,164.0,18720.0,19831
485,0,,,,19831
486,0,1177.0,525.0,8556.0,10258
487,0,34.0,7.0,3685.0,3726
488,1,5218.0,1900.0,37486.0,44604
489,0,7.0,2.0,3685.0,3694
490,0,752.0,296.0,85889.0,86937
491,2,,,,86937
492,1,561.0,195.0,18217.0,18973
493,1,396.0,95.0,82750.0,83241
494,0,2820.0,373.0,134047.0,137240
495,0,2598.0,393.0,134047.0,137038
496,1,,,,137038
497,0,,,,137038
498,0,193.0,75.0,12222.0,12490
499,0,474.0,73.0,127664.0,128211
500,2,,,,128211
501,0,2217.0,1818.0,1795848.0,1799883
502,0,174.0,70.0,1830247.0,1830491
503,1,331.0,64.0,210487.0,210882
504,0,6073.0,923.0,1168166.0,1175162
505,0,622.0,1223.0,9039.0,10884
506,0,,,,10884
507,0,0.0,0.0,279.0,279
508,0,94.0,78.0,4602.0,4774
509,0,,,,4774
510,1,,,,4774
511,0,79.0,46.0,129311.0,129436
512,0,48.0,5.0,7515.0,7568
513,0,5.0,8.0,381.0,394
514,2,9072.0,1413.0,26437586.0,26448071
515,0,,,,26448071
516,0,622.0,1223.0,9039.0,10884
517,1,2.0,7.0,318049.0,318058
518,2,476.0,97.0,215572.0,216145
519,1,1103.0,253.0,914616.0,915972
520,0,35831.0,12449.0,914616.0,962896
521,1,331.0,64.0,210487.0,210882
522,2,13.0,4.0,874.0,891
523,0,608.0,407.0,187261.0,188276
524,0,,,,188276
525,1,98.0,70.0,2267.0,2435
526,1,246.0,129.0,230147.0,230522
527,0,,,,230522
528,0,5598.0,1061.0,2220660.0,2227319
529,0,,,,2227319
530,0,2488.0,826.0,1269.0,4583
531,2,4.0,4.0,6746.0,6754
532,1,215.0,104.0,439977.0,440296
533,0,3342.0,1222.0,2152619.0,2157183
534,2,162.0,79.0,33795.0,34036
535,1,8.0,6.0,5125.0,5139
536,0,2927.0,339.0,1421746.0,1425012
537,1,115.0,69.0,6505.0,6689
538,0,56.0,17.0,12016.0,12089
539,1,889.0,222.0,71002.0,72113
540,1,888.0,222.0,71002.0,72112
541,0,39883.0,6218.0,6685544.0,6731645
542,1,15.0,6.0,768.0,789
543,0,366.0,112.0,1195230.0,1195708
544,0,2.0,1.0,440757.0,440760
545,0,583.0,141.0,48426.0,49150
546,0,1177.0,525.0,8556.0,10258
547,0,2217.0,1818.0,1795848.0,1799883
548,0,1177.0,525.0,8556.0,10258
549,1,4155.0,2378.0,21577.0,28110
550,2,1300.0,756.0,57589.0,59645
551,0,1804.0,588.0,550058.0,552450
552,0,1392.0,783.0,307537.0,309712
553,2,164.0,84.0,11185.0,11433
554,0,11.0,10.0,11185.0,11206
555,0,15.0,8.0,93733.0,93756
556,1,99.0,35.0,27626.0,27760
557,0,217.0,92.0,8080241.0,8080550
558,0,160.0,112.0,1437015.0,1437287
559,0,1.0,0.0,56.0,57
560,0,1177.0,525.0,8556.0,10258
561,0,56.0,8.0,26.0,90
562,0,1177.0,525.0,8556.0,10258
563,0,1934.0,771.0,7243035.0,7245740
564,0,1071.0,444.0,7243035.0,7244550
565,0,281.0,71.0,7243035.0,7243387
566,0,714.0,248.0,7243036.0,7243998
567,0,174.0,144.0,20496.0,20814
568,1,6502.0,2327.0,20496.0,29325
569,0,3787.0,942.0,5917128.0,5921857
570,1,,,,5921857
571,1,8982.0,3466.0,2613210.0,2625658
572,1,422.0,50.0,28338.0,28810
573,0,2582.0,324.0,358972.0,361878
574,0,2536.0,304.0,358972.0,361812
575,0,8237.0,1040.0,358972.0,368249
576,2,12749.0,4307.0,710797.0,727853
577,0,106.0,152.0,19090.0,19348
578,0,24042.0,8946.0,726423.0,759411
579,0,,,,759411
580,0,12887.0,4264.0,38223.0,55374
581,2,188.0,92.0,78272.0,78552
582,0,,,,78552
583,0,25.0,20.0,17035.0,17080
584,1,25.0,13.0,709266.0,709304
585,2,3892.0,1654.0,5267997.0,5273543
586,0,1946.0,317.0,231062.0,233325
587,1,188.0,96.0,3530520.0,3530804
588,0,3548.0,542.0,1626183.0,1630273
589,0,283.0,83.0,480608.0,480974
590,2,6390.0,1935.0,3401513.0,3409838
591,2,2012.0,366.0,3401513.0,3403891
592,0,1785.0,334.0,4145056.0,4147175
593,0,7647.0,3948.0,547380.0,558975
594,1,9749.0,4674.0,519923.0,534346
595,1,304.0,98.0,225694.0,226096
596,0,,,,226096
597,0,,,,226096
598,0,5598.0,1061.0,2220661.0,2227320
599,2,1197.0,2879.0,91671.0,95747
600,0,13.0,3.0,53233.0,53249
601,1,47.0,5.0,53233.0,53285
602,0,1186.0,508.0,9138148.0,9139842
603,0,1654.0,728.0,3091256.0,3093638
604,0,256.0,120.0,405703.0,406079
605,2,,,,406079
606,2,4.0,0.0,174.0,178
607,0,175.0,205.0,21870.0,22250
608,0,,,,22250
609,1,1002.0,240.0,3162792.0,3164034
610,1,429.0,108.0,2474224.0,2474761
611,0,618.0,121.0,5267997.0,5268736
612,1,105.0,51.0,7912728.0,7912884
613,1,,,,7912884
614,2,3034.0,2523.0,11315.0,16872
615,0,4535.0,4297.0,61201.0,70033
616,1,13.0,4.0,62414.0,62431
617,0,822.0,524.0,4015897.0,4017243
618,1,,,,4017243
619,2,293.0,117.0,15559.0,15969
620,0,989.0,210.0,156380.0,157579
621,0,3032.0,3421.0,634072.0,640525
622,0,2306.0,1185.0,63609.0,67100
623,0,160085.0,34131.0,9537617.0,9731833
624,0,604.0,35.0,88980.0,89619
625,0,5.0,2.0,5819.0,5826
626,0,4.0,3.0,5819.0,5826
627,0,,,,5826
628,2,442.0,143.0,101366.0,101951
629,0,1951.0,602.0,4865.0,7418
630,0,879.0,570.0,284793.0,286242
631,2,15.0,56.0,821392.0,821463
632,0,395.0,196.0,211205.0,211796
633,0,17.0,16.0,23330.0,23363
634,0,981.0,61.0,116496.0,117538
635,0,17.0,16.0,23330.0,23363
636,0,,,,23363
637,0,1803.0,679.0,78668.0,81150
638,0,1154.0,586.0,33462.0,35202
639,1,11.0,2.0,1706.0,1719
640,0,436.0,393.0,73159.0,73988
641,0,1974.0,1196.0,16436.0,19606
642,0,40.0,18.0,231062.0,231120
643,0,5598.0,1061.0,2220662.0,2227321
644,1,1093.0,764.0,871.0,2728
645,0,,,,2728
646,0,1194.0,299.0,12505611.0,12507104
647,1,46.0,19.0,18077.0,18142
648,0,,,,18142
649,0,242.0,40.0,543750.0,544032
650,0,865.0,144.0,3006936.0,3007945
651,0,3787.0,942.0,5917130.0,5921859
652,0,67.0,23.0,350038.0,350128
653,0,,,,350128
654,0,,,,350128
655,0,4.0,0.0,23659.0,23663
656,0,352.0,169.0,182643.0,183164
657,0,1177.0,525.0,8556.0,10258
658,0,233.0,257.0,231353.0,231843
659,1,,,,231843
660,0,160085.0,34131.0,9537619.0,9731835
661,0,5598.0,1061.0,2220662.0,2227321
662,0,160085.0,34131.0,9537619.0,9731835
663,0,5598.0,1061.0,2220662.0,2227321
664,1,11611.0,1670.0,2364015.0,2377296
665,0,160085.0,34131.0,9537619.0,9731835
666,0,160085.0,34131.0,9537619.0,9731835
667,1,6.0,0.0,116496.0,116502
668,0,,,,116502
669,1,0.0,0.0,5178.0,5178
670,0,,,,5178
671,0,,,,5178
672,2,1.0,0.0,30.0,31
673,0,879.0,570.0,284794.0,286243
674,0,500.0,233.0,50709.0,51442
675,1,,,,51442
676,0,328.0,206.0,391458.0,391992
677,0,14955.0,7380.0,55258.0,77593
678,1,28545.0,5227.0,6791191.0,6824963
679,0,160085.0,34131.0,9537620.0,9731836
680,0,160314.0,34130.0,9537779.0,9732223
681,0,73.0,14.0,16765.0,16852
682,0,317.0,63.0,62726.0,63106
683,0,,,,63106
684,0,1523.0,529.0,18371.0,20423
685,2,118.0,48.0,754527.0,754693
686,0,,,,754693
687,1,,,,754693
688,0,,,,754693
689,0,,,,754693
690,0,605.0,81.0,67646.0,68332
691,0,830.0,739.0,228344.0,229913
692,0,221.0,58.0,342587.0,342866
693,0,830.0,739.0,228344.0,229913
694,0,,,,229913
695,0,,,,229913
696,1,246.0,129.0,230149.0,230524
697,0,2456.0,1501.0,961526.0,965483
698,0,22224.0,4841.0,4573538.0,4600603
699,0,,,,4600603
700,0,123.0,56.0,5025.0,5204
701,0,582.0,316.0,182643.0,183541
702,2,3.0,2.0,8671.0,8676
703,0,2583.0,1039.0,1437019.0,1440641
704,0,19.0,10.0,195760.0,195789
705,0,4133.0,1263.0,7119797.0,7125193
706,0,39.0,42.0,3034604.0,3034685
707,2,5.0,1.0,194.0,200
708,0,3.0,1.0,6149.0,6153
709,0,,,,6153
710,0,3085.0,3840.0,7903.0,14828
711,0,,,,14828
712,1,59.0,67.0,54942.0,55068
713,0,3200.0,524.0,454447.0,458171
714,0,5911.0,1284.0,4360016.0,4367211
715,0,66.0,15.0,429007.0,429088
716,0,,,,429088
717,0,2583.0,1039.0,1437019.0,1440641
718,0,6748.0,5834.0,1437019.0,1449601
719,2,303.0,104.0,40350.0,40757
720,0,640.0,71.0,137776.0,138487
721,0,,,,138487
722,0,582.0,316.0,182643.0,183541
723,1,28545.0,5227.0,6791194.0,6824966
724,0,919.0,266.0,286663.0,287848
725,0,331108.0,86976.0,129989226.0,130407310
726,0,1312.0,792.0,1498568.0,1500672
727,0,,,,1500672
728,1,1898.0,348.0,136904.0,139150
729,0,77423.0,6137.0,45461980.0,45545540
730,1,769.0,843.0,2032848.0,2034460
731,0,,,,2034460
732,1,22971.0,2807.0,958875.0,984653
733,0,27690.0,11277.0,2613222.0,2652189
734,2,14163.0,4784.0,2613222.0,2632169
735,0,31784.0,12394.0,1162242.0,1206420
736,2,44.0,16.0,240125.0,240185
737,1,576.0,104.0,5954334.0,5955014
738,0,17244.0,10922.0,772422.0,800588
739,1,,,,800588
740,0,17497.0,2106.0,11102153.0,11121756
741,0,16765.0,5834.0,487.0,23086
742,1,,,,23086
743,0,,,,23086
744,0,178.0,149.0,5153.0,5480
745,2,5155.0,932.0,1634709.0,1640796
746,0,,,,1640796
747,0,881.0,240.0,183717.0,184838
748,0,1312.0,792.0,1498568.0,1500672
749,0,582.0,316.0,182643.0,183541
750,0,47.0,64.0,38169.0,38280
751,1,79.0,46.0,1332649.0,1332774
752,1,5893.0,1929.0,2178720.0,2186542
753,0,,,,2186542
754,2,,,,2186542
755,1,0.0,0.0,45876.0,45876
756,2,427.0,579.0,24508.0,25514
757,1,1152.0,389.0,5268015.0,5269556
758,0,582.0,316.0,182643.0,183541
759,0,,,,183541
760,0,,,,183541
761,1,57.0,33.0,1567.0,1657
762,1,233.0,204.0,323049.0,323486
763,2,39.0,36.0,142901.0,142976
764,0,,,,142976
765,1,,,,142976
766,0,0.0,0.0,342814.0,342814
767,1,127963.0,36766.0,129989238.0,130153967
768,0,9.0,5.0,1252772.0,1252786
769,2,1041.0,535.0,115310.0,116886
770,0,296.0,319.0,1934.0,2549
771,2,35.0,12.0,74046.0,74093
772,0,,,,74093
773,0,2.0,0.0,1135.0,1137
774,0,4214.0,1546.0,2492205.0,2497965
775,0,,,,2497965
776,0,1601.0,324.0,850996.0,852921
777,0,56707.0,21270.0,3619422.0,3697399
778,0,,,,3697399
779,0,,,,3697399
780,0,68591.0,10014.0,66366445.0,66445050
781,2,1144.0,405.0,2152621.0,2154170
782,0,13642.0,7119.0,5268017.0,5288778
783,1,9.0,0.0,6423.0,6432
784,0,,,,6432
785,2,39.0,36.0,142901.0,142976
786,0,3815.0,1054.0,5268021.0,5272890
787,1,,,,5272890
788,0,,,,5272890
789,0,2707.0,954.0,1336322.0,1339983
790,0,100486.0,77064.0,54505.0,232055
791,0,385.0,450.0,1983449.0,1984284
792,0,81.0,77.0,1437019.0,1437177
793,0,9518.0,6719.0,1437019.0,1453256
794,0,,,,1453256
795,0,8.0,1.0,5819.0,5828
796,1,,,,5828
797,0,,,,5828
798,1,131.0,39.0,57747.0,57917
799,0,,,,57917
800,0,201.0,277.0,45060.0,45538
801,0,3735.0,422.0,234304.0,238461
802,1,28019.0,9700.0,234304.0,272023
803,1,77.0,55.0,52136.0,52268
804,1,1.0,0.0,17158.0,17159
805,0,582.0,316.0,182643.0,183541
806,0,47.0,64.0,38169.0,38280
807,1,79.0,46.0,1332649.0,1332774
808,0,1097.0,1420.0,43907.0,46424
809,0,3249.0,2369.0,217759.0,223377
810,0,13642.0,7119.0,5268022.0,5288783
811,0,582.0,316.0,182643.0,183541
812,2,432.0,85.0,5268022.0,5268539
813,0,4.0,1.0,2.0,7
814,1,0.0,0.0,33.0,33
815,1,12.0,13.0,48083.0,48108
816,0,4173.0,4138.0,649404.0,657715
817,0,17136.0,5003.0,54097725.0,54119864
818,0,,,,54119864
819,0,3359.0,2521.0,440444.0,446324
820,0,362.0,300.0,23333.0,23995
821,0,39.0,78.0,231353.0,231470
822,0,35.0,29.0,3638543.0,3638607
823,0,18592.0,5166.0,335132.0,358890
824,0,,,,358890
825,0,,,,358890
826,0,59.0,19.0,42881.0,42959
827,0,,,,42959
828,0,574.0,352.0,49625302.0,49626228
829,2,5367.0,2668.0,158217.0,166252
830,0,,,,166252
831,0,3098.0,1557.0,53818.0,58473
832,0,2870.0,658.0,81934.0,85462
833,0,724.0,1138.0,74452.0,76314
834,0,25.0,30.0,753.0,808
835,2,,,,808
836,0,73.0,28.0,345350.0,345451
837,1,957.0,468.0,891942.0,893367
838,0,126.0,25.0,167956.0,168107
839,0,4133.0,1263.0,7119799.0,7125195
840,1,233.0,204.0,323050.0,323487
841,2,39.0,36.0,142901.0,142976
842,1,1182.0,344.0,61908.0,63434
843,2,5367.0,2668.0,158217.0,166252
844,0,26651.0,7645.0,342814.0,377110
845,0,975.0,544.0,70189.0,71708
846,2,39.0,36.0,142901.0,142976
847,0,871.0,361.0,5072724.0,5073956
848,0,4393.0,605.0,414890.0,419888
849,2,39.0,36.0,142901.0,142976
850,0,4.0,8.0,821400.0,821412
851,0,724.0,1138.0,74452.0,76314
852,1,233.0,204.0,323050.0,323487
853,0,335.0,85.0,10707.0,11127
854,0,4295.0,2478.0,231068.0,237841
855,0,,,,237841
856,0,106.0,99.0,246796.0,247001
857,0,3.0,0.0,22.0,25
858,0,9.0,3.0,1031.0,1043
859,0,724.0,1138.0,74452.0,76314
860,1,1965.0,832.0,7991.0,10788
861,1,1398.0,855.0,2262810.0,2265063
862,0,372.0,177.0,182643.0,183192
863,0,371.0,177.0,182643.0,183191
864,0,106.0,99.0,246796.0,247001
865,0,10435.0,1151.0,4353060.0,4364646
866,2,1.0,0.0,23.0,24
867,2,39.0,36.0,142901.0,142976
868,0,2.0,0.0,1135.0,1137
869,0,4214.0,1546.0,2492213.0,2497973
870,0,1138.0,553.0,19247.0,20938
871,1,63.0,20.0,59483.0,59566
872,0,724.0,1138.0,74452.0,76314
873,0,25.0,30.0,753.0,808
874,2,11.0,4.0,316.0,331
875,2,,,,331
876,0,4579.0,1639.0,1429986.0,1436204
877,1,121227.0,30804.0,7889404.0,8041435
878,0,15817.0,5084.0,7889404.0,7910305
879,0,608.0,407.0,187263.0,188278
880,0,2.0,1.0,595.0,598
881,0,276.0,112.0,12147.0,12535
882,1,,,,12535
883,0,1177.0,525.0,8556.0,10258
884,0,,,,10258
885,0,114.0,66.0,246796.0,246976
886,1,1575.0,656.0,6245.0,8476
887,0,,,,8476
888,0,871.0,361.0,5072724.0,5073956
889,1,957.0,468.0,891942.0,893367
890,2,844.0,146.0,1294068.0,1295058
891,0,475.0,197.0,182643.0,183315
892,2,,,,183315
893,0,1096.0,341.0,1279967.0,1281404
894,1,46332.0,9484.0,1279967.0,1335783
895,0,,,,1335783
896,0,11681.0,4834.0,325423.0,341938
897,0,59.0,19.0,42881.0,42959
898,0,297.0,246.0,21870.0,22413
899,0,333.0,97.0,13766.0,14196
900,0,259.0,120.0,469221.0,469600
901,2,0.0,0.0,50.0,50
902,2,475.0,232.0,2809.0,3516
903,1,47893.0,9905.0,796632.0,854430
904,0,,,,854430
905,0,50.0,29.0,7265.0,7344
906,2,1.0,0.0,23.0,24
907,0,,,,24
908,0,,,,24
909,1,1256.0,466.0,157.0,1879
910,0,10435.0,1151.0,4353061.0,4364647
911,0,,,,4364647
912,0,,,,4364647
913,0,,,,4364647
914,0,,,,4364647
915,0,287.0,130.0,6986.0,7403
916,0,,,,7403
917,0,,,,7403
918,0,4299.0,2439.0,432905.0,439643
919,1,,,,439643
920,1,4027.0,1257.0,8379.0,13663
921,0,433.0,192.0,6776.0,7401
922,0,142.0,60.0,1160154.0,1160356
923,1,104.0,69.0,5175.0,5348
924,0,54.0,12.0,61386.0,61452
925,1,12.0,8.0,35421.0,35441
926,0,586.0,287.0,246796.0,247669
927,2,46895.0,18793.0,25099.0,90787
928,0,6125.0,1963.0,3762018.0,3770106
929,0,56.0,77.0,446572.0,446705
930,0,2.0,0.0,731.0,733
931,1,2213.0,1019.0,26776667.0,26779899
932,0,,,,26779899
933,0,385.0,450.0,1983449.0,1984284
934,0,22.0,15.0,195761.0,195798
935,0,24.0,18.0,195761.0,195803
936,0,807.0,351.0,289575.0,290733
937,1,3.0,1.0,2271.0,2275
938,0,15.0,8.0,145.0,168
939,2,584.0,320.0,263005.0,263909
940,0,17678.0,3048.0,993174.0,1013900
941,0,6125.0,1963.0,3762018.0,3770106
942,1,89080.0,14719.0,2134848.0,2238647
943,1,,,,2238647
944,0,,,,2238647
945,0,,,,2238647
946,0,7.0,9.0,32838.0,32854
947,0,56.0,77.0,446572.0,446705
948,0,0.0,1.0,1076.0,1077
949,0,9278.0,6366.0,1437021.0,1452665
950,0,56.0,77.0,446572.0,446705
951,1,22904.0,18143.0,1882281.0,1923328
952,0,79.0,16.0,258.0,353
953,0,68627.0,6434.0,1171331.0,1246392
954,0,7.0,9.0,32838.0,32854
955,0,37928.0,40056.0,309294.0,387278
956,0,1100.0,517.0,182643.0,184260
957,1,81.0,18.0,158415.0,158514
958,1,966.0,1228.0,14294.0,16488
959,0,167.0,33.0,5693.0,5893
960,1,,,,5893
961,0,7.0,9.0,32838.0,32854
962,0,56.0,77.0,446572.0,446705
963,2,872.0,272.0,30493.0,31637
964,0,444.0,239.0,23957.0,24640
965,0,247.0,138.0,1549.0,1934
966,1,614.0,513.0,3762018.0,3763145
967,0,19.0,9.0,588.0,616
968,0,16.0,6.0,174336.0,174358
969,0,,,,174358
970,1,35.0,31.0,86922.0,86988
971,0,4299.0,2439.0,432905.0,439643
972,0,,,,439643
973,0,863.0,128.0,200816.0,201807
974,1,1194.0,563.0,1673.0,3430
975,2,872.0,272.0,30493.0,31637
976,0,56.0,77.0,446572.0,446705
977,1,57.0,43.0,1825250.0,1825350
978,0,4145.0,605.0,993174.0,997924
979,2,181.0,27.0,420292.0,420500
980,0,805.0,449.0,22115.0,23369
981,0,201.0,277.0,45060.0,45538
982,1,1.0,0.0,1474.0,1475
983,0,226.0,174.0,49673.0,50073
984,1,145.0,62.0,8395.0,8602
985,0,777.0,401.0,53219718.0,53220896
986,0,5018.0,3233.0,49625332.0,49633583
987,0,,,,49633583
988,2,10.0,10.0,11812.0,11832
989,0,,,,11832
990,0,85.0,95.0,14099.0,14279
991,1,139.0,157.0,46686.0,46982
992,0,175.0,205.0,21870.0,22250
993,0,56.0,77.0,446572.0,446705
994,0,,,,446705
995,0,1177.0,525.0,8556.0,10258
996,0,30.0,40.0,30449.0,30519
997,0,,,,30519
998,0,3943.0,3788.0,191379.0,199110
999,1,453.0,155.0,774005.0,774613
1000,0,91.0,56.0,246796.0,246943
1001,0,,,,246943
1002,0,68.0,32.0,246796.0,246896
1003,2,5.0,0.0,272424.0,272429
1004,0,5797.0,1993.0,5072724.0,5080514
1005,0,,,,5080514
1006,1,22904.0,18143.0,1882282.0,1923329
1007,0,3332.0,842.0,5072724.0,5076898
1008,0,,,,5076898
1009,0,23.0,30.0,12495.0,12548
1010,1,4.0,9.0,12495.0,12508
1011,1,2.0,2.0,12495.0,12499
1012,0,4.0,6.0,12495.0,12505
1013,1,5156.0,1396.0,675694.0,682246
1014,0,47.0,40.0,12491.0,12578
1015,0,4145.0,605.0,993174.0,997924
1016,0,13637.0,4234.0,6945608.0,6963479
1017,0,720.0,143.0,5268032.0,5268895
1018,0,2578.0,2462.0,569615.0,574655
1019,2,227.0,111.0,3136802.0,3137140
1020,0,100486.0,77064.0,54505.0,232055
1021,0,17678.0,3048.0,993175.0,1013901
1022,0,,,,1013901
1023,0,1612.0,700.0,102416.0,104728
1024,2,,,,104728
1025,0,547.0,294.0,825156.0,825997
1026,0,,,,825997
1027,0,23.0,30.0,12495.0,12548
1028,1,4.0,9.0,12495.0,12508
1029,1,2.0,2.0,12495.0,12499
1030,0,4.0,6.0,12495.0,12505
1031,1,5156.0,1396.0,675701.0,682253
1032,0,47.0,40.0,12495.0,12582
1033,0,23.0,30.0,12495.0,12548
1034,1,4.0,9.0,12495.0,12508
1035,1,2.0,2.0,12495.0,12499
1036,0,4.0,6.0,12495.0,12505
1037,1,5156.0,1396.0,675701.0,682253
1038,0,47.0,40.0,12495.0,12582
1039,0,23.0,30.0,12495.0,12548
1040,1,4.0,9.0,12495.0,12508
1041,1,2.0,2.0,12495.0,12499
1042,1,5156.0,1396.0,675701.0,682253
1043,0,47.0,40.0,12495.0,12582
1044,0,23.0,30.0,12495.0,12548
1045,1,4.0,9.0,12495.0,12508
1046,1,2.0,2.0,12495.0,12499
1047,0,4.0,6.0,12495.0,12505
1048,1,5156.0,1396.0,675701.0,682253
1049,0,47.0,40.0,12495.0,12582
1050,0,2578.0,2462.0,569615.0,574655
1051,0,23.0,30.0,12495.0,12548
1052,1,4.0,9.0,12495.0,12508
1053,1,2.0,2.0,12495.0,12499
1054,0,4.0,6.0,12495.0,12505
1055,1,5156.0,1396.0,675701.0,682253
1056,0,47.0,40.0,12495.0,12582
1057,0,23.0,30.0,12495.0,12548
1058,1,4.0,9.0,12495.0,12508
1059,1,2.0,2.0,12495.0,12499
1060,0,4.0,6.0,12495.0,12505
1061,1,5156.0,1396.0,675701.0,682253
1062,0,47.0,40.0,12495.0,12582
1063,0,23.0,30.0,12495.0,12548
1064,1,4.0,9.0,12495.0,12508
1065,1,2.0,2.0,12495.0,12499
1066,0,4.0,6.0,12495.0,12505
1067,1,5156.0,1396.0,675701.0,682253
1068,0,47.0,40.0,12495.0,12582
1069,0,59.0,19.0,42881.0,42959
1070,0,677.0,529.0,2283841.0,2285047
1071,0,23.0,30.0,12495.0,12548
1072,1,4.0,9.0,12495.0,12508
1073,1,2.0,2.0,12495.0,12499
1074,0,4.0,6.0,12495.0,12505
1075,1,5156.0,1396.0,675702.0,682254
1076,0,47.0,40.0,12495.0,12582
1077,0,547.0,294.0,825156.0,825997
1078,0,23.0,30.0,12495.0,12548
1079,1,4.0,9.0,12495.0,12508
1080,1,2.0,2.0,12495.0,12499
1081,0,4.0,6.0,12495.0,12505
1082,1,5156.0,1396.0,675702.0,682254
1083,0,47.0,40.0,12495.0,12582
1084,2,485.0,374.0,106931.0,107790
1085,0,250.0,114.0,396006.0,396370
1086,0,,,,396370
1087,1,1327.0,1286.0,44710.0,47323
1088,0,,,,47323
1089,0,2949.0,2287.0,1882281.0,1887517
1090,1,6817.0,3218.0,881496.0,891531
1091,0,14327.0,6964.0,881496.0,902787
1092,0,125.0,221.0,1032096.0,1032442
1093,1,,,,1032442
1094,2,496.0,170.0,1947.0,2613
1095,0,17678.0,3048.0,993175.0,1013901
1096,1,9.0,8.0,281816.0,281833
1097,0,82.0,119.0,136193.0,136394
1098,0,44.0,49.0,136193.0,136286
1099,0,9498.0,317.0,1451524.0,1461339
1100,0,1094.0,216.0,20807.0,22117
1101,0,,,,22117
1102,0,6.0,2.0,3044.0,3052
1103,1,4.0,1.0,1192.0,1197
1104,0,0.0,0.0,3521.0,3521
1105,2,485.0,374.0,106931.0,107790
1106,0,250.0,114.0,396006.0,396370
1107,2,583.0,123.0,158415.0,159121
1108,1,157.0,62.0,1536.0,1755
1109,0,66.0,27.0,114824.0,114917
1110,0,1631.0,739.0,475735.0,478105
1111,0,430.0,194.0,26224.0,26848
1112,0,25079.0,12174.0,172433.0,209686
1113,1,14926.0,2000.0,5586354.0,5603280
1114,0,,,,5603280
1115,0,,,,5603280
1116,0,9.0,1.0,106.0,116
1117,1,925236.0,237657.0,19027.0,1181920
1118,0,33.0,0.0,3091277.0,3091310
1119,0,,,,3091310
1120,0,12967.0,8942.0,120906.0,142815
1121,0,944.0,443.0,714297.0,715684
1122,0,62.0,53.0,66574.0,66689
1123,0,39.0,7.0,6712.0,6758
1124,2,312.0,215.0,78668.0,79195
1125,2,388.0,293.0,44651.0,45332
1126,1,0.0,0.0,663.0,663
1127,1,,,,663
1128,0,0.0,0.0,15.0,15
1129,0,,,,15
1130,1,16.0,0.0,165.0,181
1131,0,7.0,1.0,58.0,66
1132,0,76.0,40.0,8991.0,9107
1133,0,,,,9107
1134,0,603.0,228.0,272546.0,273377
1135,0,,,,273377
1136,0,62.0,53.0,66574.0,66689
1137,0,,,,66689
1138,0,62.0,53.0,66574.0,66689
1139,0,492.0,168.0,204264.0,204924
1140,0,,,,204924
1141,1,2837.0,803.0,12465.0,16105
1142,0,,,,16105
1143,0,1182.0,205.0,5860226.0,5861613
1144,0,335.0,170.0,182645.0,183150
1145,0,76.0,82.0,1983450.0,1983608
1146,0,,,,1983608
1147,0,,,,1983608
1148,0,335.0,170.0,182645.0,183150
1149,0,5983.0,3895.0,1437034.0,1446912
1150,0,199.0,56.0,7317090.0,7317345
1151,0,11493.0,2950.0,501311.0,515754
1152,1,10.0,9.0,32735.0,32754
1153,1,16.0,0.0,165.0,181
1154,1,42.0,6.0,54513.0,54561
1155,0,335.0,170.0,182645.0,183150
1156,0,76.0,82.0,1983450.0,1983608
1157,0,37928.0,40056.0,309295.0,387279
1158,0,23.0,30.0,12495.0,12548
1159,1,4.0,9.0,12495.0,12508
1160,1,2.0,2.0,12495.0,12499
1161,0,4.0,6.0,12495.0,12505
1162,1,5156.0,1396.0,675704.0,682256
1163,0,47.0,40.0,12495.0,12582
1164,0,11.0,3.0,813.0,827
1165,2,0.0,0.0,1117.0,1117
1166,0,,,,1117
1167,0,2532.0,412.0,793877.0,796821
1168,0,14327.0,6964.0,881496.0,902787
1169,0,18460.0,11517.0,881496.0,911473
1170,0,1.0,0.0,1.0,2
1171,0,,,,2
1172,0,109404.0,28496.0,12538.0,150438
1173,0,67.0,36.0,99444.0,99547
1174,0,36.0,55.0,112226.0,112317
1175,0,,,,112317
1176,0,14327.0,6964.0,881496.0,902787
1177,2,2337.0,3904.0,68216.0,74457
1178,0,,,,74457
1179,0,11318.0,1543.0,35293927.0,35306788
1180,0,23.0,30.0,12495.0,12548
1181,1,4.0,9.0,12495.0,12508
1182,1,2.0,2.0,12495.0,12499
1183,0,4.0,6.0,12495.0,12505
1184,1,5156.0,1396.0,675705.0,682257
1185,0,47.0,40.0,12495.0,12582
1186,0,,,,12582
1187,1,,,,12582
1188,0,23.0,30.0,12495.0,12548
1189,1,4.0,9.0,12495.0,12508
1190,1,2.0,2.0,12495.0,12499
1191,0,4.0,6.0,12495.0,12505
1192,1,5156.0,1396.0,675705.0,682257
1193,0,47.0,40.0,12495.0,12582
1194,2,,,,12582
1195,0,722.0,375.0,45111.0,46208
1196,0,,,,46208
1197,0,,,,46208
1198,1,38.0,50.0,91897.0,91985
1199,0,,,,91985
1200,0,2449.0,2505.0,3638548.0,3643502
1201,1,116.0,90.0,15676.0,15882
1202,0,7.0,9.0,259.0,275
1203,1,501.0,261.0,10310.0,11072
1204,1,181751.0,31966.0,91561474.0,91775191
1205,0,23.0,30.0,12495.0,12548
1206,1,4.0,9.0,12495.0,12508
1207,1,2.0,2.0,12495.0,12499
1208,0,4.0,6.0,12495.0,12505
1209,1,5156.0,1396.0,675705.0,682257
1210,0,47.0,40.0,12495.0,12582
1211,0,,,,12582
1212,0,,,,12582
1213,0,57.0,23.0,675.0,755
1214,0,136060.0,67385.0,27649.0,231094
1215,0,,,,231094
1216,1,38.0,50.0,91897.0,91985
1217,0,,,,91985
1218,1,38.0,50.0,91897.0,91985
1219,1,181751.0,31966.0,91561475.0,91775192
1220,0,1.0,1.0,1312.0,1314
1221,0,457.0,204.0,9020552.0,9021213
1222,1,548.0,329.0,105598.0,106475
1223,1,181751.0,31966.0,91561476.0,91775193
1224,0,,,,91775193
1225,0,,,,91775193
1226,0,,,,91775193
1227,0,547.0,294.0,825157.0,825998
1228,0,,,,825998
1229,0,2.0,1.0,477.0,480
1230,0,42.0,46.0,78265.0,78353
1231,0,,,,78353
1232,0,7.0,1.0,58.0,66
1233,0,562.0,103.0,46913.0,47578
1234,0,23.0,30.0,12495.0,12548
1235,1,4.0,9.0,12495.0,12508
1236,1,2.0,2.0,12495.0,12499
1237,0,4.0,6.0,12495.0,12505
1238,1,5156.0,1396.0,675707.0,682259
1239,0,47.0,40.0,12495.0,12582
1240,0,,,,12582
1241,0,158.0,97.0,284640.0,284895
1242,1,181751.0,31966.0,91561480.0,91775197
1243,1,181751.0,31966.0,91561481.0,91775198
1244,0,115.0,38.0,13556.0,13709
1245,0,5031.0,1692.0,18338.0,25061
1246,0,55939.0,13665.0,54262.0,123866
1247,0,,,,123866
1248,0,25079.0,12174.0,172433.0,209686
1249,0,23.0,30.0,12495.0,12548
1250,1,4.0,9.0,12495.0,12508
1251,1,2.0,2.0,12495.0,12499
1252,0,4.0,6.0,12495.0,12505
1253,1,5156.0,1396.0,675707.0,682259
1254,0,47.0,40.0,12495.0,12582
1255,1,548.0,329.0,105598.0,106475
1256,0,158.0,97.0,284640.0,284895
1257,0,23.0,30.0,12495.0,12548
1258,1,4.0,9.0,12495.0,12508
1259,1,2.0,2.0,12495.0,12499
1260,0,4.0,6.0,12495.0,12505
1261,1,5156.0,1396.0,675707.0,682259
1262,0,47.0,40.0,12495.0,12582
1263,0,23.0,30.0,12495.0,12548
1264,1,4.0,9.0,12495.0,12508
1265,1,2.0,2.0,12495.0,12499
1266,0,4.0,6.0,12495.0,12505
1267,1,5156.0,1396.0,675708.0,682260
1268,0,47.0,40.0,12495.0,12582
1269,1,5.0,3.0,55688.0,55696
1270,0,31226.0,4527.0,692210.0,727963
1271,0,15527.0,2564.0,2704558.0,2722649
1272,0,25079.0,12174.0,172434.0,209687
1273,0,55939.0,13665.0,54262.0,123866
1274,1,3.0,4.0,114.0,121
1275,0,1199.0,1669.0,10329.0,13197
1276,0,1199.0,1669.0,10329.0,13197
1277,1,68.0,99.0,91897.0,92064
1278,0,1199.0,1669.0,10329.0,13197
1279,0,25079.0,12174.0,172434.0,209687
1280,0,37928.0,40056.0,309295.0,387279
1281,2,143.0,106.0,1983451.0,1983700
1282,0,0.0,0.0,205.0,205
1283,1,,,,205
1284,0,44688.0,19086.0,583947.0,647721
1285,0,4392.0,1735.0,11433.0,17560
1286,0,2660.0,1149.0,1437036.0,1440845
1287,0,715.0,223.0,3091280.0,3092218
1288,0,249917.0,15982.0,16665099.0,16930998
1289,2,,,,16930998
1290,1,17.0,3.0,4323.0,4343
1291,0,1192.0,960.0,9138295.0,9140447
1292,0,1250.0,1145.0,69759.0,72154
1293,0,85.0,91.0,6914.0,7090
1294,1,181751.0,31966.0,91561494.0,91775211
1295,0,1505.0,637.0,68184.0,70326
1296,0,211.0,96.0,16879.0,17186
1297,0,7964.0,6151.0,1437036.0,1451151
1298,0,5692.0,3794.0,1437036.0,1446522
1299,1,96.0,64.0,245186.0,245346
1300,0,14327.0,6964.0,881497.0,902788
1301,0,3561.0,1017.0,757985.0,762563
1302,0,3980.0,2183.0,389221.0,395384
1303,1,,,,395384
1304,0,884.0,562.0,7480.0,8926
1305,0,,,,8926
1306,0,37928.0,40056.0,309295.0,387279
1307,0,6523.0,4846.0,431657.0,443026
1308,2,642.0,529.0,151928.0,153099
1309,0,136.0,91.0,47887.0,48114
1310,0,,,,48114
1311,1,10679.0,3175.0,1533228.0,1547082
1312,0,,,,1547082
1313,0,2845.0,802.0,2621171.0,2624818
1314,0,,,,2624818
1315,1,295.0,463.0,1437036.0,1437794
1316,0,233.0,162.0,182645.0,183040
1317,1,,,,183040
1318,1,181751.0,31966.0,91561496.0,91775213
1319,1,542.0,329.0,105590.0,106461
1320,0,12963.0,3391.0,2153546.0,2169900
1321,0,6523.0,4846.0,431657.0,443026
1322,2,642.0,529.0,151928.0,153099
1323,0,4698.0,2232.0,1207551.0,1214481
1324,0,889.0,893.0,195756.0,197538
1325,0,,,,197538
1326,0,23.0,30.0,12495.0,12548
1327,1,4.0,9.0,12495.0,12508
1328,1,2.0,2.0,12495.0,12499
1329,0,4.0,6.0,12495.0,12505
1330,1,5156.0,1396.0,675716.0,682268
1331,0,47.0,40.0,12495.0,12582
1332,0,,,,12582
1333,1,3488.0,492.0,581930.0,585910
1334,0,50087.0,10190.0,581930.0,642207
1335,0,3046.0,410.0,11968.0,15424
1336,0,703.0,593.0,312956.0,314252
1337,2,61.0,90.0,100441.0,100592
1338,0,23.0,30.0,12495.0,12548
1339,1,4.0,9.0,12495.0,12508
1340,1,2.0,2.0,12495.0,12499
1341,0,4.0,6.0,12495.0,12505
1342,1,5156.0,1396.0,675716.0,682268
1343,0,47.0,40.0,12495.0,12582
1344,0,145.0,11.0,5268092.0,5268248
1345,0,25079.0,12173.0,172434.0,209686
1346,0,4142.0,1129.0,33181.0,38452
1347,0,23.0,30.0,12495.0,12548
1348,1,4.0,9.0,12495.0,12508
1349,1,2.0,2.0,12495.0,12499
1350,0,4.0,6.0,12495.0,12505
1351,1,5156.0,1396.0,675716.0,682268
1352,0,47.0,40.0,12495.0,12582
1353,0,23.0,30.0,12495.0,12548
1354,1,4.0,9.0,12495.0,12508
1355,1,2.0,2.0,12495.0,12499
1356,0,4.0,6.0,12495.0,12505
1357,1,5156.0,1396.0,675716.0,682268
1358,0,47.0,40.0,12495.0,12582
1359,0,3485.0,3311.0,1437041.0,1443837
1360,1,,,,1443837
1361,0,,,,1443837
1362,1,90.0,101.0,76081.0,76272
1363,0,1910.0,2097.0,79271.0,83278
1364,0,201.0,163.0,3995.0,4359
1365,0,,,,4359
1366,0,23.0,30.0,12495.0,12548
1367,1,4.0,9.0,12495.0,12508
1368,1,2.0,2.0,12495.0,12499
1369,0,4.0,6.0,12495.0,12505
1370,1,5156.0,1396.0,675716.0,682268
1371,0,47.0,40.0,12495.0,12582
1372,0,23.0,30.0,12495.0,12548
1373,1,4.0,9.0,12495.0,12508
1374,1,2.0,2.0,12495.0,12499
1375,0,4.0,6.0,12491.0,12501
1376,1,5156.0,1396.0,675716.0,682268
1377,0,47.0,40.0,12495.0,12582
1378,0,,,,12582
1379,0,0.0,0.0,24.0,24
1380,0,,,,24
1381,0,59.0,82.0,35037.0,35178
1382,0,4.0,2.0,906.0,912
1383,0,481.0,386.0,3530527.0,3531394
1384,0,1910.0,2097.0,79271.0,83278
1385,0,201.0,163.0,3994.0,4358
1386,0,0.0,1.0,9692.0,9693
1387,0,829.0,793.0,653628.0,655250
1388,1,194.0,283.0,80768.0,81245
1389,1,6.0,3.0,1944.0,1953
1390,1,48.0,58.0,32147.0,32253
1391,0,3.0,1.0,99.0,103
1392,0,38.0,29.0,353437.0,353504
1393,0,1910.0,2097.0,79271.0,83278
1394,0,201.0,163.0,3995.0,4359
1395,1,686.0,158.0,1721469.0,1722313
1396,0,5.0,7.0,457012.0,457024
1397,1,77.0,41.0,1252770.0,1252888
1398,0,5.0,4.0,2409.0,2418
1399,1,2.0,0.0,764.0,766
1400,1,,,,766
1401,0,33.0,30.0,43973.0,44036
1402,0,3107.0,1891.0,37037.0,42035
1403,0,69.0,48.0,114241.0,114358
1404,1,234.0,187.0,3530527.0,3530948
1405,0,925.0,260.0,4136755.0,4137940
1406,0,1135.0,324.0,4136755.0,4138214
1407,0,,,,4138214
1408,0,78.0,53.0,65485.0,65616
1409,0,4937.0,3052.0,133674.0,141663
1410,0,1784.0,744.0,133674.0,136202
1411,1,,,,136202
1412,0,,,,136202
1413,0,,,,136202
1414,0,378.0,355.0,1437040.0,1437773
1415,0,10212.0,7929.0,1437040.0,1455181
1416,1,867.0,93.0,10359573.0,10360533
1417,1,2200.0,164.0,2293095.0,2295459
1418,0,128.0,65.0,12728.0,12921
1419,0,136.0,92.0,1437040.0,1437268
1420,0,10212.0,7929.0,1437040.0,1455181
1421,0,,,,1455181
1422,0,,,,1455181
1423,0,11.0,21.0,5463.0,5495
1424,0,23.0,30.0,12495.0,12548
1425,1,4.0,9.0,12495.0,12508
1426,1,2.0,2.0,12495.0,12499
1427,0,4.0,6.0,12495.0,12505
1428,1,5156.0,1396.0,675716.0,682268
1429,0,47.0,40.0,12495.0,12582
1430,0,114.0,125.0,228588.0,228827
1431,0,99.0,35.0,13647382.0,13647516
1432,0,139.0,82.0,41252.0,41473
1433,0,1.0,1.0,58.0,60
1434,0,139.0,82.0,41252.0,41473
1435,0,11.0,4.0,11782.0,11797
1436,0,68865.0,17995.0,53219675.0,53306535
1437,0,68865.0,17995.0,53219676.0,53306536
1438,0,231.0,148.0,82663.0,83042
1439,0,3498.0,1435.0,294249.0,299182
1440,2,122.0,92.0,28333.0,28547
1441,0,23.0,30.0,12495.0,12548
1442,1,4.0,9.0,12495.0,12508
1443,1,2.0,2.0,12495.0,12499
1444,0,4.0,6.0,12495.0,12505
1445,1,5156.0,1396.0,675717.0,682269
1446,0,47.0,40.0,12495.0,12582
1447,0,23.0,30.0,12495.0,12548
1448,1,4.0,9.0,12495.0,12508
1449,1,2.0,2.0,12495.0,12499
1450,0,4.0,6.0,12495.0,12505
1451,1,5156.0,1396.0,675717.0,682269
1452,0,47.0,40.0,12495.0,12582
1453,0,23.0,30.0,12495.0,12548
1454,1,4.0,9.0,12495.0,12508
1455,1,2.0,2.0,12495.0,12499
1456,0,4.0,6.0,12495.0,12505
1457,1,5156.0,1396.0,675717.0,682269
1458,0,47.0,40.0,12495.0,12582
1459,0,35.0,29.0,6112.0,6176
1460,1,,,,6176
1461,0,335.0,85.0,10707.0,11127
1462,0,64.0,52.0,246799.0,246915
1463,0,13.0,5.0,246799.0,246817
1464,0,37.0,42.0,66720.0,66799
1465,0,68.0,49.0,22940.0,23057
1466,0,17.0,12.0,246799.0,246828
1467,0,79.0,62.0,228588.0,228729
1468,2,,,,228729
1469,0,20.0,5.0,642.0,667
1470,0,23.0,30.0,12495.0,12548
1471,1,4.0,9.0,12495.0,12508
1472,1,2.0,2.0,12495.0,12499
1473,0,4.0,6.0,12495.0,12505
1474,1,5156.0,1396.0,675717.0,682269
1475,0,47.0,40.0,12495.0,12582
1476,0,23.0,30.0,12495.0,12548
1477,1,4.0,9.0,12495.0,12508
1478,1,2.0,2.0,12495.0,12499
1479,0,4.0,6.0,12495.0,12505
1480,1,5156.0,1396.0,675717.0,682269
1481,0,47.0,40.0,12495.0,12582
1482,1,614.0,513.0,3762102.0,3763229
1483,0,1059.0,963.0,672501.0,674523
1484,1,614.0,513.0,3762102.0,3763229
1485,0,,,,3763229
1486,0,7297.0,2826.0,3214989.0,3225112
1487,0,,,,3225112
1488,0,,,,3225112
1489,0,,,,3225112
1490,0,1912.0,552.0,3214989.0,3217453
1491,0,2028.0,473.0,3214989.0,3217490
1492,0,,,,3217490
1493,0,,,,3217490
1494,2,,,,3217490
1495,0,999.0,211.0,3214989.0,3216199
1496,1,5369.0,2008.0,3214989.0,3222366
1497,0,23.0,30.0,12495.0,12548
1498,1,4.0,9.0,12495.0,12508
1499,1,2.0,2.0,12495.0,12499
1500,0,4.0,6.0,12495.0,12505
1501,1,5156.0,1396.0,675717.0,682269
1502,0,47.0,40.0,12495.0,12582
1503,0,1123.0,955.0,9138336.0,9140414
1504,0,921.0,523.0,5719.0,7163
1505,0,0.0,0.0,771.0,771
1506,1,71.0,79.0,3491.0,3641
1507,0,6795.0,522.0,5261807.0,5269124
1508,0,6797.0,522.0,5261807.0,5269126
1509,0,,,,5269126
1510,0,0.0,0.0,43.0,43
1511,0,23.0,30.0,12495.0,12548
1512,1,4.0,9.0,12495.0,12508
1513,1,2.0,2.0,12495.0,12499
1514,0,4.0,6.0,12495.0,12505
1515,1,5156.0,1396.0,675717.0,682269
1516,0,47.0,40.0,12495.0,12582
1517,0,23.0,30.0,12495.0,12548
1518,1,4.0,9.0,12495.0,12508
1519,1,2.0,2.0,12495.0,12499
1520,0,4.0,6.0,12495.0,12505
1521,1,5156.0,1396.0,675717.0,682269
1522,0,47.0,40.0,12495.0,12582
1523,0,17.0,10.0,25160.0,25187
1524,0,23.0,7.0,1319.0,1349
1525,0,23.0,30.0,12491.0,12544
1526,1,4.0,9.0,12495.0,12508
1527,1,2.0,2.0,12495.0,12499
1528,0,4.0,6.0,12495.0,12505
1529,1,5156.0,1396.0,675717.0,682269
1530,0,47.0,40.0,12495.0,12582
1531,0,,,,12582
1532,2,70.0,47.0,1983457.0,1983574
1533,0,1364.0,926.0,27401.0,29691
1534,0,45.0,2.0,5901.0,5948
1535,1,,,,5948
1536,0,27.0,21.0,1817436.0,1817484
1537,0,1386.0,1092.0,101943.0,104421
1538,0,,,,104421
1539,0,,,,104421
1540,0,30.0,25.0,1619993.0,1620048
1541,0,10.0,1.0,1079.0,1090
1542,0,68865.0,17994.0,53219692.0,53306551
1543,0,867.0,277.0,176083.0,177227
1544,1,77.0,41.0,1252770.0,1252888
1545,2,,,,1252888
1546,0,78.0,53.0,65485.0,65616
1547,0,461.0,218.0,51369.0,52048
1548,2,48.0,19.0,9020574.0,9020641
1549,0,2.0,1.0,7140.0,7143
1550,0,164.0,125.0,1437042.0,1437331
1551,0,21.0,8.0,1437042.0,1437071
1552,0,101.0,94.0,1436977.0,1437172
1553,0,684.0,289.0,2577639.0,2578612
1554,0,784.0,246.0,3034613.0,3035643
1555,0,1250.0,917.0,185933.0,188100
1556,0,1.0,1.0,3039.0,3041
1557,0,316.0,254.0,137510.0,138080
1558,0,9.0,4.0,1669.0,1682
1559,0,1384.0,1002.0,9138336.0,9140722
1560,1,64.0,14.0,257736.0,257814
1561,0,1250.0,917.0,185934.0,188101
1562,0,316.0,254.0,137510.0,138080
1563,0,541.0,180.0,18537.0,19258
1564,2,880.0,647.0,1882283.0,1883810
1565,0,1602.0,1348.0,672501.0,675451
1566,0,58.0,58.0,45.0,161
1567,1,,,,161
1568,0,4719.0,2440.0,881500.0,888659
1569,2,298.0,199.0,2449.0,2946
1570,0,1217.0,864.0,431660.0,433741
1571,0,78.0,53.0,65485.0,65616
1572,0,209.0,76.0,12505617.0,12505902
1573,0,99.0,35.0,13647382.0,13647516
1574,0,,,,13647516
1575,0,4.0,0.0,585.0,589
1576,0,15.0,10.0,1437043.0,1437068
1577,0,10.0,10.0,1437043.0,1437063
1578,0,4070.0,2949.0,1437043.0,1444062
1579,0,10212.0,7929.0,1437043.0,1455184
1580,0,4.0,5.0,15253.0,15262
1581,0,2.0,1.0,25823.0,25826
1582,2,298.0,199.0,2449.0,2946
1583,0,,,,2946
1584,1,21.0,34.0,1898.0,1953
1585,0,12.0,3.0,1669.0,1684
1586,0,99.0,35.0,13647382.0,13647516
1587,0,23.0,30.0,12495.0,12548
1588,1,4.0,9.0,12495.0,12508
1589,1,2.0,2.0,12495.0,12499
1590,0,4.0,6.0,12495.0,12505
1591,1,5156.0,1396.0,675717.0,682269
1592,0,47.0,40.0,12495.0,12582
1593,0,1392.0,783.0,307544.0,309719
1594,1,29.0,13.0,22457.0,22499
1595,0,5.0,0.0,12817.0,12822
1596,0,0.0,0.0,777.0,777
1597,0,29.0,37.0,44495.0,44561
1598,0,9.0,2.0,238.0,249
1599,0,487.0,413.0,38377.0,39277
1600,0,78.0,53.0,65485.0,65616
1601,0,78.0,53.0,65485.0,65616
1602,1,0.0,0.0,172.0,172
1603,0,,,,172
1604,1,10.0,6.0,10722.0,10738
1605,0,78.0,53.0,65485.0,65616
1606,0,3.0,3.0,3506.0,3512
1607,0,101.0,94.0,1437043.0,1437238
1608,0,4.0,21.0,1813938.0,1813963
1609,0,18.0,9.0,3506.0,3533
1610,0,1392.0,783.0,307544.0,309719
1611,0,3.0,3.0,3506.0,3512
1612,0,78.0,53.0,65485.0,65616
1613,1,23.0,14.0,4456.0,4493
1614,0,523.0,513.0,634072.0,635108
1615,0,84.0,19.0,115477.0,115580
1616,0,33.0,48.0,276911.0,276992
1617,0,23.0,30.0,12495.0,12548
1618,1,4.0,9.0,12495.0,12508
1619,1,2.0,2.0,12495.0,12499
1620,0,4.0,6.0,12495.0,12505
1621,1,5156.0,1396.0,675717.0,682269
1622,0,47.0,40.0,12495.0,12582
1623,0,523.0,513.0,634072.0,635108
1624,1,207.0,98.0,218251.0,218556
1625,2,1223.0,968.0,9138341.0,9140532
1626,0,1196.0,844.0,1882283.0,1884323
1627,0,,,,1884323
1628,0,21.0,8.0,1437043.0,1437072
1629,0,101.0,94.0,1437043.0,1437238
1630,0,385.0,450.0,1983457.0,1984292
1631,1,57.0,24.0,705522.0,705603
1632,0,,,,705603
1633,0,,,,705603
1634,0,,,,705603
1635,0,,,,705603
1636,0,23.0,30.0,12495.0,12548
1637,1,4.0,9.0,12495.0,12508
1638,1,2.0,2.0,12495.0,12499
1639,0,4.0,6.0,12495.0,12505
1640,1,5156.0,1396.0,675717.0,682269
1641,0,47.0,40.0,12495.0,12582
1642,2,1229.0,1241.0,6676370.0,6678840
1643,0,,,,6678840
1644,0,,,,6678840
1645,0,,,,6678840
1646,2,59.0,44.0,1882283.0,1882386
1647,0,,,,1882386
1648,2,281.0,349.0,816749.0,817379
1649,2,71.0,76.0,458383.0,458530
1650,0,,,,458530
1651,0,0.0,1.0,28042.0,28043
1652,0,2.0,3.0,28042.0,28047
1653,0,,,,28047
1654,0,,,,28047
1655,0,102.0,48.0,39223.0,39373
1656,0,,,,39373
1657,1,98323.0,20799.0,9566719.0,9685841
1658,0,667.0,628.0,9138340.0,9139635
1659,0,232.0,285.0,458387.0,458904
1660,0,,,,458904
1661,0,431.0,406.0,493106.0,493943
1662,0,1196.0,844.0,1882285.0,1884325
1663,0,27.0,9.0,3433719.0,3433755
1664,0,15.0,10.0,1437050.0,1437075
1665,0,10.0,10.0,1437050.0,1437070
1666,0,4070.0,2949.0,1437050.0,1444069
1667,0,10212.0,7929.0,1437050.0,1455191
1668,0,1031.0,540.0,123297.0,124868
1669,0,37.0,21.0,30167.0,30225
1670,0,,,,30225
1671,0,437.0,379.0,7106.0,7922
1672,1,,,,7922
1673,0,1252.0,2624.0,192282.0,196158
1674,0,64.0,210.0,495256.0,495530
1675,0,90.0,98.0,17229.0,17417
1676,0,5.0,4.0,12568.0,12577
1677,0,50.0,35.0,2255.0,2340
1678,0,27.0,9.0,3433719.0,3433755
1679,2,56265.0,5698.0,326306.0,388269
1680,1,1453.0,204.0,326306.0,327963
1681,2,,,,327963
1682,0,177896.0,12193.0,29418036.0,29608125
1683,2,623.0,183.0,398745.0,399551
1684,0,,,,399551
1685,2,21.0,2.0,115229.0,115252
1686,0,130.0,12.0,33142.0,33284
1687,1,41.0,23.0,66639.0,66703
1688,2,238.0,98.0,114316.0,114652
1689,2,209.0,106.0,155370.0,155685
1690,2,16.0,2.0,2316.0,2334
1691,0,11577.0,915.0,6996672.0,7009164
1692,0,14449.0,9899.0,202101.0,226449
1693,0,84.0,27.0,6888.0,6999
1694,0,1676.0,578.0,228247.0,230501
1695,0,14449.0,9899.0,202101.0,226449
1696,0,118.0,63.0,87796.0,87977
1697,1,161550.0,53708.0,29418038.0,29633296
1698,0,32.0,24.0,9138378.0,9138434
1699,0,47.0,2.0,26073.0,26122
1700,2,,,,26122
1701,0,1128.0,622.0,151914.0,153664
1702,1,,,,153664
1703,0,10780.0,2998.0,592629.0,606407
1704,2,12.0,6.0,1990.0,2008
1705,0,,,,2008
1706,0,6661.0,6545.0,7131264.0,7144470
1707,0,21.0,8.0,1437050.0,1437079
1708,0,101.0,94.0,1437050.0,1437245
1709,2,,,,1437245
1710,0,835.0,380.0,240605.0,241820
1711,0,16.0,7.0,66639.0,66662
1712,0,498.0,312.0,9138377.0,9139187
1713,0,344.0,106.0,1657.0,2107
1714,0,1190.0,810.0,5268154.0,5270154
1715,2,,,,5270154
1716,2,309.0,131.0,76754.0,77194
1717,1,6664.0,2527.0,100350.0,109541
1718,1,117.0,34.0,4872809.0,4872960
1719,1,117.0,34.0,4873005.0,4873156
1720,0,79.0,55.0,9443.0,9577
1721,0,5250.0,3907.0,9000.0,18157
1722,0,153056.0,10925.0,15494270.0,15658251
1723,0,835.0,360.0,46784.0,47979
1724,0,45.0,23.0,1893.0,1961
1725,1,87.0,26.0,395688.0,395801
1726,1,,,,395801
1727,0,3162.0,460.0,492110.0,495732
1728,0,195.0,128.0,1384.0,1707
1729,1,671.0,141.0,356589.0,357401
1730,2,,,,357401
1731,0,19.0,5.0,4035682.0,4035706
1732,0,216.0,66.0,1692690.0,1692972
1733,2,14.0,21.0,5968.0,6003
1734,0,231.0,194.0,391476.0,391901
1735,2,5.0,2.0,12032.0,12039
1736,2,292.0,220.0,9971604.0,9972116
1737,0,174.0,18.0,31026.0,31218
1738,2,,,,31218
1739,1,,,,31218
1740,0,506.0,664.0,93675.0,94845
1741,0,551.0,746.0,93675.0,94972
1742,1,1.0,0.0,8.0,9
1743,1,,,,9
1744,0,2022.0,766.0,230311.0,233099
1745,0,563.0,152.0,230311.0,231026
1746,0,7158.0,2488.0,44267.0,53913
1747,0,1388.0,796.0,2221.0,4405
1748,1,,,,4405
1749,0,2993.0,1473.0,30735.0,35201
1750,0,,,,35201
1751,2,3702.0,696.0,414890.0,419288
1752,0,438.0,89.0,5268154.0,5268681
1753,0,,,,5268681
1754,0,1177.0,525.0,8557.0,10259
1755,0,36.0,15.0,26368.0,26419
1756,0,696.0,154.0,5268154.0,5269004
1757,0,1177.0,525.0,8557.0,10259
1758,0,,,,10259
1759,0,,,,10259
1760,0,1177.0,525.0,8557.0,10259
1761,0,128.0,65.0,12728.0,12921
1762,0,136.0,92.0,1437052.0,1437280
1763,0,10212.0,7929.0,1437052.0,1455193
1764,0,,,,1455193
1765,0,6836.0,4647.0,1437052.0,1448535
1766,0,917.0,690.0,18473.0,20080
1767,2,576.0,154.0,109473.0,110203
1768,1,620.0,369.0,4724.0,5713
1769,0,1.0,0.0,204.0,205
1770,0,,,,205
1771,0,,,,205
1772,0,,,,205
1773,0,491.0,663.0,56011.0,57165
1774,1,57.0,43.0,1825262.0,1825362
1775,0,2209.0,595.0,1429988.0,1432792
1776,2,253.0,105.0,3288.0,3646
1777,2,145.0,44.0,85889.0,86078
1778,2,2768.0,1556.0,12287.0,16611
1779,1,,,,16611
1780,0,2.0,2.0,792.0,796
1781,0,1505.0,637.0,68184.0,70326
1782,0,211.0,96.0,16880.0,17187
1783,0,724.0,1138.0,74451.0,76313
1784,2,39.0,36.0,142903.0,142978
1785,0,50.0,26.0,57872.0,57948
1786,0,56.0,102.0,13065.0,13223
1787,0,59.0,19.0,42886.0,42964
1788,0,1177.0,525.0,8557.0,10259
1789,0,,,,10259
1790,0,3815.0,1054.0,5268157.0,5273026
1791,0,,,,5273026
1792,0,66.0,27.0,114825.0,114918
1793,0,1062.0,318.0,272590.0,273970
1794,0,,,,273970
1795,0,,,,273970
1796,1,22897.0,18143.0,1882285.0,1923325
1797,1,9.0,11.0,71422.0,71442
1798,0,,,,71442
1799,0,,,,71442
1800,0,1780.0,719.0,96403.0,98902
1801,0,,,,98902
1802,0,25399.0,9301.0,6786267.0,6820967
1803,0,905.0,659.0,9138377.0,9139941
1804,0,234.0,158.0,9138377.0,9138769
1805,1,,,,9138769
1806,0,201.0,116.0,4601414.0,4601731
1807,0,14327.0,6964.0,881530.0,902821
1808,0,186.0,136.0,63.0,385
1809,0,23732.0,9847.0,785.0,34364
1810,0,22.0,22.0,3055.0,3099
1811,0,6.0,3.0,5455.0,5464
1812,0,15527.0,2565.0,2704566.0,2722658
1813,1,6664.0,2527.0,100350.0,109541
1814,1,6414.0,862.0,8372749.0,8380025
1815,0,46.0,4.0,1101.0,1151
1816,1,17.0,3.0,4323.0,4343
1817,0,,,,4343
1818,0,885.0,504.0,75378.0,76767
1819,0,6161.0,3297.0,112766.0,122224
1820,0,107.0,35.0,25914.0,26056
1821,0,11.0,6.0,8537.0,8554
1822,0,809.0,447.0,9138378.0,9139634
1823,0,162.0,33.0,9206.0,9401
1824,0,2245.0,1622.0,56801.0,60668
1825,0,82.0,39.0,6997114.0,6997235
1826,0,49.0,4.0,1211.0,1264
1827,0,82.0,39.0,6997114.0,6997235
1828,0,,,,6997235
1829,0,2414.0,561.0,4536.0,7511
1830,0,4.0,101.0,2988.0,3093
1831,1,11.0,34.0,219801.0,219846
1832,0,482.0,341.0,154504.0,155327
1833,0,811.0,534.0,468637.0,469982
1834,0,112.0,100.0,4998.0,5210
1835,0,2799.0,1410.0,659232.0,663441
1836,0,2520.0,1256.0,395.0,4171
1837,0,44.0,40.0,1437052.0,1437136
1838,0,,,,1437136
1839,0,538.0,77.0,914620.0,915235
1840,0,78.0,53.0,65485.0,65616
1841,0,,,,65616
1842,0,0.0,0.0,241.0,241
1843,0,33.0,18.0,4890.0,4941
1844,0,780.0,484.0,8085.0,9349
1845,0,1.0,0.0,101.0,102
1846,1,16.0,1.0,2520.0,2537
1847,0,18.0,9.0,3506.0,3533
1848,0,78.0,53.0,65485.0,65616
1849,0,523.0,513.0,634070.0,635106
1850,0,3461.0,770.0,1394553.0,1398784
1851,0,,,,1398784
1852,0,,,,1398784
1853,1,117.0,58.0,9974.0,10149
1854,0,0.0,0.0,67.0,67
1855,0,8.0,4.0,9390.0,9402
1856,0,4569.0,3125.0,213183.0,220877
1857,1,44.0,40.0,1105.0,1189
1858,0,,,,1189
1859,0,2820.0,373.0,134039.0,137232
1860,0,2598.0,393.0,134039.0,137030
1861,2,1182.0,699.0,40108.0,41989
1862,0,92.0,32.0,6750.0,6874
1863,1,91.0,57.0,75244.0,75392
1864,0,2820.0,373.0,134039.0,137232
1865,0,2598.0,393.0,134039.0,137030
1866,0,,,,137030
1867,0,4602.0,2543.0,183980.0,191125
1868,0,,,,191125
1869,0,613.0,497.0,921979.0,923089
1870,1,2614.0,1720.0,105152.0,109486
1871,2,,,,109486
1872,1,5.0,0.0,364183.0,364188
1873,2,,,,364188
1874,0,1223.0,195.0,241142.0,242560
1875,1,65.0,8.0,7514.0,7587
1876,0,10.0,2.0,186.0,198
1877,0,4037.0,1626.0,553315.0,558978
1878,0,13151.0,3184.0,29418088.0,29434423
1879,0,103284.0,18448.0,29418088.0,29539820
1880,0,36525.0,11881.0,2137.0,50543
1881,0,6.0,4.0,12.0,22
1882,0,646.0,313.0,309296.0,310255
1883,0,,,,310255
1884,2,872.0,272.0,30493.0,31637
1885,0,7.0,4.0,335.0,346
1886,0,1344.0,461.0,407375.0,409180
1887,2,1454.0,385.0,2046.0,3885
1888,0,,,,3885
1889,0,,,,3885
1890,0,39.0,39.0,2609444.0,2609522
1891,0,30.0,9.0,6915.0,6954
1892,1,,,,6954
1893,0,151.0,90.0,38223.0,38464
1894,1,671.0,141.0,356590.0,357402
1895,2,,,,357402
1896,0,285.0,53.0,1582.0,1920
1897,2,2494.0,195.0,2045.0,4734
1898,0,4949.0,1990.0,42772.0,49711
1899,0,29967.0,10834.0,69998.0,110799
1900,1,1215.0,57.0,129606.0,130878
1901,0,43.0,51.0,9640.0,9734
1902,0,30.0,11.0,9153.0,9194
1903,2,458.0,298.0,75214.0,75970
1904,0,876.0,217.0,70558.0,71651
1905,0,3298.0,1045.0,7731646.0,7735989
1906,0,1798.0,1341.0,5600.0,8739
1907,0,76.0,13.0,10437.0,10526
1908,2,18.0,13.0,19480.0,19511
1909,1,160.0,66.0,27873.0,28099
1910,0,197.0,66.0,163012.0,163275
1911,0,500.0,181.0,124361.0,125042
1912,1,1432.0,867.0,1498789.0,1501088
1913,1,83.0,55.0,27048.0,27186
1914,1,33.0,7.0,164943.0,164983
1915,1,33.0,7.0,164958.0,164998
1916,0,4130.0,1261.0,7120693.0,7126084
1917,0,308.0,395.0,231383.0,232086
1918,0,1250.0,917.0,185884.0,188051
1919,0,316.0,254.0,137469.0,138039
1920,0,1.0,0.0,33.0,34
1921,0,0.0,0.0,1204.0,1204
1922,0,0.0,0.0,1001.0,1001
1923,0,2.0,0.0,1868.0,1870
1924,0,1.0,0.0,33.0,34
