counter,topic,all_reactions,comments,shares,interaction_sum
0,0,63.0,0.0,48.0,111
1,0,0.0,31.0,64.0,95
2,0,7.0,0.0,0.0,7
3,0,33.0,5.0,99.0,137
4,1,0.0,0.0,0.0,0
5,0,245.0,226.0,400.0,871
6,1,29.0,11.0,7.0,47
7,1,0.0,0.0,0.0,0
8,1,0.0,0.0,0.0,0
9,1,0.0,0.0,0.0,0
10,1,0.0,0.0,0.0,0
11,0,319.0,83.0,296.0,698
12,0,40.0,7.0,71.0,118
13,0,36.0,5.0,23.0,64
14,0,10.0,4.0,7.0,21
15,0,93.0,10.0,77.0,180
16,0,24.0,0.0,6.0,30
17,0,22.0,0.0,9.0,31
18,0,129.0,41.0,120.0,290
19,0,0.0,55.0,98.0,153
20,0,45.0,0.0,21.0,66
21,0,12.0,0.0,6.0,18
22,0,21.0,2.0,16.0,39
23,0,66.0,7.0,38.0,111
24,0,36.0,3.0,57.0,96
25,0,90.0,20.0,36.0,146
26,0,82.0,42.0,70.0,194
27,0,82.0,6.0,32.0,120
28,0,575.0,147.0,328.0,1050
29,0,58.0,8.0,52.0,118
30,0,15.0,0.0,6.0,21
31,0,144.0,62.0,59.0,265
32,0,35.0,4.0,9.0,48
33,0,24.0,0.0,10.0,34
34,0,30.0,0.0,25.0,55
35,0,4.0,2.0,10.0,16
36,0,6400.0,37000.0,913.0,44313
37,0,274.0,16.0,550.0,840
38,2,18.0,0.0,27.0,45
39,1,0.0,0.0,0.0,0
40,0,0.0,0.0,0.0,0
41,1,0.0,0.0,0.0,0
42,0,42.0,19.0,264.0,325
43,0,1.0,0.0,0.0,1
44,0,0.0,77.0,184.0,261
45,1,6.0,1.0,3.0,10
46,0,73.0,0.0,45.0,118
47,0,9900.0,14000.0,17308.0,41208
48,1,0.0,0.0,0.0,0
49,0,81.0,25.0,267.0,373
50,0,33000.0,0.0,68984.0,101984
51,0,80.0,0.0,349.0,429
52,1,0.0,0.0,0.0,0
53,0,280.0,0.0,1739.0,2019
54,0,183.0,136.0,157.0,476
55,0,131.0,95.0,121.0,347
56,0,246.0,51.0,401.0,698
57,0,586.0,85.0,340.0,1011
58,0,279.0,177.0,301.0,757
59,0,533.0,0.0,738.0,1271
60,0,113.0,0.0,158.0,271
61,0,279.0,177.0,301.0,757
62,0,344.0,0.0,1173.0,1517
63,0,5.0,0.0,4.0,9
64,0,281.0,98.0,844.0,1223
65,0,261.0,176.0,288.0,725
66,1,12000.0,17000.0,1647.0,30647
67,0,404.0,200.0,21.0,625
68,0,279.0,177.0,301.0,757
69,0,6.0,7.0,5.0,18
70,0,0.0,7.0,5.0,12
71,0,576000.0,107000.0,149257.0,832257
72,1,0.0,0.0,0.0,0
73,0,12.0,0.0,16.0,28
74,1,0.0,0.0,0.0,0
75,0,203.0,0.0,3.0,206
76,0,45.0,2.0,19.0,66
77,0,9800.0,3000.0,912.0,13712
78,1,0.0,0.0,0.0,0
79,0,63000.0,44000.0,624.0,107624
80,0,20000.0,779.0,1265.0,22044
81,1,28.0,0.0,34.0,62
82,1,0.0,0.0,0.0,0
83,1,0.0,0.0,0.0,0
84,0,783.0,39.0,1203.0,2025
85,0,46.0,1.0,87.0,134
86,0,35.0,0.0,64.0,99
87,0,464.0,179.0,856.0,1499
88,1,0.0,0.0,0.0,0
89,0,91.0,22.0,37.0,150
90,1,0.0,0.0,0.0,0
91,0,244.0,41.0,1323.0,1608
92,0,203.0,0.0,385.0,588
93,0,1.0,0.0,5.0,6
94,0,491.0,61.0,962.0,1514
95,0,16.0,5.0,17.0,38
96,0,23.0,0.0,31.0,54
97,0,779.0,238.0,1447.0,2464
98,1,0.0,0.0,0.0,0
99,0,408.0,22.0,46.0,476
100,0,568.0,515.0,1642.0,2725
101,0,779.0,238.0,1447.0,2464
102,0,419.0,0.0,103.0,522
103,2,131.0,68.0,564.0,763
104,1,0.0,0.0,0.0,0
105,0,4.0,0.0,2.0,6
106,1,0.0,0.0,0.0,0
107,1,0.0,0.0,0.0,0
108,1,0.0,0.0,0.0,0
109,0,0.0,16.0,56.0,72
110,0,44.0,34.0,85.0,163
111,1,0.0,0.0,0.0,0
112,0,41.0,0.0,78.0,119
113,0,779.0,238.0,1447.0,2464
114,1,0.0,0.0,0.0,0
115,1,0.0,0.0,0.0,0
116,1,0.0,0.0,0.0,0
117,0,137.0,0.0,528.0,665
118,1,0.0,0.0,0.0,0
119,0,39.0,47.0,394.0,480
120,1,0.0,0.0,0.0,0
121,0,779.0,238.0,1447.0,2464
122,0,1300.0,69.0,39.0,1408
123,0,1400.0,138.0,24.0,1562
124,1,0.0,0.0,0.0,0
125,0,2300.0,641.0,1132.0,4073
126,0,8.0,0.0,10.0,18
127,0,779.0,238.0,1447.0,2464
128,0,282.0,474.0,515.0,1271
129,1,0.0,0.0,0.0,0
130,0,12.0,2.0,6.0,20
131,0,0.0,0.0,24.0,24
132,0,65.0,40.0,54.0,159
133,0,200.0,46.0,208.0,454
134,0,5700.0,17000.0,6417.0,29117
135,1,0.0,0.0,0.0,0
136,0,7.0,1.0,3.0,11
137,0,299.0,0.0,290.0,589
138,1,0.0,0.0,0.0,0
139,0,61.0,12.0,34.0,107
140,0,462.0,261.0,328.0,1051
141,0,676.0,181.0,178.0,1035
142,0,95.0,34.0,13.0,142
143,0,75.0,0.0,113.0,188
144,0,75.0,18.0,231.0,324
145,0,38.0,16.0,342.0,396
146,0,1100.0,0.0,8793.0,9893
147,0,19.0,0.0,79.0,98
148,0,0.0,22.0,6.0,28
149,0,0.0,10.0,10.0,20
150,0,115.0,0.0,52.0,167
151,1,0.0,0.0,0.0,0
152,0,881.0,0.0,1269.0,2150
153,0,14.0,5.0,4.0,23
154,0,47.0,8.0,58.0,113
155,1,0.0,0.0,0.0,0
156,0,67.0,25.0,68.0,160
157,0,84.0,26.0,80.0,190
158,0,6100.0,313.0,987.0,7400
159,1,0.0,0.0,0.0,0
160,0,745.0,262.0,2514.0,3521
161,0,106.0,56.0,258.0,420
162,0,52.0,3.0,107.0,162
163,0,18.0,0.0,75.0,93
164,1,0.0,0.0,0.0,0
165,0,48.0,1.0,25.0,74
166,0,169.0,18.0,266.0,453
167,0,45.0,21.0,4.0,70
168,0,91.0,0.0,559.0,650
169,1,0.0,0.0,0.0,0
170,0,676.0,181.0,178.0,1035
171,0,95.0,34.0,13.0,142
172,1,0.0,0.0,0.0,0
173,0,0.0,13.0,396.0,409
174,0,7300.0,778.0,8468.0,16546
175,0,237.0,5.0,407.0,649
176,0,1800.0,11000.0,115.0,12915
177,0,1800.0,727.0,467.0,2994
178,0,298.0,6.0,4470.0,4774
179,0,26.0,0.0,88.0,114
180,0,1800.0,727.0,467.0,2994
181,0,3500.0,110.0,210.0,3820
182,0,1500.0,0.0,765.0,2265
183,0,94.0,31.0,23.0,148
184,0,2.0,0.0,3.0,5
185,0,2.0,0.0,2.0,4
186,0,103.0,46.0,78.0,227
187,1,0.0,0.0,0.0,0
188,0,335.0,36.0,663.0,1034
189,0,1900.0,0.0,322.0,2222
190,1,16.0,0.0,5.0,21
191,1,0.0,0.0,0.0,0
192,0,103.0,46.0,78.0,227
193,1,0.0,0.0,0.0,0
194,0,1300.0,189.0,23.0,1512
195,1,0.0,0.0,0.0,0
196,0,105.0,9.0,27.0,141
197,0,80.0,44.0,245.0,369
198,0,169.0,0.0,88.0,257
199,0,87.0,237.0,128.0,452
200,1,0.0,0.0,0.0,0
201,0,29.0,1.0,28.0,58
202,0,166.0,2.0,295.0,463
203,0,5600.0,22000.0,12541.0,40141
204,1,0.0,0.0,0.0,0
205,1,0.0,0.0,0.0,0
206,0,1200.0,265.0,453.0,1918
207,1,0.0,0.0,0.0,0
208,0,157.0,0.0,942.0,1099
209,0,76.0,0.0,44.0,120
210,0,429.0,252.0,429.0,1110
211,0,1000.0,0.0,2172.0,3172
212,1,0.0,0.0,0.0,0
213,1,0.0,0.0,0.0,0
214,1,0.0,0.0,0.0,0
215,1,0.0,0.0,0.0,0
216,0,6.0,0.0,5.0,11
217,0,302.0,19.0,158.0,479
218,0,0.0,49.0,18677.0,18726
219,0,4400.0,3000.0,877.0,8277
220,0,8.0,0.0,5.0,13
221,0,227.0,26.0,341.0,594
222,0,3.0,0.0,1.0,4
223,0,0.0,49.0,18677.0,18726
224,0,65.0,40.0,54.0,159
225,0,34.0,0.0,21.0,55
226,0,207.0,0.0,141.0,348
227,0,65.0,40.0,54.0,159
228,0,34.0,0.0,21.0,55
229,1,0.0,0.0,0.0,0
230,1,0.0,0.0,0.0,0
231,0,0.0,0.0,0.0,0
232,1,0.0,0.0,0.0,0
233,0,9700.0,0.0,1158.0,10858
234,2,108.0,54.0,23.0,185
235,1,0.0,0.0,0.0,0
236,0,41.0,3.0,19.0,63
237,0,40000.0,21000.0,14000.0,75000
238,0,4.0,0.0,3.0,7
239,1,0.0,0.0,0.0,0
240,0,9.0,12.0,3.0,24
241,0,6800.0,0.0,9617.0,16417
242,0,58.0,9.0,24.0,91
243,0,163.0,32.0,93.0,288
244,0,94.0,28.0,53.0,175
245,0,411.0,0.0,1746.0,2157
246,0,1300.0,0.0,13907.0,15207
247,0,0.0,143.0,283.0,426
248,0,104.0,17.0,80.0,201
249,0,186.0,14.0,147.0,347
250,1,0.0,0.0,0.0,0
251,2,0.0,2.0,113.0,115
252,0,169000.0,19000.0,39997.0,227997
253,1,0.0,57000.0,46559.0,103559
254,0,177.0,30.0,221.0,428
255,0,171.0,22.0,193.0,386
256,0,284.0,66.0,136.0,486
257,1,0.0,0.0,0.0,0
258,0,40000.0,21000.0,14000.0,75000
259,0,131.0,45.0,28.0,204
260,0,155.0,44.0,293.0,492
261,0,2100.0,19.0,4106.0,6225
262,0,1600.0,448.0,3095.0,5143
263,0,0.0,2.0,238.0,240
264,0,289.0,147.0,181.0,617
265,0,99.0,19.0,47.0,165
266,0,65.0,1.0,26.0,92
267,0,0.0,28.0,237.0,265
268,0,2000.0,0.0,5433.0,7433
269,2,853.0,202.0,866.0,1921
270,2,429.0,33.0,373.0,835
271,0,2700.0,1000.0,323.0,4023
272,0,0.0,3.0,8734.0,8737
273,0,986.0,187.0,8184.0,9357
274,0,1200.0,51.0,270.0,1521
275,0,158.0,16.0,174.0,348
276,0,1300.0,69.0,39.0,1408
277,0,1400.0,138.0,24.0,1562
278,1,32000.0,44000.0,1475.0,77475
279,0,44000.0,12000.0,2270.0,58270
280,0,10000.0,0.0,430.0,10430
281,0,58000.0,75000.0,1479.0,134479
282,0,780.0,218.0,911.0,1909
283,1,7600.0,663.0,10800.0,19063
284,1,0.0,0.0,0.0,0
285,0,158.0,5.0,88.0,251
286,0,0.0,6.0,218.0,224
287,0,56.0,10.0,200.0,266
288,0,33.0,2.0,26.0,61
289,0,116.0,7.0,359.0,482
290,0,63.0,31.0,73.0,167
291,1,0.0,0.0,0.0,0
292,0,32.0,17.0,466.0,515
293,0,58000.0,75000.0,1479.0,134479
294,0,369.0,0.0,1016.0,1385
295,0,11000.0,12000.0,986.0,23986
296,0,158.0,5.0,88.0,251
297,0,189.0,53.0,111.0,353
298,0,38.0,3.0,18.0,59
299,0,32.0,20.0,132.0,184
300,0,1900.0,663.0,1264.0,3827
301,1,46.0,11.0,206.0,263
302,0,288.0,8.0,6946.0,7242
303,2,1600.0,416.0,3193.0,5209
304,0,263.0,0.0,276.0,539
305,0,896.0,115.0,1185.0,2196
306,0,1500.0,156.0,2590.0,4246
307,0,62.0,0.0,33.0,95
308,0,494.0,10.0,9.0,513
309,0,477.0,75.0,504.0,1056
310,0,14000.0,22000.0,7092.0,43092
311,0,2.0,0.0,0.0,2
312,1,0.0,0.0,0.0,0
313,0,896.0,115.0,1185.0,2196
314,0,3800.0,611.0,440.0,4851
315,0,233.0,23.0,172.0,428
316,2,0.0,69.0,439.0,508
317,0,472.0,3.0,796.0,1271
318,0,5200.0,0.0,17216.0,22416
319,0,0.0,20.0,206.0,226
320,0,35.0,1.0,125.0,161
321,0,67.0,0.0,199.0,266
322,1,0.0,0.0,0.0,0
323,0,0.0,0.0,0.0,0
324,0,187.0,38.0,720.0,945
325,1,0.0,0.0,0.0,0
326,0,1.0,0.0,0.0,1
327,0,12.0,0.0,0.0,12
328,0,109.0,2.0,34.0,145
329,0,4500.0,25000.0,909.0,30409
330,0,392.0,0.0,14.0,406
331,1,0.0,0.0,0.0,0
332,1,2100.0,624.0,752.0,3476
333,1,5900.0,1000.0,1229.0,8129
334,1,7600.0,663.0,10800.0,19063
335,0,2.0,0.0,5.0,7
336,0,164000.0,29000.0,89632.0,282632
337,0,70000.0,73000.0,33426.0,176426
338,0,7900.0,608.0,5241.0,13749
339,1,0.0,0.0,0.0,0
340,1,0.0,16.0,13282.0,13298
341,0,307.0,558.0,5045.0,5910
342,0,10000.0,32000.0,8796.0,50796
343,0,6600.0,6.0,5154.0,11760
344,0,0.0,63.0,119.0,182
345,1,0.0,0.0,0.0,0
346,0,617.0,354.0,1100.0,2071
347,0,0.0,267.0,954.0,1221
348,0,125.0,65.0,65.0,255
349,0,0.0,36.0,595.0,631
350,1,0.0,0.0,0.0,0
351,1,196.0,26.0,251.0,473
352,0,0.0,29.0,318.0,347
353,0,107.0,14.0,80.0,201
354,1,0.0,0.0,0.0,0
355,0,88.0,2.0,5.0,95
356,0,50.0,5.0,39.0,94
357,1,25.0,4.0,8.0,37
358,0,0.0,63.0,100.0,163
359,0,0.0,18.0,1.0,19
360,0,0.0,19.0,5.0,24
361,1,0.0,0.0,0.0,0
362,1,0.0,0.0,0.0,0
363,0,0.0,37.0,536.0,573
364,0,2800.0,0.0,7451.0,10251
365,0,61.0,0.0,184.0,245
366,0,0.0,330.0,1611.0,1941
367,0,28.0,6.0,40.0,74
368,0,434.0,28.0,91.0,553
369,0,374.0,14.0,49.0,437
370,0,286.0,19.0,44.0,349
371,0,1.0,0.0,0.0,1
372,0,12.0,0.0,0.0,12
373,0,109.0,2.0,34.0,145
374,0,41.0,0.0,24.0,65
375,0,444.0,38.0,201.0,683
376,1,0.0,0.0,0.0,0
377,0,1100.0,46.0,337.0,1483
378,0,5600.0,954.0,11920.0,18474
379,1,0.0,0.0,0.0,0
380,1,125.0,21.0,215.0,361
381,1,356.0,82.0,340.0,778
382,1,0.0,0.0,0.0,0
383,0,147.0,72.0,286.0,505
384,0,0.0,118.0,357.0,475
385,0,3400.0,621.0,716.0,4737
386,0,6600.0,12000.0,1700.0,20300
387,0,0.0,139.0,1185.0,1324
388,0,0.0,107.0,2075.0,2182
389,0,0.0,17.0,168.0,185
390,0,496.0,302.0,1040.0,1838
391,0,279.0,0.0,75.0,354
392,0,140.0,0.0,25.0,165
393,1,0.0,0.0,0.0,0
394,1,0.0,0.0,0.0,0
395,0,5100.0,0.0,1910.0,7010
396,1,0.0,0.0,0.0,0
397,0,922.0,0.0,306.0,1228
398,1,0.0,0.0,0.0,0
399,0,326.0,122.0,8527.0,8975
400,1,0.0,0.0,0.0,0
401,0,21.0,0.0,5.0,26
402,1,87.0,21.0,162.0,270
403,0,0.0,2000.0,5198.0,7198
404,0,1700.0,6.0,97076.0,98782
405,0,3000.0,0.0,133.0,3133
406,0,263.0,112.0,345.0,720
407,0,44.0,2.0,89.0,135
408,0,0.0,0.0,0.0,0
409,1,0.0,0.0,0.0,0
410,0,15.0,1.0,208.0,224
411,2,2.0,0.0,0.0,2
412,1,0.0,0.0,0.0,0
413,1,0.0,0.0,0.0,0
414,1,0.0,0.0,0.0,0
415,1,0.0,0.0,0.0,0
416,1,0.0,0.0,0.0,0
417,1,0.0,0.0,0.0,0
418,0,30.0,0.0,15.0,45
419,0,72.0,0.0,41.0,113
420,1,87.0,21.0,162.0,270
421,0,63.0,11.0,282.0,356
422,0,147.0,12.0,50.0,209
423,1,0.0,0.0,0.0,0
424,1,0.0,0.0,0.0,0
425,0,107.0,14.0,80.0,201
426,1,0.0,0.0,0.0,0
427,1,0.0,0.0,0.0,0
428,1,0.0,0.0,0.0,0
429,1,0.0,0.0,0.0,0
430,1,0.0,0.0,0.0,0
431,0,19.0,0.0,39.0,58
432,1,0.0,0.0,0.0,0
433,0,2400.0,257.0,2928.0,5585
434,0,985.0,0.0,109.0,1094
435,0,112.0,0.0,5.0,117
436,0,112.0,0.0,5.0,117
437,0,112.0,0.0,5.0,117
438,0,16.0,0.0,1.0,17
439,0,22000.0,16000.0,16113.0,54113
440,0,107000.0,91000.0,64012.0,262012
441,1,0.0,0.0,0.0,0
442,0,23.0,33.0,10.0,66
443,1,19.0,4.0,1.0,24
444,1,0.0,0.0,0.0,0
445,1,5500.0,962.0,16614.0,23076
446,1,0.0,0.0,0.0,0
447,0,685.0,81.0,69.0,835
448,0,0.0,56.0,1849.0,1905
449,0,0.0,78000.0,16462.0,94462
450,1,0.0,0.0,0.0,0
451,0,8.0,11.0,4.0,23
452,0,7.0,0.0,8.0,15
453,0,35.0,53.0,22.0,110
454,1,0.0,0.0,0.0,0
455,0,13.0,0.0,0.0,13
456,0,0.0,13.0,8.0,21
457,0,1000.0,259.0,243.0,1502
458,0,0.0,22.0,130.0,152
459,0,0.0,0.0,2.0,2
460,0,6.0,0.0,1.0,7
461,0,29.0,0.0,3.0,32
462,0,290.0,0.0,20.0,310
463,0,1000.0,0.0,118.0,1118
464,1,0.0,0.0,0.0,0
465,0,77.0,13.0,4.0,94
466,0,259.0,84.0,37.0,380
467,0,32.0,7.0,0.0,39
468,0,0.0,36.0,131.0,167
469,0,582.0,0.0,374.0,956
470,0,2500.0,3.0,19493.0,21996
471,0,78.0,0.0,24.0,102
472,1,0.0,0.0,0.0,0
473,1,0.0,0.0,0.0,0
474,0,0.0,260.0,1597.0,1857
475,0,69000.0,0.0,3215.0,72215
476,0,2200.0,60.0,2860.0,5120
477,0,338.0,238.0,913.0,1489
478,0,115.0,10.0,154.0,279
479,2,8200.0,11000.0,7112.0,26312
480,0,288.0,77.0,147.0,512
481,0,945.0,0.0,2547.0,3492
482,0,2100.0,636.0,1409.0,4145
483,1,0.0,36.0,285.0,321
484,1,0.0,0.0,0.0,0
485,1,0.0,0.0,0.0,0
486,1,0.0,0.0,0.0,0
487,1,0.0,0.0,0.0,0
488,1,0.0,0.0,0.0,0
489,0,10.0,0.0,6.0,16
490,0,79.0,0.0,18.0,97
491,2,16.0,0.0,1.0,17
492,1,0.0,0.0,0.0,0
493,1,0.0,0.0,0.0,0
494,1,0.0,0.0,0.0,0
495,0,0.0,1.0,3576.0,3577
496,0,1.0,0.0,0.0,1
497,0,59.0,0.0,130.0,189
498,0,0.0,112.0,656.0,768
499,1,0.0,0.0,0.0,0
500,1,0.0,0.0,0.0,0
501,0,8700.0,1000.0,2743.0,12443
502,1,0.0,0.0,0.0,0
503,0,7.0,0.0,0.0,7
504,0,1100.0,19000.0,52038.0,72138
505,1,0.0,0.0,0.0,0
506,1,0.0,0.0,0.0,0
507,0,119.0,82.0,125.0,326
508,1,0.0,0.0,0.0,0
509,0,4.0,0.0,1.0,5
510,0,219.0,159.0,928.0,1306
511,0,664.0,49.0,1481.0,2194
512,0,2.0,0.0,2.0,4
513,0,412.0,129.0,384.0,925
514,1,0.0,0.0,0.0,0
515,1,0.0,0.0,0.0,0
516,0,2500.0,3.0,19491.0,21994
517,1,0.0,0.0,0.0,0
518,2,0.0,6.0,491.0,497
519,0,4.0,0.0,1.0,5
520,1,30.0,0.0,57.0,87
521,0,10.0,0.0,11.0,21
522,1,0.0,0.0,0.0,0
523,1,0.0,0.0,0.0,0
524,0,12.0,0.0,25.0,37
525,0,0.0,20.0,37443.0,37463
526,0,0.0,243.0,1641.0,1884
527,0,3900.0,0.0,1357.0,5257
528,0,0.0,18.0,197.0,215
529,0,0.0,125.0,648.0,773
530,0,4500.0,90.0,3445.0,8035
531,1,5500.0,962.0,16613.0,23075
532,0,384000.0,97000.0,110510.0,591510
533,0,22.0,3.0,24.0,49
534,1,0.0,0.0,0.0,0
535,0,0.0,31000.0,111414.0,142414
536,0,384.0,691.0,264.0,1339
537,1,0.0,0.0,0.0,0
538,1,0.0,0.0,0.0,0
539,1,17.0,0.0,0.0,17
540,1,0.0,0.0,0.0,0
541,1,0.0,0.0,0.0,0
542,0,1600.0,739.0,2429.0,4768
543,0,251.0,84.0,100.0,435
544,0,138.0,0.0,16.0,154
545,0,43000.0,0.0,10717.0,53717
546,1,0.0,70.0,475.0,545
547,0,3900.0,31000.0,396.0,35296
548,0,11.0,0.0,6.0,17
549,0,33.0,24.0,160.0,217
550,0,9.0,10.0,149.0,168
551,0,43000.0,0.0,10717.0,53717
552,1,0.0,0.0,0.0,0
553,0,0.0,73.0,2.0,75
554,2,0.0,61.0,60.0,121
555,0,53.0,9.0,3349.0,3411
556,1,0.0,0.0,0.0,0
557,1,0.0,15.0,131.0,146
558,0,3.0,0.0,0.0,3
559,0,4.0,3.0,2.0,9
560,1,0.0,0.0,0.0,0
561,0,305.0,71.0,146.0,522
562,0,948.0,401.0,1280.0,2629
563,0,0.0,5.0,2681.0,2686
564,0,3100.0,11000.0,884.0,14984
565,0,1300.0,374.0,1549.0,3223
566,0,260.0,450.0,386.0,1096
567,1,1100.0,539.0,265.0,1904
568,0,25000.0,38000.0,7015.0,70015
569,1,0.0,0.0,0.0,0
570,0,0.0,231.0,1068.0,1299
571,0,6500.0,0.0,2180.0,8680
572,0,0.0,31000.0,111414.0,142414
573,0,0.0,7.0,2416.0,2423
574,0,0.0,15.0,195.0,210
575,0,0.0,0.0,0.0,0
576,0,5.0,0.0,2.0,7
577,0,5.0,0.0,3.0,8
578,1,0.0,35.0,72.0,107
579,0,4500.0,0.0,9109.0,13609
580,0,464.0,0.0,58.0,522
581,0,390.0,0.0,416.0,806
582,1,0.0,0.0,0.0,0
583,0,36.0,0.0,10.0,46
584,0,539.0,136.0,1693.0,2368
585,1,0.0,0.0,0.0,0
586,0,659.0,360.0,4071.0,5090
587,2,55.0,0.0,1302.0,1357
588,1,0.0,12.0,5.0,17
589,0,896.0,0.0,1031.0,1927
590,0,332.0,0.0,131.0,463
591,0,0.0,187.0,4034.0,4221
592,0,143.0,119.0,221.0,483
593,0,139.0,29.0,79.0,247
594,1,0.0,0.0,0.0,0
595,0,92.0,21.0,199.0,312
596,0,135.0,28.0,6.0,169
597,1,0.0,0.0,0.0,0
598,1,0.0,31.0,360.0,391
599,0,0.0,4.0,30.0,34
600,1,0.0,0.0,0.0,0
601,0,143.0,0.0,221.0,364
602,1,0.0,0.0,0.0,0
603,0,91.0,50.0,18.0,159
604,0,92.0,21.0,199.0,312
605,0,119.0,0.0,33.0,152
606,1,0.0,0.0,0.0,0
607,0,92.0,21.0,199.0,312
608,0,945.0,0.0,2547.0,3492
609,0,81.0,7.0,1.0,89
610,0,195.0,87.0,41.0,323
611,1,0.0,0.0,0.0,0
612,0,5500.0,1000.0,465.0,6965
613,0,184.0,0.0,3.0,187
614,1,0.0,0.0,0.0,0
615,1,0.0,0.0,0.0,0
616,0,0.0,45.0,390.0,435
617,0,30.0,15.0,145.0,190
618,0,82.0,9.0,15.0,106
619,0,67.0,18.0,4.0,89
620,0,895.0,0.0,6625.0,7520
621,0,0.0,29.0,2160.0,2189
622,0,0.0,8.0,217.0,225
623,0,1400.0,2000.0,39490.0,42890
624,1,0.0,146.0,381.0,527
625,1,0.0,0.0,0.0,0
626,1,0.0,0.0,0.0,0
627,0,6.0,2.0,3.0,11
628,0,2.0,3.0,2.0,7
629,0,0.0,2.0,0.0,2
630,0,3.0,1.0,3.0,7
631,1,0.0,0.0,0.0,0
632,0,50.0,36.0,3.0,89
633,0,0.0,231.0,1068.0,1299
634,1,0.0,0.0,0.0,0
635,1,0.0,0.0,0.0,0
636,0,849.0,0.0,628.0,1477
637,1,0.0,18.0,727.0,745
638,0,75.0,0.0,14.0,89
639,0,0.0,0.0,0.0,0
640,1,0.0,0.0,0.0,0
641,0,26.0,0.0,94.0,120
642,0,14000.0,1000.0,809.0,15809
643,0,21.0,0.0,443.0,464
644,0,26.0,0.0,610.0,636
645,0,226.0,0.0,45.0,271
646,1,7600.0,663.0,10799.0,19062
647,0,52.0,22.0,235.0,309
648,0,1100.0,0.0,1772.0,2872
649,0,723.0,0.0,635.0,1358
650,0,696.0,0.0,293.0,989
651,0,15.0,24.0,17.0,56
652,0,308.0,765.0,19972.0,21045
653,0,2000.0,652.0,1545.0,4197
654,0,162.0,0.0,76.0,238
655,0,13.0,0.0,1.0,14
656,2,57000.0,0.0,2526.0,59526
657,0,0.0,5.0,267.0,272
658,1,0.0,0.0,0.0,0
659,0,1200.0,195.0,140.0,1535
660,1,0.0,0.0,0.0,0
661,1,0.0,0.0,0.0,0
662,0,246.0,0.0,1825.0,2071
663,0,0.0,15.0,746.0,761
664,0,1000.0,121.0,48.0,1169
665,0,20.0,17.0,1675.0,1712
666,2,0.0,9.0,1.0,10
667,0,0.0,26.0,274.0,300
668,0,0.0,98.0,400.0,498
669,0,0.0,370.0,429.0,799
670,0,0.0,46.0,9745.0,9791
671,0,10.0,0.0,126.0,136
672,0,1200.0,198.0,165.0,1563
673,1,86.0,100.0,248.0,434
674,0,264.0,3.0,380.0,647
675,1,0.0,0.0,0.0,0
676,1,0.0,0.0,0.0,0
677,1,0.0,0.0,0.0,0
678,0,0.0,18.0,248.0,266
679,0,0.0,18.0,434.0,452
680,0,2700.0,12000.0,455.0,15155
681,1,0.0,0.0,0.0,0
682,0,0.0,36.0,235.0,271
683,0,0.0,28.0,276.0,304
684,0,0.0,11.0,153.0,164
685,1,0.0,0.0,0.0,0
686,0,124.0,2.0,8.0,134
687,1,0.0,0.0,0.0,0
688,0,21.0,0.0,15.0,36
689,0,7.0,0.0,2.0,9
690,0,0.0,4.0,314.0,318
691,0,0.0,39.0,191.0,230
692,1,0.0,0.0,0.0,0
693,1,0.0,5.0,1927.0,1932
694,0,199.0,53.0,307.0,559
695,0,231.0,0.0,25.0,256
696,0,162.0,24.0,268.0,454
697,0,0.0,125.0,2630.0,2755
698,1,0.0,0.0,0.0,0
699,0,0.0,48.0,4760.0,4808
700,0,16000.0,24000.0,13346.0,53346
701,1,0.0,6.0,12.0,18
702,0,325.0,157.0,274.0,756
703,1,87000.0,15000.0,53821.0,155821
704,1,0.0,0.0,0.0,0
705,0,111.0,0.0,230.0,341
706,0,201.0,39.0,57.0,297
707,0,678.0,0.0,4015.0,4693
708,0,537.0,195.0,671.0,1403
709,1,0.0,0.0,0.0,0
710,1,0.0,0.0,102.0,102
711,0,46.0,8.0,55.0,109
712,0,0.0,105.0,210.0,315
713,0,0.0,85.0,284.0,369
714,0,34.0,12.0,12.0,58
715,0,814.0,72.0,275.0,1161
716,0,1300.0,0.0,51.0,1351
717,0,128.0,0.0,135.0,263
718,0,0.0,797.0,7820.0,8617
719,0,24.0,0.0,4.0,28
720,0,7500.0,0.0,7465.0,14965
721,1,0.0,0.0,0.0,0
722,1,0.0,0.0,0.0,0
723,0,0.0,1.0,2.0,3
724,1,0.0,0.0,0.0,0
725,0,125.0,65.0,65.0,255
726,2,202.0,109.0,5635.0,5946
727,0,335.0,3.0,1840.0,2178
728,0,6.0,0.0,1.0,7
729,1,0.0,0.0,0.0,0
730,1,0.0,0.0,0.0,0
731,0,0.0,83.0,31934.0,32017
732,1,0.0,0.0,0.0,0
733,1,0.0,0.0,0.0,0
734,0,398.0,40.0,362.0,800
735,1,173.0,31.0,125.0,329
736,1,0.0,0.0,0.0,0
737,0,0.0,26.0,160.0,186
738,0,0.0,61.0,2714.0,2775
739,1,0.0,0.0,0.0,0
740,1,0.0,0.0,0.0,0
741,0,2.0,5.0,0.0,7
742,1,0.0,0.0,0.0,0
743,0,3.0,0.0,0.0,3
744,1,0.0,0.0,0.0,0
745,0,12000.0,567.0,2896.0,15463
746,1,0.0,0.0,0.0,0
747,1,0.0,0.0,0.0,0
748,0,0.0,28.0,110.0,138
749,0,221000.0,10000.0,75508.0,306508
750,0,3.0,1.0,1.0,5
751,0,2.0,0.0,0.0,2
752,0,83.0,0.0,396.0,479
753,0,48.0,0.0,315.0,363
754,0,1000.0,0.0,451.0,1451
755,0,308.0,765.0,19972.0,21045
756,0,43.0,21.0,13.0,77
757,0,594.0,440.0,1297.0,2331
758,0,19000.0,1000.0,21403.0,41403
759,1,0.0,57000.0,6221.0,63221
760,0,0.0,104.0,518.0,622
761,0,0.0,7.0,472.0,479
762,0,2.0,2.0,0.0,4
763,0,117.0,0.0,9.0,126
764,1,0.0,0.0,2.0,2
765,0,308.0,765.0,19972.0,21045
766,0,653.0,368.0,326.0,1347
767,0,127.0,0.0,19.0,146
768,1,0.0,0.0,0.0,0
769,0,216.0,343.0,210.0,769
770,0,113.0,0.0,31.0,144
771,0,476.0,480.0,130.0,1086
772,1,0.0,0.0,0.0,0
773,0,34.0,5.0,4.0,43
774,0,113.0,0.0,31.0,144
775,0,14000.0,13000.0,11419.0,38419
776,0,6800.0,161.0,3202.0,10163
777,0,0.0,26.0,274.0,300
778,0,0.0,11.0,9756.0,9767
779,0,0.0,19.0,2567.0,2586
780,1,165000.0,24000.0,77060.0,266060
781,1,0.0,0.0,0.0,0
782,1,11.0,0.0,76.0,87
783,1,0.0,5.0,2.0,7
784,1,0.0,0.0,0.0,0
785,0,40.0,14.0,69.0,123
786,0,119.0,0.0,1499.0,1618
787,1,0.0,0.0,0.0,0
788,0,158.0,72.0,44.0,274
789,1,878.0,331.0,1290.0,2499
790,0,380.0,86.0,500.0,966
791,1,0.0,0.0,0.0,0
792,0,28.0,31.0,438.0,497
793,0,0.0,122.0,104.0,226
794,1,0.0,0.0,0.0,0
795,1,0.0,0.0,0.0,0
796,0,54.0,0.0,4.0,58
797,1,0.0,0.0,0.0,0
798,0,12.0,0.0,210.0,222
799,0,0.0,78.0,6.0,84
800,0,2.0,0.0,1.0,3
801,0,0.0,0.0,0.0,0
802,0,15.0,0.0,11.0,26
803,1,0.0,0.0,0.0,0
804,0,12.0,0.0,31.0,43
805,1,0.0,0.0,0.0,0
806,1,0.0,0.0,0.0,0
807,0,7.0,0.0,0.0,7
808,0,2.0,0.0,1.0,3
809,0,0.0,322.0,2021.0,2343
810,0,11.0,7.0,4.0,22
811,0,0.0,322.0,2021.0,2343
812,1,0.0,0.0,0.0,0
813,0,42.0,0.0,24.0,66
814,0,0.0,21.0,9.0,30
815,0,1.0,0.0,0.0,1
816,0,264.0,0.0,479.0,743
817,0,0.0,1.0,41.0,42
818,0,94.0,78.0,805.0,977
819,0,0.0,39.0,265.0,304
820,1,0.0,0.0,0.0,0
821,0,0.0,2.0,655.0,657
822,0,0.0,112.0,906.0,1018
823,0,169.0,1.0,47.0,217
824,0,0.0,17.0,149.0,166
825,1,0.0,0.0,0.0,0
826,0,279.0,38.0,25.0,342
827,0,0.0,1.0,0.0,1
828,1,0.0,97.0,14102.0,14199
829,0,147.0,52.0,48.0,247
830,0,80.0,5.0,3.0,88
831,0,60.0,11.0,12.0,83
832,0,72.0,8.0,20.0,100
833,0,61.0,2.0,39.0,102
834,0,0.0,99.0,2253.0,2352
835,1,0.0,97.0,14102.0,14199
836,1,21.0,7.0,1.0,29
837,1,0.0,0.0,0.0,0
838,1,0.0,0.0,0.0,0
839,0,15.0,1.0,32.0,48
840,1,0.0,0.0,0.0,0
841,0,0.0,56.0,188.0,244
842,1,0.0,0.0,0.0,0
843,0,0.0,2.0,213.0,215
844,0,794.0,72.0,34621.0,35487
845,1,0.0,0.0,0.0,0
846,0,142.0,29.0,198.0,369
847,0,33000.0,0.0,14102.0,47102
848,0,0.0,55.0,39.0,94
849,0,50.0,57.0,180.0,287
850,0,5.0,2.0,4.0,11
851,1,9200.0,58000.0,19488.0,86688
852,0,0.0,27.0,315.0,342
853,0,6.0,0.0,0.0,6
854,0,4.0,0.0,0.0,4
855,0,0.0,18.0,1529.0,1547
856,0,33.0,13.0,116.0,162
857,1,0.0,0.0,0.0,0
858,0,11.0,0.0,1.0,12
859,2,39.0,6.0,238.0,283
860,1,0.0,0.0,0.0,0
861,0,14.0,22.0,145.0,181
862,0,506.0,69.0,1056.0,1631
863,0,58.0,20.0,47.0,125
864,1,0.0,10.0,2.0,12
865,0,0.0,7.0,96.0,103
866,0,64.0,0.0,19.0,83
867,0,50.0,0.0,39.0,89
868,0,928.0,0.0,634.0,1562
869,0,1000.0,0.0,710.0,1710
870,0,2400.0,18000.0,110865.0,131265
871,0,296.0,2.0,284.0,582
872,0,308.0,60.0,234.0,602
873,2,44.0,0.0,314.0,358
874,0,0.0,5.0,45.0,50
875,0,5.0,0.0,0.0,5
876,0,0.0,33.0,170.0,203
877,0,609.0,78.0,102326.0,103013
878,0,0.0,14.0,453.0,467
879,0,10.0,15.0,187.0,212
880,1,0.0,0.0,0.0,0
881,0,11.0,0.0,10.0,21
882,0,110.0,32.0,114.0,256
883,0,138.0,56.0,87.0,281
884,0,41.0,0.0,357.0,398
885,1,0.0,0.0,0.0,0
886,0,6600.0,19000.0,1196.0,26796
887,2,0.0,6.0,491.0,497
888,0,0.0,18.0,23.0,41
889,0,0.0,25.0,41.0,66
890,0,285.0,0.0,6.0,291
891,0,1500.0,581.0,345.0,2426
892,0,5.0,0.0,0.0,5
893,1,0.0,42.0,334.0,376
894,1,0.0,0.0,0.0,0
895,1,0.0,42.0,334.0,376
896,0,588.0,0.0,324.0,912
897,0,214.0,30.0,156.0,400
898,1,0.0,0.0,0.0,0
899,0,36000.0,68000.0,18053.0,122053
900,0,0.0,22.0,36.0,58
901,0,0.0,88.0,43.0,131
902,1,0.0,0.0,0.0,0
903,1,0.0,0.0,0.0,0
904,1,0.0,0.0,0.0,0
905,0,155.0,0.0,34.0,189
906,1,0.0,0.0,0.0,0
907,0,0.0,136.0,1604.0,1740
908,0,36000.0,68000.0,18053.0,122053
909,0,0.0,114.0,709.0,823
910,0,33.0,28.0,195.0,256
911,0,30.0,28.0,369.0,427
912,0,125.0,65.0,65.0,255
913,0,17000.0,493.0,2185.0,19678
914,1,0.0,0.0,0.0,0
915,0,2100.0,24000.0,10017.0,36117
916,1,0.0,0.0,0.0,0
917,2,152.0,0.0,652.0,804
918,0,62.0,136.0,995.0,1193
919,1,0.0,0.0,0.0,0
920,0,47.0,27.0,481.0,555
921,0,0.0,5.0,66.0,71
922,0,0.0,9.0,86.0,95
923,0,192.0,29.0,15167.0,15388
924,0,0.0,69.0,649.0,718
925,0,602.0,11000.0,2089.0,13691
926,1,0.0,0.0,0.0,0
927,0,78.0,17.0,191.0,286
928,0,0.0,0.0,21.0,21
929,0,74.0,16.0,13.0,103
930,0,0.0,17.0,295.0,312
931,0,0.0,5.0,3.0,8
932,0,71000.0,41000.0,30196.0,142196
933,0,5700.0,783.0,1834.0,8317
934,0,157.0,40.0,65.0,262
935,0,22.0,10.0,226.0,258
936,0,102.0,15.0,343.0,460
937,0,0.0,0.0,1.0,1
938,0,370.0,429.0,1756.0,2555
939,0,4200.0,470.0,7544.0,12214
940,0,0.0,3.0,0.0,3
941,0,203.0,0.0,6730.0,6933
942,1,0.0,0.0,0.0,0
943,0,0.0,0.0,485.0,485
944,0,0.0,24.0,197.0,221
945,1,0.0,152.0,577.0,729
946,0,0.0,156.0,1107.0,1263
947,0,0.0,11.0,976.0,987
948,0,0.0,11000.0,4102.0,15102
949,0,0.0,80.0,538.0,618
950,0,0.0,0.0,485.0,485
951,0,0.0,162.0,764.0,926
952,0,0.0,14.0,453.0,467
953,0,72.0,0.0,22.0,94
954,0,538.0,153.0,1618.0,2309
955,0,9.0,54.0,20.0,83
956,0,386.0,24000.0,15879.0,40265
957,0,436.0,16.0,5728.0,6180
958,0,182.0,0.0,105.0,287
959,0,1000.0,0.0,4394.0,5394
960,1,3300.0,627.0,447.0,4374
961,1,0.0,0.0,0.0,0
962,0,0.0,76.0,27.0,103
963,1,0.0,0.0,0.0,0
964,0,41.0,1.0,91.0,133
965,0,4.0,2.0,78.0,84
966,0,0.0,33.0,2.0,35
967,0,74.0,0.0,67.0,141
968,0,1100.0,426.0,2160.0,3686
969,1,0.0,0.0,0.0,0
970,1,0.0,0.0,0.0,0
971,0,0.0,2.0,8.0,10
972,0,1000.0,0.0,4394.0,5394
973,0,0.0,2.0,8.0,10
974,0,6400.0,37000.0,569.0,43969
975,0,22.0,0.0,1.0,23
976,1,0.0,0.0,0.0,0
977,0,26.0,0.0,12.0,38
978,1,0.0,52.0,25.0,77
979,1,0.0,0.0,0.0,0
980,0,707.0,204.0,862.0,1773
981,0,242.0,212.0,269.0,723
982,0,0.0,58.0,254.0,312
983,0,142.0,0.0,558.0,700
984,0,5.0,0.0,3.0,8
985,0,1.0,0.0,0.0,1
986,0,0.0,2.0,38.0,40
987,0,459.0,266.0,612.0,1337
988,0,173.0,4.0,171.0,348
989,0,173.0,4.0,171.0,348
990,0,30000.0,13000.0,63038.0,106038
991,0,2700.0,291.0,11735.0,14726
992,0,33.0,50.0,54.0,137
993,0,5.0,0.0,12.0,17
994,0,3.0,2.0,2.0,7
995,1,0.0,0.0,0.0,0
996,0,220.0,28.0,1210.0,1458
997,0,17.0,8.0,16.0,41
998,0,1800.0,73.0,16.0,1889
999,0,1800.0,73.0,16.0,1889
1000,1,0.0,0.0,0.0,0
1001,1,0.0,0.0,0.0,0
1002,0,220.0,0.0,139.0,359
1003,1,0.0,0.0,0.0,0
1004,0,229.0,0.0,182.0,411
1005,1,0.0,0.0,0.0,0
1006,1,0.0,0.0,0.0,0
1007,0,21000.0,9.0,145803.0,166812
1008,0,15000.0,41000.0,68993.0,124993
1009,0,55.0,16.0,6.0,77
1010,1,0.0,0.0,0.0,0
1011,0,30.0,9.0,232.0,271
1012,0,33000.0,0.0,69005.0,102005
1013,0,240.0,0.0,990.0,1230
1014,1,0.0,0.0,0.0,0
1015,1,0.0,0.0,0.0,0
1016,1,0.0,0.0,0.0,0
1017,0,568.0,515.0,1642.0,2725
1018,0,311.0,0.0,431.0,742
1019,0,87.0,0.0,113.0,200
1020,1,0.0,0.0,0.0,0
1021,0,36.0,12.0,2.0,50
1022,0,727.0,157.0,63.0,947
1023,1,0.0,0.0,0.0,0
1024,0,0.0,0.0,40.0,40
1025,0,98.0,44.0,7.0,149
1026,0,23.0,2.0,10.0,35
1027,0,51.0,2.0,54.0,107
1028,0,666.0,42.0,708.0,1416
1029,1,88.0,45.0,772.0,905
1030,1,0.0,0.0,0.0,0
1031,0,1.0,0.0,0.0,1
1032,0,20.0,1.0,26.0,47
1033,1,0.0,0.0,0.0,0
1034,0,599.0,0.0,647.0,1246
1035,0,446.0,0.0,507.0,953
1036,0,375.0,0.0,379.0,754
1037,0,88.0,7.0,86.0,181
1038,1,0.0,0.0,0.0,0
1039,0,614.0,111.0,2704.0,3429
1040,1,855.0,44.0,2678.0,3577
1041,0,7300.0,38000.0,5682.0,50982
1042,0,9.0,0.0,0.0,9
1043,0,2800.0,251.0,2319.0,5370
1044,1,0.0,0.0,0.0,0
1045,0,35.0,0.0,22.0,57
1046,0,415.0,20.0,8883.0,9318
1047,0,12.0,0.0,25.0,37
1048,0,12.0,13.0,25.0,50
1049,1,0.0,0.0,0.0,0
1050,1,0.0,0.0,0.0,0
1051,1,0.0,0.0,0.0,0
1052,0,0.0,33.0,205.0,238
1053,0,60.0,0.0,27.0,87
1054,1,0.0,0.0,0.0,0
1055,1,0.0,0.0,0.0,0
1056,1,0.0,0.0,0.0,0
1057,1,0.0,0.0,0.0,0
1058,0,0.0,541.0,2033.0,2574
1059,0,188.0,14.0,225.0,427
1060,0,85.0,7.0,8.0,100
1061,1,0.0,0.0,0.0,0
1062,1,0.0,0.0,0.0,0
1063,1,0.0,0.0,0.0,0
1064,1,0.0,3.0,14.0,17
1065,0,3700.0,1000.0,1588.0,6288
1066,0,60.0,77.0,153.0,290
1067,0,46.0,18.0,32.0,96
1068,2,47.0,9.0,8.0,64
1069,0,8.0,0.0,12.0,20
1070,0,204.0,6.0,5.0,215
1071,1,90.0,39.0,38.0,167
1072,1,0.0,0.0,0.0,0
1073,0,66.0,0.0,13.0,79
1074,0,57.0,0.0,29.0,86
1075,1,0.0,0.0,0.0,0
1076,0,36.0,3.0,33.0,72
1077,1,0.0,0.0,0.0,0
1078,1,0.0,0.0,0.0,0
1079,0,11.0,4.0,0.0,15
1080,0,3000.0,216.0,1262.0,4478
1081,0,3000.0,216.0,1262.0,4478
1082,0,24.0,18.0,42.0,84
1083,0,35.0,35.0,53.0,123
1084,0,5600.0,954.0,11919.0,18473
1085,0,12.0,0.0,300.0,312
1086,0,0.0,97.0,375242.0,375339
1087,0,35000.0,0.0,725514.0,760514
1088,0,48.0,42.0,13.0,103
1089,0,0.0,45.0,743.0,788
1090,0,13000.0,384.0,1363.0,14747
1091,0,707.0,204.0,862.0,1773
1092,0,97.0,41.0,273.0,411
1093,0,18000.0,41000.0,5514.0,64514
1094,0,0.0,12.0,7316.0,7328
1095,2,58.0,29.0,4664.0,4751
1096,1,33.0,59.0,2.0,94
1097,0,659.0,360.0,4071.0,5090
1098,0,361.0,2.0,4337.0,4700
1099,0,1.0,0.0,0.0,1
1100,0,155.0,9.0,527.0,691
1101,1,0.0,0.0,0.0,0
1102,0,43.0,0.0,4717.0,4760
1103,0,84.0,59.0,17.0,160
1104,0,0.0,50.0,4664.0,4714
1105,2,0.0,44.0,15736.0,15780
1106,1,0.0,0.0,0.0,0
1107,1,0.0,0.0,0.0,0
1108,0,0.0,0.0,5.0,5
1109,0,107.0,14.0,80.0,201
1110,0,1.0,0.0,0.0,1
1111,0,100.0,0.0,597.0,697
1112,0,4600.0,480.0,3005.0,8085
1113,0,0.0,58.0,1043.0,1101
1114,0,0.0,136.0,157.0,293
1115,0,0.0,0.0,19.0,19
1116,0,305.0,41.0,245.0,591
1117,0,0.0,29.0,383.0,412
1118,0,5.0,1.0,6.0,12
1119,0,0.0,9.0,7205.0,7214
1120,0,98.0,0.0,77.0,175
1121,0,685.0,81.0,69.0,835
1122,0,22.0,0.0,6.0,28
1123,0,1.0,0.0,0.0,1
1124,0,4.0,0.0,0.0,4
1125,0,0.0,0.0,0.0,0
1126,0,358.0,0.0,3407.0,3765
1127,1,2000.0,181.0,126.0,2307
1128,1,0.0,0.0,0.0,0
1129,0,56.0,0.0,29.0,85
1130,0,0.0,20.0,246.0,266
1131,0,19.0,0.0,7.0,26
