,topic,all_reactions,comments,shares,interaction_sum,polarity,subjectivity
0,0,63.0,0.0,48.0,111,0.0,0.0
1,0,0.0,31.0,64.0,95,-0.2,0.8
2,1,7.0,0.0,0.0,7,-0.16666666666666666,0.16666666666666666
3,1,33.0,5.0,99.0,137,-0.05,0.4
4,0,245.0,226.0,400.0,871,0.07487179487179486,0.5420940170940169
5,0,319.0,83.0,296.0,698,0.5,0.5
6,3,40.0,7.0,71.0,118,-0.09523809523809523,0.43971306471306476
7,0,36.0,5.0,23.0,64,0.009090909090909066,0.4151515151515151
8,0,10.0,4.0,7.0,21,0.009090909090909066,0.4151515151515151
9,0,93.0,10.0,77.0,180,-0.37333333333333335,0.7333333333333333
10,0,24.0,0.0,6.0,30,-0.45000000000000007,0.8
11,0,22.0,0.0,9.0,31,-0.21666666666666667,0.85
12,0,129.0,41.0,120.0,290,-0.17772727272727276,0.48590909090909096
13,0,0.0,55.0,98.0,153,-0.06666666666666668,0.4666666666666666
14,0,45.0,0.0,21.0,66,0.17777777777777773,0.3555555555555556
15,0,12.0,0.0,6.0,18,-0.24166666666666667,0.5479166666666667
16,0,66.0,7.0,38.0,111,-0.10757575757575757,0.48030303030303034
17,0,36.0,3.0,57.0,96,-0.3291666666666668,0.5666666666666668
18,0,90.0,20.0,36.0,146,-0.2888888888888889,0.5555555555555555
19,0,82.0,42.0,70.0,194,0.041003787878787876,0.4214015151515152
20,0,82.0,6.0,32.0,120,-0.5,1.0
21,0,575.0,147.0,328.0,1050,-0.09333333333333334,0.25333333333333335
22,0,58.0,8.0,52.0,118,-0.02462121212121214,0.35994318181818186
23,0,15.0,0.0,6.0,21,-0.22777777777777777,0.5444444444444445
24,0,144.0,62.0,59.0,265,0.0,0.75
25,0,35.0,4.0,9.0,48,0.01574074074074074,0.41203703703703703
26,0,24.0,0.0,10.0,34,-0.2555555555555556,0.4222222222222222
27,0,4.0,2.0,10.0,16,-0.11666666666666667,0.6166666666666666
28,0,6400.0,37000.0,913.0,44313,-0.0625,0.875
29,0,274.0,16.0,550.0,840,0.029082054309327046,0.34241637150728066
30,0,18.0,0.0,27.0,45,0.1,0.4833333333333333
31,0,0.0,0.0,0.0,0,0.4166666666666667,0.5499999999999999
32,1,1.0,0.0,0.0,1,-0.12,0.5250000000000001
33,0,9900.0,14000.0,17308.0,41208,0.37,0.44333333333333336
34,0,81.0,25.0,267.0,373,-0.4,0.55
35,0,33000.0,0.0,68984.0,101984,0.3213768115942029,0.5025362318840579
36,0,80.0,0.0,349.0,429,0.0,0.1
37,0,280.0,0.0,1739.0,2019,0.0,0.375
38,0,183.0,136.0,157.0,476,0.13165374677002584,0.4361757105943152
39,0,131.0,95.0,121.0,347,0.08333333333333333,0.3884259259259259
40,0,246.0,51.0,401.0,698,0.03333333333333333,0.45606060606060606
41,4,586.0,85.0,340.0,1011,0.0,0.0
42,0,279.0,177.0,301.0,757,-0.03939393939393941,0.5068181818181817
43,0,279.0,177.0,301.0,757,-0.03939393939393941,0.5068181818181817
44,0,344.0,0.0,1173.0,1517,-0.12032967032967035,0.5315750915750915
45,0,5.0,0.0,4.0,9,0.04157512626262625,0.47903724747474746
46,0,281.0,98.0,844.0,1223,0.057902815214136,0.49492737346510934
47,0,279.0,177.0,301.0,757,-0.03939393939393941,0.5068181818181817
48,0,6.0,7.0,5.0,18,-0.024999999999999967,0.630952380952381
49,0,0.0,7.0,5.0,12,0.04062500000000003,0.6145833333333334
50,0,45.0,2.0,19.0,66,-0.056666666666666664,0.5599999999999999
51,0,9800.0,3000.0,912.0,13712,0.25,0.7749999999999999
52,0,63000.0,44000.0,624.0,107624,0.175,0.325
53,0,28.0,0.0,34.0,62,0.24444444444444446,0.7666666666666666
54,0,783.0,39.0,1203.0,2025,0.35,0.6000000000000001
55,0,35.0,0.0,64.0,99,0.11818181818181818,0.42727272727272725
56,0,464.0,179.0,856.0,1499,0.019729838063171395,0.3759942680776014
57,0,91.0,22.0,37.0,150,0.06666666666666667,0.25000000000000006
58,0,244.0,41.0,1323.0,1608,-0.09999999999999992,0.5833333333333333
59,0,203.0,0.0,385.0,588,0.25,0.25
60,3,1.0,0.0,5.0,6,0.0,0.75
61,0,491.0,61.0,962.0,1514,0.15064935064935067,0.49062049062049057
62,0,23.0,0.0,31.0,54,-0.1,0.3
63,0,779.0,238.0,1447.0,2464,-0.10803030303030305,0.36883838383838385
64,0,408.0,22.0,46.0,476,0.4142857142857143,0.7214285714285714
65,0,568.0,515.0,1642.0,2725,0.5249999999999999,0.5750000000000001
66,0,779.0,238.0,1447.0,2464,-0.10803030303030305,0.36883838383838385
67,0,419.0,0.0,103.0,522,0.18831168831168826,0.461038961038961
68,0,4.0,0.0,2.0,6,-0.45,0.8
69,0,0.0,16.0,56.0,72,0.0,0.0
70,0,44.0,34.0,85.0,163,0.1708333333333333,0.3999999999999999
71,0,41.0,0.0,78.0,119,0.08783333333333336,0.3964206349206349
72,0,779.0,238.0,1447.0,2464,-0.10803030303030305,0.36883838383838385
73,0,39.0,47.0,394.0,480,-0.13032106782106784,0.3426857864357864
74,0,779.0,238.0,1447.0,2464,-0.10803030303030305,0.36883838383838385
75,0,1300.0,69.0,39.0,1408,0.08166666666666667,0.3401190476190476
76,0,1400.0,138.0,24.0,1562,0.19166666666666668,0.5694444444444444
77,0,2300.0,641.0,1132.0,4073,0.0,0.0
78,0,8.0,0.0,10.0,18,0.03333333333333333,0.5375
79,0,779.0,238.0,1447.0,2464,-0.10803030303030305,0.36883838383838385
80,0,282.0,474.0,515.0,1271,0.15952380952380954,0.35773809523809524
81,0,12.0,2.0,6.0,20,0.1410493827160494,0.4441358024691358
82,0,65.0,40.0,54.0,159,0.055773809523809524,0.3360714285714286
83,0,200.0,46.0,208.0,454,0.06595731474407944,0.4451903488668194
84,0,5700.0,17000.0,6417.0,29117,0.16,0.24000000000000005
85,0,7.0,1.0,3.0,11,-0.5,0.9
86,0,299.0,0.0,290.0,589,0.13958333333333334,0.25625000000000003
87,0,61.0,12.0,34.0,107,-0.3,0.6
88,0,676.0,181.0,178.0,1035,0.06694214876033058,0.37575757575757573
89,0,95.0,34.0,13.0,142,0.09999999999999999,0.42361111111111116
90,0,75.0,0.0,113.0,188,0.13333333333333333,0.48611111111111116
91,0,75.0,18.0,231.0,324,-0.01875,0.3195075757575758
92,0,38.0,16.0,342.0,396,-0.02462121212121212,0.19242424242424241
93,0,1100.0,0.0,8793.0,9893,-0.5,0.9
94,0,19.0,0.0,79.0,98,0.2,0.9444444444444444
95,0,0.0,22.0,6.0,28,0.17142857142857143,0.3380952380952381
96,0,115.0,0.0,52.0,167,0.12222222222222223,0.2111111111111111
97,1,881.0,0.0,1269.0,2150,-0.019565217391304346,0.5701690821256039
98,1,14.0,5.0,4.0,23,0.0,0.25
99,1,47.0,8.0,58.0,113,-0.04895833333333333,0.5453703703703704
100,0,67.0,25.0,68.0,160,0.07589697615817018,0.438402145118563
101,0,84.0,26.0,80.0,190,0.0,0.0
102,3,6100.0,313.0,987.0,7400,0.147985347985348,0.38974358974358975
103,0,745.0,262.0,2514.0,3521,-0.026047619047619052,0.5525238095238094
104,0,106.0,56.0,258.0,420,-0.04379960317460318,0.6213789682539682
105,4,52.0,3.0,107.0,162,-0.0343576521517698,0.4768557422969187
106,0,48.0,1.0,25.0,74,0.09204004329004328,0.4872619047619048
107,0,169.0,18.0,266.0,453,-0.050051759834368534,0.5788302277432712
108,0,676.0,181.0,178.0,1035,0.06694214876033058,0.37575757575757573
109,0,95.0,34.0,13.0,142,0.09999999999999999,0.42361111111111116
110,0,0.0,13.0,396.0,409,-0.12499999999999999,0.6375
111,1,1800.0,727.0,467.0,2994,-0.3292929292929293,0.6838383838383838
112,1,1800.0,727.0,467.0,2994,-0.3292929292929293,0.6838383838383838
113,1,3500.0,110.0,210.0,3820,0.106758658008658,0.42823322510822515
114,0,1500.0,0.0,765.0,2265,0.32949810606060603,0.47642045454545456
115,0,94.0,31.0,23.0,148,0.075,0.32222222222222224
116,3,2.0,0.0,3.0,5,-0.344047619047619,0.5595238095238095
117,0,2.0,0.0,2.0,4,0.0,0.125
118,0,103.0,46.0,78.0,227,0.03212353123067409,0.3941210575139147
119,1,1900.0,0.0,322.0,2222,0.09818001443001442,0.557041847041847
120,0,103.0,46.0,78.0,227,0.03212353123067409,0.3941210575139147
121,0,1300.0,189.0,23.0,1512,0.14867424242424243,0.46041666666666664
122,0,105.0,9.0,27.0,141,0.025422077922077922,0.40565295815295827
123,0,80.0,44.0,245.0,369,0.22807017543859653,0.41140350877192977
124,0,169.0,0.0,88.0,257,-0.1892857142857143,0.6107142857142858
125,0,166.0,2.0,295.0,463,0.10598285486443386,0.4809150717703348
126,0,5600.0,22000.0,12541.0,40141,-0.04479166666666666,0.559375
127,0,1200.0,265.0,453.0,1918,0.22638888888888886,0.36031746031746037
128,0,157.0,0.0,942.0,1099,-0.30000000000000004,0.2
129,0,76.0,0.0,44.0,120,-0.30000000000000004,0.2
130,0,429.0,252.0,429.0,1110,-0.031210021321961604,0.596730632551528
131,0,1000.0,0.0,2172.0,3172,0.07333221551531412,0.49308629555108413
132,0,4400.0,3000.0,877.0,8277,0.11875,0.56875
133,0,8.0,0.0,5.0,13,0.1875,0.38125
134,0,227.0,26.0,341.0,594,0.03718671679197995,0.3964285714285714
135,0,3.0,0.0,1.0,4,-0.05151515151515152,0.3856060606060607
136,0,65.0,40.0,54.0,159,0.055773809523809524,0.3360714285714286
137,0,34.0,0.0,21.0,55,0.16193893825472772,0.31472431077694235
138,3,207.0,0.0,141.0,348,0.06345057720057719,0.4066901154401154
139,0,65.0,40.0,54.0,159,0.055773809523809524,0.3360714285714286
140,0,34.0,0.0,21.0,55,0.16193893825472772,0.31472431077694235
141,0,0.0,0.0,0.0,0,-0.16666666666666666,0.4222222222222222
142,3,9700.0,0.0,1158.0,10858,0.1712121212121212,0.4919191919191919
143,0,108.0,54.0,23.0,185,0.16111111111111112,0.4222222222222222
144,0,41.0,3.0,19.0,63,0.06710365206688738,0.392688067651303
145,0,4.0,0.0,3.0,7,0.0,0.0
146,0,9.0,12.0,3.0,24,0.04035087719298247,0.46403508771929824
147,0,6800.0,0.0,9617.0,16417,-0.00019384623815003904,0.43599512302043936
148,0,58.0,9.0,24.0,91,-0.01077248223474639,0.4364110103732747
149,0,94.0,28.0,53.0,175,0.26666666666666666,0.4666666666666666
150,0,411.0,0.0,1746.0,2157,-0.10681818181818183,0.5636363636363636
151,0,1300.0,0.0,13907.0,15207,0.19274891774891775,0.423051948051948
152,0,0.0,143.0,283.0,426,0.03181818181818182,0.3658730158730159
153,0,104.0,17.0,80.0,201,0.12291666666666666,0.48125
154,0,186.0,14.0,147.0,347,0.009999999999999992,0.473452380952381
155,0,169000.0,19000.0,39997.0,227997,0.05208333333333333,0.7076388888888888
156,0,0.0,57000.0,46559.0,103559,-0.184375,0.33749999999999997
157,0,177.0,30.0,221.0,428,0.0,0.0
158,0,171.0,22.0,193.0,386,0.0,0.0
159,0,284.0,66.0,136.0,486,0.04329004329004329,0.5250647228588405
160,0,131.0,45.0,28.0,204,-0.05709366391184572,0.4918388429752065
161,0,2100.0,19.0,4106.0,6225,-0.013234629294755877,0.4933519188266025
162,0,1600.0,448.0,3095.0,5143,-0.012347647392290249,0.49232568027210893
163,0,0.0,2.0,238.0,240,-0.010199175824175828,0.5054461741961743
164,0,289.0,147.0,181.0,617,0.13999999999999999,0.38
165,0,99.0,19.0,47.0,165,-0.02613636363636365,0.35157828282828274
166,0,65.0,1.0,26.0,92,0.02246599055066799,0.45400875110552535
167,0,2000.0,0.0,5433.0,7433,0.054166666666666696,0.575
168,1,2700.0,1000.0,323.0,4023,0.1774327122153209,0.5447204968944099
169,0,0.0,3.0,8734.0,8737,0.0,0.0
170,0,986.0,187.0,8184.0,9357,0.29214285714285715,0.6964285714285714
171,0,158.0,16.0,174.0,348,-0.061072261072261075,0.43916083916083914
172,0,1300.0,69.0,39.0,1408,0.08166666666666667,0.3401190476190476
173,0,1400.0,138.0,24.0,1562,0.19166666666666668,0.5694444444444444
174,0,44000.0,12000.0,2270.0,58270,0.08181818181818182,0.45303030303030306
175,0,10000.0,0.0,430.0,10430,0.16000000000000003,0.5887179487179487
176,3,58000.0,75000.0,1479.0,134479,0.3885416666666667,0.6041666666666667
177,3,780.0,218.0,911.0,1909,0.2903030303030303,0.4154545454545454
178,3,158.0,5.0,88.0,251,0.075,0.38416666666666666
179,0,56.0,10.0,200.0,266,0.07785087719298248,0.5106704260651629
180,4,33.0,2.0,26.0,61,0.08044400044400045,0.455124135124135
181,0,116.0,7.0,359.0,482,0.0,0.5
182,0,32.0,17.0,466.0,515,0.0,0.0
183,3,58000.0,75000.0,1479.0,134479,0.3885416666666667,0.6041666666666667
184,0,369.0,0.0,1016.0,1385,-0.024821428571428567,0.41946428571428573
185,0,11000.0,12000.0,986.0,23986,0.19999999999999998,0.6944444444444443
186,3,158.0,5.0,88.0,251,0.075,0.38416666666666666
187,0,189.0,53.0,111.0,353,-0.040354978354978366,0.4842380952380953
188,0,46.0,11.0,206.0,263,-0.08047619047619048,0.5857142857142856
189,0,288.0,8.0,6946.0,7242,0.5,0.5
190,0,263.0,0.0,276.0,539,-0.20833333333333334,0.725
191,0,896.0,115.0,1185.0,2196,-0.25,0.9
192,0,1500.0,156.0,2590.0,4246,-0.25,0.9
193,0,62.0,0.0,33.0,95,0.41874999999999996,0.5687500000000001
194,0,494.0,10.0,9.0,513,0.25,0.4904761904761905
195,0,477.0,75.0,504.0,1056,0.09806244260789719,0.3990128558310377
196,1,14000.0,22000.0,7092.0,43092,0.004761904761904768,0.6166666666666666
197,0,896.0,115.0,1185.0,2196,-0.25,0.9
198,0,3800.0,611.0,440.0,4851,0.20625,0.5017857142857143
199,0,233.0,23.0,172.0,428,0.0,0.0
200,0,0.0,69.0,439.0,508,0.0,0.0
201,0,472.0,3.0,796.0,1271,0.04287414965986395,0.4898526077097505
202,0,5200.0,0.0,17216.0,22416,0.04216317308422573,0.5013097136781346
203,0,35.0,1.0,125.0,161,0.14166666666666666,0.5416666666666666
204,0,0.0,0.0,0.0,0,0.4000000000000001,0.4666666666666666
205,0,187.0,38.0,720.0,945,0.12222222222222223,0.2777777777777778
206,0,1.0,0.0,0.0,1,0.0,0.0
207,0,12.0,0.0,0.0,12,0.0,0.0
208,0,109.0,2.0,34.0,145,0.0,0.0
209,0,4500.0,25000.0,909.0,30409,0.038257575757575754,0.4617174492174492
210,0,392.0,0.0,14.0,406,-0.01454545454545455,0.6424242424242423
211,3,70000.0,73000.0,33426.0,176426,0.1761904761904762,0.46666666666666673
212,0,307.0,558.0,5045.0,5910,0.10113636363636362,0.4
213,1,10000.0,32000.0,8796.0,50796,0.11205118411000763,0.6080977845683728
214,0,6600.0,6.0,5154.0,11760,0.08333333333333333,0.3358333333333333
215,1,617.0,354.0,1100.0,2071,0.16491228070175437,0.5666666666666665
216,3,0.0,267.0,954.0,1221,0.14505494505494504,0.5412087912087912
217,0,0.0,29.0,318.0,347,0.2,0.3
218,3,107.0,14.0,80.0,201,-0.0413003663003663,0.5647083685545223
219,0,88.0,2.0,5.0,95,0.32,0.4499999999999999
220,3,50.0,5.0,39.0,94,-0.0413003663003663,0.5647083685545223
221,0,0.0,63.0,100.0,163,0.02882653061224491,0.3778061224489796
222,0,0.0,37.0,536.0,573,-0.19013047138047137,0.5036405723905724
223,0,61.0,0.0,184.0,245,0.10906764330677375,0.483087604826735
224,3,0.0,330.0,1611.0,1941,0.22762150728059816,0.5288646202282566
225,0,1.0,0.0,0.0,1,0.0,0.0
226,0,12.0,0.0,0.0,12,0.0,0.0
227,0,109.0,2.0,34.0,145,0.0,0.0
228,1,41.0,0.0,24.0,65,-0.003537414965986393,0.3720748299319728
229,3,1100.0,46.0,337.0,1483,0.44999999999999996,0.75
230,0,147.0,72.0,286.0,505,0.19318181818181818,0.41666666666666663
231,1,6600.0,12000.0,1700.0,20300,-0.09722222222222225,0.6805555555555555
232,0,0.0,107.0,2075.0,2182,0.2,0.2
233,0,0.0,17.0,168.0,185,0.014052175894281156,0.28753892306523876
234,4,496.0,302.0,1040.0,1838,0.02566964285714286,0.5484375
235,0,279.0,0.0,75.0,354,-0.11704545454545456,0.49034090909090905
236,1,140.0,0.0,25.0,165,-0.025178571428571418,0.5119047619047619
237,0,922.0,0.0,306.0,1228,-0.015625,0.22604166666666672
238,3,1700.0,6.0,97076.0,98782,0.14194444444444443,0.5263888888888889
239,3,3.0,0.0,3.0,6,0.0,0.0
240,0,44.0,2.0,89.0,135,0.04204545454545453,0.38181818181818183
241,0,15.0,1.0,208.0,224,3.700743415417188e-17,0.7555555555555555
242,3,2.0,0.0,0.0,2,0.21103896103896103,0.5178571428571428
243,0,30.0,0.0,15.0,45,0.10499999999999998,0.62
244,0,72.0,0.0,41.0,113,0.0,0.0
245,3,63.0,11.0,282.0,356,-0.042777777777777776,0.48888888888888893
246,3,107.0,14.0,80.0,201,-0.0413003663003663,0.5647083685545223
247,0,19.0,0.0,39.0,58,0.08162102924398008,0.41682819912328084
248,0,2400.0,257.0,2928.0,5585,0.1619047619047619,0.5142857142857143
249,3,985.0,0.0,109.0,1094,-0.0950280112044818,0.4432773109243697
250,0,112.0,0.0,5.0,117,0.018518518518518514,0.39814814814814814
251,0,112.0,0.0,5.0,117,0.018518518518518514,0.39814814814814814
252,0,112.0,0.0,5.0,117,0.018518518518518514,0.39814814814814814
253,3,19.0,4.0,1.0,24,-0.5,1.0
254,1,685.0,81.0,69.0,835,-0.3,0.4
255,3,8.0,11.0,4.0,23,0.10625607385811466,0.4481851311953352
256,4,0.0,13.0,8.0,21,0.023214285714285715,0.25982142857142854
257,3,153.0,0.0,84.0,237,0.016666666666666677,0.875
258,0,6.0,0.0,1.0,7,0.058465608465608464,0.516633597883598
259,3,29.0,0.0,3.0,32,0.01571750321750321,0.5720012870012869
260,3,290.0,0.0,20.0,310,0.007585978835978833,0.6081878306878308
261,3,1000.0,0.0,118.0,1118,-0.018567323481116598,0.552208538587849
262,1,77.0,13.0,4.0,94,-0.19864718614718616,0.36731601731601726
263,0,259.0,84.0,37.0,380,0.12106060606060605,0.3528787878787879
264,0,0.0,36.0,131.0,167,0.13333333333333333,0.4333333333333333
265,0,582.0,0.0,374.0,956,-0.07203703703703704,0.42962962962962964
266,0,2500.0,3.0,19493.0,21996,0.08677579365079367,0.3912896825396825
267,0,78.0,0.0,24.0,102,0.11416666666666667,0.41666666666666663
268,0,0.0,260.0,1597.0,1857,0.044166666666666674,0.5216666666666667
269,0,2200.0,60.0,2860.0,5120,-0.0016754850088183547,0.3400352733686067
270,0,338.0,238.0,913.0,1489,0.32,0.36111111111111116
271,0,115.0,10.0,154.0,279,0.32,0.36111111111111116
272,0,945.0,0.0,2547.0,3492,0.09037268287268285,0.5407371332371331
273,3,2100.0,636.0,1409.0,4145,0.23750000000000002,0.55
274,3,0.0,36.0,285.0,321,0.25,0.3625
275,4,79.0,0.0,18.0,97,0.0,0.125
276,0,16.0,0.0,1.0,17,0.0,0.0
277,0,0.0,1.0,3576.0,3577,-0.1,0.5366666666666667
278,1,7.0,0.0,0.0,7,0.37857142857142856,0.6857142857142857
279,0,1100.0,19000.0,52038.0,72138,0.16720779220779222,0.5116883116883117
280,0,4.0,0.0,1.0,5,0.08755102040816326,0.4649659863945578
281,0,219.0,159.0,928.0,1306,0.15000000000000002,0.6
282,0,664.0,49.0,1481.0,2194,0.3333333333333333,0.4523809523809524
283,0,2.0,0.0,2.0,4,0.0,0.0
284,0,412.0,129.0,384.0,925,-0.5029761904761905,0.6785714285714286
285,0,2500.0,3.0,19491.0,21994,0.08677579365079367,0.3912896825396825
286,4,0.0,6.0,491.0,497,0.0,1.0
287,4,4.0,0.0,1.0,5,-0.03333333333333332,0.5694444444444445
288,0,10.0,0.0,11.0,21,-0.029104683195592288,0.48126721763085417
289,1,12.0,0.0,25.0,37,0.0,0.0
290,0,0.0,243.0,1641.0,1884,-0.1,0.6
291,0,3900.0,0.0,1357.0,5257,0.09432772733657689,0.48094305890766076
292,0,0.0,18.0,197.0,215,0.027272727272727258,0.6615151515151515
293,0,0.0,125.0,648.0,773,-0.04896694214876034,0.4704545454545455
294,0,4500.0,90.0,3445.0,8035,0.009787622771493738,0.5062660010240655
295,1,22.0,3.0,24.0,49,0.0,0.0
296,3,384.0,691.0,264.0,1339,0.18474025974025973,0.5205988455988455
297,3,1600.0,739.0,2429.0,4768,0.11666666666666667,0.5166666666666667
298,1,138.0,0.0,16.0,154,0.2545454545454546,0.4117424242424242
299,3,43000.0,0.0,10717.0,53717,0.1601190476190476,0.6035714285714285
300,1,3900.0,31000.0,396.0,35296,0.054545454545454536,0.575
301,3,43000.0,0.0,10717.0,53717,0.1601190476190476,0.6035714285714285
302,3,0.0,73.0,2.0,75,0.24666666666666667,0.2533333333333333
303,1,53.0,9.0,3349.0,3411,0.0,0.0
304,1,0.0,15.0,131.0,146,0.0,0.0
305,0,3.0,0.0,0.0,3,0.06763636363636362,0.5653939393939392
306,0,4.0,3.0,2.0,9,0.06763636363636362,0.5653939393939392
307,0,305.0,71.0,146.0,522,0.090689503732982,0.33769880481837006
308,1,948.0,401.0,1280.0,2629,0.1001818783068783,0.5283840388007054
309,1,0.0,5.0,2681.0,2686,0.08734737484737486,0.4707163207163208
310,1,3100.0,11000.0,884.0,14984,0.09016369047619047,0.46394841269841275
311,1,1300.0,374.0,1549.0,3223,0.08734737484737486,0.4707163207163208
312,1,260.0,450.0,386.0,1096,0.09553030303030305,0.5128030303030303
313,0,25000.0,38000.0,7015.0,70015,-0.024999999999999994,0.4722222222222222
314,1,0.0,231.0,1068.0,1299,0.08734737484737486,0.4707163207163208
315,1,6500.0,0.0,2180.0,8680,-0.10984848484848485,0.3810606060606061
316,0,5.0,0.0,2.0,7,0.08472222222222224,0.3430555555555555
317,0,5.0,0.0,3.0,8,0.08472222222222224,0.3430555555555555
318,0,464.0,0.0,58.0,522,0.1578512396694215,0.4969696969696969
319,3,390.0,0.0,416.0,806,-0.13901515151515154,0.47777777777777775
320,4,55.0,0.0,1302.0,1357,0.25,0.25
321,0,896.0,0.0,1031.0,1927,0.08962962962962964,0.4408465608465608
322,0,332.0,0.0,131.0,463,0.21525252525252528,0.5434343434343435
323,1,143.0,119.0,221.0,483,-0.02,0.5370833333333334
324,3,0.0,4.0,30.0,34,0.1,0.4
325,1,143.0,0.0,221.0,364,-0.02,0.5370833333333334
326,4,91.0,50.0,18.0,159,-0.3625,0.6375
327,0,119.0,0.0,33.0,152,0.00018939393939393536,0.49444444444444446
328,0,945.0,0.0,2547.0,3492,0.09037268287268285,0.5407371332371331
329,1,81.0,7.0,1.0,89,0.4722727272727273,0.6575757575757576
330,0,195.0,87.0,41.0,323,0.11055096418732782,0.39840220385674924
331,0,67.0,18.0,4.0,89,0.2791746735649175,0.4573208634184244
332,0,0.0,8.0,217.0,225,0.0,0.0
333,1,0.0,146.0,381.0,527,0.0875,0.1625
334,1,3.0,1.0,3.0,7,0.06934893731503902,0.45525165042114196
335,0,50.0,36.0,3.0,89,0.22727272727272727,0.5454545454545454
336,1,0.0,231.0,1068.0,1299,0.08734737484737486,0.4707163207163208
337,1,75.0,0.0,14.0,89,0.04821428571428571,0.5388392857142857
338,1,0.0,0.0,0.0,0,0.04821428571428571,0.5388392857142857
339,0,26.0,0.0,94.0,120,-0.07222222222222223,0.6333333333333333
340,3,226.0,0.0,45.0,271,0.2208333333333333,0.7416666666666667
341,0,723.0,0.0,635.0,1358,0.0387396694214876,0.5607782369146005
342,0,696.0,0.0,293.0,989,-0.23392857142857146,0.5226190476190476
343,0,15.0,24.0,17.0,56,0.25625,0.68125
344,0,2000.0,652.0,1545.0,4197,0.23541666666666666,0.5552083333333333
345,3,162.0,0.0,76.0,238,-0.08464912280701756,0.5473684210526316
346,0,13.0,0.0,1.0,14,0.27,0.41
347,0,0.0,15.0,746.0,761,0.0,0.0
348,3,0.0,47.0,1387.0,1434,-0.1277777777777778,0.29444444444444445
349,1,1000.0,121.0,48.0,1169,0.2375,0.4458333333333333
350,0,20.0,17.0,1675.0,1712,-0.06103896103896104,0.6012987012987013
351,0,0.0,9.0,1.0,10,0.0,0.0
352,0,0.0,370.0,429.0,799,0.03502808458415933,0.4762316759045731
353,4,86.0,100.0,248.0,434,-0.03229166666666669,0.3385416666666667
354,4,0.0,18.0,434.0,452,-0.25,0.8
355,1,2700.0,12000.0,455.0,15155,0.0,0.06666666666666667
356,0,0.0,36.0,235.0,271,0.225,0.26666666666666666
357,0,0.0,28.0,276.0,304,-0.03725490196078431,0.2803921568627451
358,4,21.0,0.0,15.0,36,0.30000000000000004,0.65
359,4,7.0,0.0,2.0,9,0.1975,0.6875
360,1,0.0,4.0,314.0,318,0.0,0.5
361,1,0.0,39.0,191.0,230,0.06666666666666667,0.39999999999999997
362,0,162.0,24.0,268.0,454,0.08236359736359734,0.3942021242021241
363,0,0.0,125.0,2630.0,2755,0.08548691369792286,0.39111627414379696
364,0,0.0,48.0,4760.0,4808,-0.07999999999999999,0.605
365,1,16000.0,24000.0,13346.0,53346,0.03333333333333333,0.06666666666666667
366,3,111.0,0.0,230.0,341,0.5499999999999999,0.6611111111111111
367,3,201.0,39.0,57.0,297,0.2833333333333333,0.5777777777777778
368,3,537.0,195.0,671.0,1403,0.25,0.33125
369,3,0.0,0.0,102.0,102,0.3,0.5
370,0,46.0,8.0,55.0,109,0.06629945286195288,0.36050350112850116
371,4,0.0,105.0,210.0,315,-0.13518518518518519,0.5407407407407407
372,0,0.0,85.0,284.0,369,-0.25,0.4444444444444444
373,0,128.0,0.0,135.0,263,0.1,0.2
374,0,0.0,797.0,7820.0,8617,0.06703042328042327,0.38161375661375657
375,3,24.0,0.0,4.0,28,-0.007803030303030303,0.4245454545454546
376,0,7500.0,0.0,7465.0,14965,0.03371944895382395,0.29507012085137085
377,0,335.0,3.0,1840.0,2178,-0.028571428571428577,0.47142857142857136
378,3,6.0,0.0,1.0,7,0.11249999999999999,0.2375
379,4,398.0,40.0,362.0,800,0.062499999999999986,0.7125
380,0,173.0,31.0,125.0,329,0.05,0.8
381,3,0.0,26.0,160.0,186,-0.004383116883116882,0.33896103896103896
382,1,2.0,5.0,0.0,7,-0.033333333333333326,0.7999999999999999
383,3,2.0,0.0,0.0,2,0.016161616161616155,0.5986868686868687
384,3,0.0,18.0,1.0,19,0.0,0.0
385,0,43.0,21.0,13.0,77,0.0,0.0
386,3,0.0,104.0,518.0,622,0.3637626262626263,0.6505050505050504
387,3,0.0,7.0,472.0,479,0.3637626262626263,0.6505050505050504
388,3,117.0,0.0,9.0,126,0.03333333333333332,0.24999999999999997
389,3,0.0,0.0,2.0,2,0.8,1.0
390,0,653.0,368.0,326.0,1347,0.0735210453960454,0.39484175734175736
391,3,127.0,0.0,19.0,146,-0.022222222222222227,0.45555555555555555
392,3,216.0,343.0,210.0,769,-0.009469696969696966,0.5271645021645023
393,3,0.0,11.0,9756.0,9767,-0.25,0.5
394,4,40.0,14.0,69.0,123,-0.25,0.125
395,0,0.0,78.0,6.0,84,0.10892857142857142,0.4571428571428572
396,1,0.0,0.0,0.0,0,-0.2,0.0
397,0,0.0,322.0,2021.0,2343,0.35000000000000003,0.7261904761904762
398,0,0.0,322.0,2021.0,2343,0.35000000000000003,0.7261904761904762
399,1,42.0,0.0,24.0,66,-0.014401515151515148,0.6139999999999999
400,4,94.0,78.0,805.0,977,0.08541666666666665,0.5095238095238096
401,0,0.0,2.0,655.0,657,0.0,0.05
402,3,169.0,1.0,47.0,217,-0.08134920634920635,0.7182946682946683
403,3,0.0,17.0,149.0,166,-0.019999999999999997,0.3826666666666666
404,4,279.0,38.0,25.0,342,0.10486111111111111,0.3867063492063492
405,3,0.0,1.0,0.0,1,0.1076530612244898,0.4520408163265306
406,3,0.0,97.0,14102.0,14199,0.07532467532467535,0.562049062049062
407,0,60.0,11.0,12.0,83,0.05000000000000001,0.6333333333333334
408,3,0.0,97.0,14102.0,14199,0.07532467532467535,0.562049062049062
409,3,21.0,7.0,1.0,29,0.5,0.5
410,1,15.0,1.0,32.0,48,0.07321428571428572,0.19642857142857142
411,3,0.0,2.0,213.0,215,0.0,0.0
412,0,794.0,72.0,34621.0,35487,0.13246753246753246,0.39935064935064934
413,4,142.0,29.0,198.0,369,0.16208333333333333,0.5191666666666668
414,3,33000.0,0.0,14102.0,47102,0.04602272727272727,0.586195286195286
415,4,0.0,55.0,39.0,94,-0.21666666666666667,0.875
416,3,50.0,57.0,180.0,287,0.10952380952380952,0.28690476190476194
417,3,5.0,2.0,4.0,11,0.1514285714285714,0.3242857142857143
418,0,0.0,18.0,1529.0,1547,0.28367346938775506,0.41581632653061223
419,0,58.0,20.0,47.0,125,0.052719047619047624,0.4200952380952381
420,3,50.0,0.0,39.0,89,-0.0413003663003663,0.5647083685545223
421,0,1000.0,0.0,710.0,1710,0.2525058275058275,0.5060023310023309
422,3,2400.0,18000.0,110865.0,131265,0.35,0.4
423,1,296.0,2.0,284.0,582,-0.012500000000000004,0.3375
424,4,44.0,0.0,314.0,358,-0.20000000000000004,0.8
425,1,0.0,22.0,86.0,108,-0.012500000000000011,1.0
426,1,110.0,32.0,114.0,256,-0.10104166666666667,0.41770833333333335
427,0,138.0,56.0,87.0,281,-0.1,0.1
428,0,6600.0,19000.0,1196.0,26796,0.11726190476190476,0.4166666666666667
429,4,0.0,6.0,491.0,497,0.0,1.0
430,3,0.0,18.0,23.0,41,0.23222222222222222,0.6344444444444444
431,3,285.0,0.0,6.0,291,0.31666666666666665,0.6888888888888889
432,3,0.0,28.0,848.0,876,-0.10370370370370373,0.21481481481481482
433,4,0.0,42.0,334.0,376,0.425,0.575
434,4,0.0,42.0,334.0,376,0.425,0.575
435,3,588.0,0.0,324.0,912,0.1061147186147186,0.38487373737373737
436,0,214.0,30.0,156.0,400,0.15158730158730158,0.5498677248677248
437,0,36000.0,68000.0,18053.0,122053,0.09523809523809523,0.7119047619047619
438,3,0.0,22.0,36.0,58,0.15454545454545454,0.6218181818181818
439,0,0.0,136.0,1604.0,1740,-0.060606060606060615,0.45075757575757586
440,0,36000.0,68000.0,18053.0,122053,0.09523809523809523,0.7119047619047619
441,3,0.0,114.0,709.0,823,0.24166666666666667,0.3416666666666666
442,3,33.0,28.0,195.0,256,0.24166666666666667,0.3416666666666666
443,3,30.0,28.0,369.0,427,0.24166666666666667,0.3416666666666666
444,1,2100.0,24000.0,10017.0,36117,0.0615873015873016,0.39904761904761904
445,1,62.0,136.0,995.0,1193,0.10000000000000002,0.36296296296296293
446,1,0.0,9.0,86.0,95,0.028571428571428574,0.28928571428571426
447,0,602.0,11000.0,2089.0,13691,0.06229968861547808,0.4294744911521227
448,1,0.0,0.0,21.0,21,0.1,0.1125
449,0,71000.0,41000.0,30196.0,142196,0.09138655462184873,0.5618347338935573
450,3,5700.0,783.0,1834.0,8317,0.0022534013605442216,0.4612670068027211
451,4,157.0,40.0,65.0,262,-0.006033549783549786,0.44541396103896097
452,0,22.0,10.0,226.0,258,0.03409090909090909,0.271969696969697
453,0,370.0,429.0,1756.0,2555,-0.12453416149068325,0.5972049689440995
454,0,4200.0,470.0,7544.0,12214,0.09,0.365
455,0,203.0,0.0,6730.0,6933,0.12121212121212123,0.42424242424242425
456,0,538.0,153.0,1618.0,2309,0.09824675324675325,0.6228571428571428
457,3,182.0,0.0,105.0,287,0.0898088023088023,0.5631332118174224
458,0,41.0,1.0,91.0,133,0.07948717948717948,0.4538461538461538
459,0,74.0,0.0,67.0,141,0.13254464285714285,0.5232589285714286
460,4,0.0,2.0,8.0,10,0.0,0.0
461,4,0.0,2.0,8.0,10,0.0,0.0
462,0,6400.0,37000.0,569.0,43969,-0.018452380952380953,0.21785714285714283
463,3,523.0,130.0,655.0,1308,-0.125,0.375
464,3,0.0,52.0,25.0,77,-0.4333333333333334,0.7333333333333334
465,0,707.0,204.0,862.0,1773,0.140829346092504,0.385103668261563
466,1,242.0,212.0,269.0,723,0.13201058201058202,0.5433068783068784
467,0,0.0,58.0,254.0,312,0.05152777777777776,0.4811111111111111
468,0,459.0,266.0,612.0,1337,0.10366161616161614,0.4549021965688632
469,0,30000.0,13000.0,63038.0,106038,0.14102564102564102,0.344017094017094
470,0,2700.0,291.0,11735.0,14726,0.28181818181818186,0.5113636363636364
471,3,33.0,50.0,54.0,137,0.06773989898989899,0.40157828282828284
472,0,3.0,2.0,2.0,7,-0.0009427609427609426,0.376919191919192
473,3,220.0,0.0,139.0,359,-0.5095238095238095,0.7380952380952381
474,0,229.0,0.0,182.0,411,0.04242424242424243,0.34848484848484845
475,0,21000.0,9.0,145803.0,166812,0.32222222222222224,0.7388888888888889
476,0,15000.0,41000.0,68993.0,124993,0.22037037037037036,0.6148148148148148
477,3,55.0,16.0,6.0,77,0.264,0.533
478,0,30.0,9.0,232.0,271,0.13999999999999996,0.6799999999999999
479,0,33000.0,0.0,69005.0,102005,0.3213768115942029,0.5025362318840579
480,0,240.0,0.0,990.0,1230,0.0,0.0
481,0,568.0,515.0,1642.0,2725,0.5249999999999999,0.5750000000000001
482,0,311.0,0.0,431.0,742,0.11363636363636363,0.2727272727272727
483,3,0.0,0.0,40.0,40,-0.008333333333333352,0.4361111111111111
484,0,98.0,44.0,7.0,149,0.0462274531024531,0.4062409812409813
485,0,23.0,2.0,10.0,35,-0.4,0.6
486,0,1.0,0.0,0.0,1,0.11742857142857141,0.5397142857142858
487,1,599.0,0.0,647.0,1246,0.041176470588235294,0.5882352941176471
488,1,446.0,0.0,507.0,953,0.041176470588235294,0.5882352941176471
489,1,375.0,0.0,379.0,754,0.04333333333333334,0.5733333333333334
490,0,88.0,7.0,86.0,181,-0.033333333333333326,0.6666666666666667
491,0,7300.0,38000.0,5682.0,50982,0.0,0.5
492,0,9.0,0.0,0.0,9,-0.5,0.3
493,0,2800.0,251.0,2319.0,5370,0.11224489795918366,0.5146258503401361
494,3,35.0,0.0,22.0,57,0.05597222222222222,0.3829967948717948
495,0,0.0,33.0,205.0,238,-0.08750000000000001,0.3875
496,0,0.0,541.0,2033.0,2574,-0.019999999999999997,0.185
497,0,188.0,14.0,225.0,427,0.0033011998289776095,0.45436908770242085
498,1,3700.0,1000.0,1588.0,6288,0.1723622782446312,0.4543884220354808
499,0,46.0,18.0,32.0,96,0.0,0.07692307692307693
500,0,57.0,0.0,29.0,86,0.11420073753407085,0.3481657848324515
501,0,36.0,3.0,33.0,72,0.06450320512820515,0.4977556471306472
502,3,35.0,35.0,53.0,123,0.06462121212121215,0.39750721500721503
503,3,35000.0,0.0,725514.0,760514,0.03333333333333333,0.06666666666666667
504,0,13000.0,384.0,1363.0,14747,0.15000000000000002,0.7
505,0,707.0,204.0,862.0,1773,0.140829346092504,0.385103668261563
506,0,361.0,2.0,4337.0,4700,0.032053089029833205,0.43554733380314775
507,3,155.0,9.0,527.0,691,0.0,0.06666666666666667
508,3,107.0,14.0,80.0,201,-0.0413003663003663,0.5647083685545223
509,0,1.0,0.0,0.0,1,0.22727272727272727,0.5454545454545454
510,0,4600.0,480.0,3005.0,8085,0.10181818181818181,0.47532342657342663
511,0,0.0,136.0,157.0,293,0.13165374677002584,0.4361757105943152
512,3,0.0,0.0,19.0,19,0.575,0.8
513,3,305.0,41.0,245.0,591,-0.20833333333333334,0.6583333333333333
514,4,0.0,29.0,383.0,412,0.13125,0.2625
515,0,5.0,1.0,6.0,12,-0.30000000000000004,0.5
516,1,685.0,81.0,69.0,835,0.0,1.0
517,0,56.0,0.0,29.0,85,0.11420073753407085,0.3481657848324515
518,0,0.0,20.0,246.0,266,0.09416666666666669,0.27130952380952383
