,screen_name,en_astroturf,en_fake_follower,en_financial,en_other,en_overall,en_self_declared,en_spammer,astroturf,fake_follower,financial,other,overall,self_declared,spammer,en_cap,universal_cap
0,@mybmc,0.25,0.24,0.0,0.55,0.27,0.09,0.09,0.22,0.27,0.0,0.58,0.38,0.07,0.18,0.7611878625273879,0.801617083559931
1,@GMA,0.16,0.01,0.0,0.25,0.24,0.01,0.0,0.12,0.04,0.0,0.22,0.19,0.02,0.0,0.7384783166429812,0.6945161422354588
2,@sbauerAP,0.24,0.09,0.0,0.46,0.35,0.03,0.0,0.2,0.09,0.0,0.26,0.49,0.01,0.0,0.7892294694438972,0.8053250497193561
3,@takeuchikumiffy,0.33,0.35,0.01,0.85,0.85,0.05,0.02,0.41,0.27,0.0,0.32,0.25,0.0,0.0,0.8339181685112829,0.760577756485164
4,@Che_guevara_in_,0.41,0.14,0.0,0.26,0.1,0.0,0.0,0.36,0.12,0.0,0.27,0.22,0.0,0.02,0.4756769663222349,0.7334998320027682
5,@GerardoCuba1986,0.16,0.11,0.0,0.36,0.26,0.0,0.02,0.15,0.08,0.0,0.16,0.09,0.0,0.04,0.7546218700467833,0.4658392474232361
6,@grinaldi97,0.13,0.13,0.01,0.37,0.37,0.0,0.01,0.06,0.06,0.0,0.02,0.01,0.0,0.0,0.7920317685697057,0.23332432370635456
7,@mataonline,0.04,0.21,0.0,0.8,0.8,0.26,0.01,0.06,0.11,0.0,0.71,0.71,0.46,0.03,0.812935016236137,0.8068955728616037
8,@IAmSudhirMishra,0.12,0.17,0.01,0.27,0.2,0.0,0.0,0.18,0.15,0.02,0.33,0.29,0.0,0.01,0.6915799517497913,0.7828265255249504
9,@RashminDave3,0.05,0.6,0.06,0.67,0.67,0.26,0.27,0.04,0.32,0.03,0.68,0.68,0.23,0.11,0.7968624754031172,0.8057684213303521
10,@Official_UPD,0.01,0.23,0.0,0.57,0.35,0.02,0.01,0.02,0.07,0.0,0.65,0.65,0.01,0.01,0.7892294694438972,0.8053088638387352
11,@tourismgoi,0.06,0.09,0.0,0.46,0.19,0.0,0.0,0.06,0.06,0.0,0.35,0.23,0.0,0.01,0.6763619064808265,0.7437205366967014
12,@Goldstatetimes,0.25,0.1,0.0,0.43,0.27,0.0,0.0,0.13,0.07,0.0,0.24,0.2,0.0,0.02,0.7611878625273879,0.7089830786080018
13,@GidMK,0.31,0.08,0.0,0.31,0.22,0.0,0.01,0.15,0.06,0.0,0.36,0.21,0.0,0.01,0.7176911080698488,0.7219510972984345
14,@JPeterBurger,0.37,0.12,0.0,0.58,0.58,0.01,0.01,0.24,0.02,0.0,0.14,0.43,0.0,0.0,0.7968599400514179,0.8043181589918191
15,@AntoineLeGENTIL,0.21,0.13,0.0,0.51,0.33,0.02,0.01,0.14,0.0,0.0,0.09,0.09,0.0,0.0,0.7852210697594887,0.4658392474232361
16,@nhsuhcw,0.18,0.1,0.0,0.58,0.58,0.0,0.0,0.07,0.13,0.0,0.41,0.33,0.01,0.01,0.7968599400514179,0.7947108099739177
17,@SaludAntioquia,0.19,0.21,0.0,0.79,0.79,0.14,0.0,0.1,0.14,0.0,0.56,0.32,0.03,0.0,0.8100783815308749,0.792436790569533
18,@marthaperaltae,0.15,0.03,0.0,0.51,0.33,0.0,0.0,0.17,0.05,0.0,0.16,0.23,0.0,0.0,0.7852210697594887,0.7437205366967014
19,@RepAndyBiggsAZ,0.22,0.01,0.0,0.22,0.08,0.0,0.0,0.14,0.01,0.0,0.16,0.47,0.0,0.0,0.4197222421546159,0.8051418496928587
20,@DanyalGilani,0.2,0.27,0.04,0.52,0.26,0.14,0.02,0.14,0.11,0.01,0.37,0.35,0.02,0.0,0.7546218700467833,0.7982287282125168
21,@atiku,0.1,0.14,0.01,0.47,0.47,0.04,0.02,0.1,0.07,0.01,0.5,0.5,0.1,0.0,0.7969641686241824,0.8053787930995948
22,@cog_ink,0.18,0.01,0.0,0.13,0.02,0.0,0.01,0.15,0.01,0.0,0.1,0.07,0.0,0.01,0.2520419704315795,0.40673978557586005
23,@yawerajaz4,0.02,0.18,0.04,0.09,0.17,0.0,0.03,0.02,0.17,0.02,0.3,0.14,0.0,0.01,0.6414184221423734,0.5982419966968565
24,@Ahmadinejad1956,0.13,0.18,0.01,0.61,0.32,0.39,0.06,0.05,0.12,0.0,0.39,0.23,0.41,0.05,0.7826357858330618,0.7437205366967014
25,@NickHintonn,0.05,0.17,0.0,0.44,0.14,0.39,0.01,0.06,0.17,0.02,0.63,0.3,0.37,0.04,0.5778862084370772,0.7865642668428161
26,@diputacionMLG,0.07,0.09,0.0,0.8,0.8,0.06,0.0,0.06,0.12,0.0,0.49,0.29,0.02,0.0,0.812935016236137,0.7828265255249504
27,@naochashu,0.08,0.4,0.05,0.88,0.88,0.19,0.03,0.06,0.27,0.01,0.58,0.32,0.0,0.03,0.8524047631581662,0.792436790569533
28,@Guineematin,0.03,0.09,0.0,0.86,0.86,0.3,0.0,0.05,0.07,0.01,0.82,0.82,0.36,0.02,0.8395863545645614,0.8252572897541253
29,@PoliceRajasthan,0.23,0.16,0.12,0.54,0.28,0.08,0.03,0.08,0.12,0.02,0.42,0.29,0.02,0.0,0.7668769621923945,0.7828265255249504
30,@aulakh33468,0.25,0.43,0.0,0.53,0.35,0.06,0.14,0.2,0.25,0.0,0.38,0.3,0.01,0.08,0.7892294694438972,0.7865642668428161
31,@onyxlorenzoni,0.26,0.06,0.01,0.44,0.31,0.07,0.01,0.08,0.04,0.0,0.19,0.19,0.0,0.0,0.779581525363529,0.6945161422354588
32,@PresidenciaCuba,0.14,0.15,0.0,0.63,0.3,0.01,0.03,0.07,0.15,0.0,0.69,0.28,0.0,0.02,0.7759887465100499,0.7784494983408411
33,@rtp_bolivia,0.09,0.23,0.01,0.86,0.86,0.28,0.04,0.1,0.15,0.01,0.73,0.73,0.23,0.07,0.8395863545645614,0.8082278383974655
34,@DeshGujarat,0.02,0.19,0.01,0.67,0.67,0.06,0.03,0.05,0.14,0.06,0.68,0.68,0.1,0.02,0.7968624754031172,0.8057684213303521
35,@IndraniRay,0.1,0.02,0.0,0.09,0.0,0.0,0.0,0.04,0.01,0.0,0.05,0.06,0.0,0.0,0.0,0.37678996390568303
36,@Ultramaniatics_,0.15,0.18,0.01,0.81,0.81,0.57,0.06,0.24,0.14,0.0,0.73,0.73,0.47,0.01,0.816204310368583,0.8082278383974655
37,@RadioStydoba,0.01,0.2,0.01,0.92,0.92,0.31,0.0,0.01,0.15,0.01,0.69,0.26,0.16,0.03,0.8829632678129363,0.7674214324358889
38,@VirusesImmunity,0.4,0.06,0.0,0.26,0.16,0.05,0.0,0.25,0.06,0.0,0.29,0.34,0.05,0.0,0.621687023966582,0.7966241294741505
39,@pseudo_sapiens,0.15,0.03,0.0,0.25,0.34,0.0,0.0,0.1,0.02,0.0,0.09,0.12,0.0,0.0,0.7874002196908744,0.5488888157824968
40,@vfeltri,0.1,0.07,0.0,0.56,0.33,0.15,0.01,0.17,0.06,0.0,0.56,0.32,0.04,0.02,0.7852210697594887,0.792436790569533
41,@Albertadoctors,0.18,0.03,0.01,0.47,0.48,0.02,0.0,0.08,0.02,0.01,0.32,0.49,0.0,0.0,0.7970609972920484,0.8053250497193561
42,@Naismtz7,0.13,0.19,0.01,0.37,0.15,0.02,0.01,0.09,0.03,0.0,0.05,0.0,0.0,0.0,0.6004883262510591,0.0
43,@SrSameer_,0.02,0.29,0.02,0.46,0.37,0.03,0.27,0.02,0.21,0.02,0.35,0.28,0.07,0.22,0.7920317685697057,0.7784494983408411
44,@MEAIndia,0.07,0.04,0.02,0.51,0.43,0.01,0.0,0.1,0.02,0.0,0.5,0.39,0.0,0.0,0.7961080923981387,0.8023863559365568
45,@eNCA,0.15,0.2,0.0,0.73,0.73,0.25,0.0,0.12,0.22,0.02,0.79,0.79,0.22,0.01,0.7998362042473794,0.8169336709169681
46,@s_assbague,0.02,0.08,0.0,0.45,0.4,0.02,0.01,0.03,0.02,0.0,0.28,0.14,0.0,0.0,0.7946723107742963,0.5982419966968565
47,@caijinglengyan,0.11,0.3,0.04,0.9,0.9,0.26,0.03,0.07,0.23,0.01,0.59,0.37,0.03,0.07,0.8670116134145492,0.8006881983123656
48,@unicefchief,0.13,0.06,0.02,0.47,0.47,0.02,0.03,0.09,0.05,0.0,0.23,0.56,0.04,0.0,0.7969641686241824,0.8053747654061287
49,@HaddadDebochado,0.14,0.02,0.0,0.7,0.7,0.0,0.0,0.12,0.01,0.0,0.36,0.15,0.01,0.0,0.797782173166965,0.6207049850511144
50,@TODAYshow,0.27,0.27,0.01,0.75,0.75,0.38,0.03,0.26,0.24,0.0,0.58,0.58,0.27,0.04,0.8021481695167405,0.8053085767533751
51,@DiazCanelB,0.07,0.24,0.0,0.62,0.3,0.15,0.0,0.08,0.1,0.02,0.42,0.3,0.14,0.01,0.7759887465100499,0.7865642668428161
52,@murtazawahab1,0.1,0.02,0.0,0.41,0.19,0.0,0.0,0.05,0.01,0.0,0.24,0.16,0.0,0.0,0.6763619064808265,0.6415870166679795
53,@RCamachoVzla,0.1,0.02,0.0,0.48,0.36,0.01,0.0,0.07,0.0,0.0,0.18,0.25,0.0,0.0,0.7907586934369296,0.760577756485164
54,@gelecekegitimde,0.02,0.27,0.01,0.77,0.77,0.04,0.09,0.03,0.14,0.01,0.65,0.34,0.05,0.03,0.8054784364249085,0.7966241294741505
55,@AAI_Official,0.12,0.11,0.0,0.53,0.31,0.01,0.02,0.06,0.09,0.0,0.56,0.23,0.01,0.05,0.779581525363529,0.7437205366967014
56,@moayush,0.03,0.04,0.0,0.54,0.3,0.01,0.0,0.06,0.05,0.0,0.37,0.41,0.0,0.0,0.7759887465100499,0.8035432096295109
57,@chintskap,0.04,0.03,0.0,0.26,0.09,0.02,0.0,0.07,0.04,0.0,0.37,0.32,0.0,0.0,0.4479465575931997,0.792436790569533
58,@mazzamazzarello,0.22,0.17,0.01,0.64,0.3,0.01,0.01,0.22,0.11,0.02,0.53,0.27,0.0,0.0,0.7759887465100499,0.7733457112766196
59,@JackMa,0.13,0.33,0.0,0.61,0.61,0.36,0.13,0.15,0.16,0.01,0.43,0.31,0.31,0.15,0.7966668301280437,0.7897432630001835
60,@onucolombia,0.11,0.07,0.0,0.57,0.41,0.05,0.0,0.09,0.03,0.0,0.22,0.51,0.0,0.0,0.7952555385005927,0.8054123562973726
61,@AEWonTNT,0.07,0.05,0.0,0.34,0.19,0.03,0.0,0.1,0.01,0.0,0.45,0.35,0.02,0.0,0.6763619064808265,0.7982287282125168
62,@SEMicrobiologia,0.24,0.16,0.01,0.6,0.6,0.03,0.02,0.18,0.07,0.01,0.49,0.49,0.05,0.0,0.7967247202742335,0.8053250497193561
63,@KellyannePolls,0.25,0.01,0.01,0.2,0.14,0.01,0.0,0.13,0.02,0.0,0.26,0.25,0.01,0.0,0.5778862084370772,0.760577756485164
64,@bbcworldservice,0.12,0.19,0.01,0.57,0.42,0.06,0.02,0.12,0.15,0.02,0.69,0.69,0.02,0.02,0.795728227940139,0.8060512678410475
65,@ChiefNGB,0.18,0.0,0.0,0.35,0.43,0.01,0.0,0.11,0.04,0.0,0.25,0.67,0.01,0.0,0.7961080923981387,0.8055586579935085
66,@guatemala_dgac,0.03,0.14,0.0,0.68,0.68,0.04,0.0,0.02,0.04,0.0,0.57,0.3,0.01,0.02,0.797075908158591,0.7865642668428161
67,@hollyhaygood,0.38,0.17,0.0,0.26,0.12,0.09,0.01,0.49,0.29,0.0,0.49,0.16,0.1,0.01,0.5288664776112156,0.6415870166679795
68,@ndrew_lawrence,0.16,0.06,0.0,0.13,0.03,0.01,0.0,0.17,0.03,0.0,0.13,0.08,0.01,0.0,0.2787259978325127,0.43650814830094437
69,@RobertKennedyJr,0.07,0.15,0.0,0.49,0.39,0.03,0.01,0.1,0.05,0.01,0.6,0.36,0.02,0.0,0.7939576449836836,0.799570188835745
70,@diaspora_turk,0.03,0.15,0.0,0.55,0.36,0.29,0.02,0.03,0.07,0.03,0.65,0.3,0.14,0.02,0.7907586934369296,0.7865642668428161
71,@simonshen_glos,0.02,0.33,0.02,0.85,0.94,0.94,0.03,0.06,0.18,0.01,0.93,0.94,0.94,0.03,0.8995513244218455,0.8963872382550993
72,@MartePiantini,0.26,0.09,0.0,0.6,0.25,0.0,0.0,0.21,0.05,0.0,0.33,0.28,0.0,0.0,0.7470839770895665,0.7784494983408411
73,@anadebande,0.2,0.04,0.03,0.58,0.39,0.0,0.0,0.13,0.02,0.01,0.13,0.31,0.0,0.0,0.7939576449836836,0.7897432630001835
74,@AdvRumal,0.02,0.87,0.11,0.71,0.87,0.23,0.58,0.03,0.91,0.05,0.51,0.91,0.17,0.47,0.8457543526336647,0.8733944954488508
75,@inquirerdotnet,0.16,0.19,0.02,0.68,0.68,0.05,0.02,0.14,0.25,0.03,0.65,0.65,0.07,0.0,0.797075908158591,0.8053088638387352
76,@LulaOficial,0.24,0.11,0.0,0.35,0.35,0.0,0.0,0.11,0.03,0.0,0.17,0.33,0.0,0.0,0.7892294694438972,0.7947108099739177
77,@kavita_krishnan,0.34,0.06,0.01,0.26,0.33,0.01,0.0,0.27,0.14,0.0,0.28,0.26,0.0,0.0,0.7852210697594887,0.7674214324358889
78,@r_doble,0.04,0.15,0.01,0.34,0.23,0.0,0.0,0.07,0.01,0.0,0.09,0.04,0.0,0.0,0.7287106185584935,0.31739450135566455
79,@samirasawlani,0.32,0.13,0.0,0.21,0.09,0.0,0.0,0.18,0.13,0.0,0.27,0.15,0.01,0.0,0.4479465575931997,0.6207049850511144
80,@MANOJMEENARAJ,0.34,0.43,0.03,0.68,0.68,0.0,0.1,0.48,0.5,0.0,0.49,0.32,0.01,0.03,0.797075908158591,0.792436790569533
81,@nerd_hawk,0.23,0.09,0.0,0.43,0.21,0.0,0.01,0.34,0.03,0.0,0.22,0.15,0.0,0.01,0.7053377817049258,0.6207049850511144
82,@marinomillan,0.21,0.11,0.02,0.62,0.22,0.0,0.0,0.15,0.03,0.0,0.29,0.15,0.0,0.0,0.7176911080698488,0.6207049850511144
83,@sanghaviharsh,0.17,0.0,0.0,0.4,0.25,0.0,0.0,0.12,0.09,0.0,0.37,0.22,0.0,0.0,0.7470839770895665,0.7334998320027682
84,@fahrettinaltun,0.17,0.12,0.03,0.68,0.68,0.0,0.01,0.07,0.03,0.01,0.56,0.39,0.05,0.03,0.797075908158591,0.8023863559365568
85,@elsemblante,0.45,0.24,0.0,0.63,0.63,0.01,0.0,0.38,0.19,0.0,0.31,0.21,0.0,0.0,0.7965971518887632,0.7219510972984345
86,@Barabankipolice,0.27,0.15,0.01,0.65,0.65,0.11,0.0,0.19,0.12,0.0,0.59,0.23,0.04,0.01,0.7966368747455678,0.7437205366967014
87,@interiorgob,0.28,0.05,0.14,0.63,0.34,0.0,0.0,0.12,0.03,0.01,0.28,0.35,0.0,0.0,0.7874002196908744,0.7982287282125168
88,@LassoGuillermo,0.15,0.06,0.0,0.64,0.64,0.02,0.0,0.07,0.04,0.0,0.41,0.41,0.0,0.0,0.796599114745521,0.8035432096295109
89,@AmiesOutTheBox,0.05,0.1,0.01,0.03,0.04,0.03,0.05,0.05,0.11,0.03,0.14,0.16,0.0,0.06,0.30618807248975083,0.6415870166679795
90,@worqas,0.22,0.05,0.0,0.12,0.13,0.03,0.02,0.22,0.09,0.0,0.16,0.21,0.01,0.01,0.5539725719744064,0.7219510972984345
91,@reaerosadesigns,0.0,0.56,0.05,0.8,0.81,0.81,0.55,0.0,0.45,0.03,0.79,0.9,0.9,0.51,0.816204310368583,0.8662905376040458
92,@factnameh,0.03,0.13,0.02,0.66,0.66,0.05,0.02,0.06,0.06,0.0,0.52,0.41,0.04,0.01,0.7967206940193189,0.8035432096295109
93,@MinofHealthUG,0.12,0.11,0.0,0.64,0.36,0.02,0.0,0.15,0.05,0.01,0.52,0.42,0.03,0.0,0.7907586934369296,0.8039704121290502
94,@mathewmantony,0.31,0.12,0.04,0.48,0.38,0.0,0.0,0.36,0.1,0.03,0.39,0.38,0.0,0.0,0.793087009461318,0.801617083559931
95,@napostoloska,0.06,0.1,0.14,0.74,0.74,0.01,0.02,0.1,0.02,0.04,0.44,0.14,0.0,0.0,0.8008799175144752,0.5982419966968565
96,@NishaPurushoth2,0.34,0.14,0.0,0.32,0.22,0.01,0.0,0.32,0.2,0.0,0.17,0.37,0.01,0.0,0.7176911080698488,0.8006881983123656
97,@AbediniElham,0.17,0.16,0.0,0.71,0.71,0.02,0.01,0.12,0.23,0.01,0.48,0.27,0.01,0.01,0.7983123643488195,0.7733457112766196
98,@jaarreaza,0.48,0.17,0.0,0.47,0.42,0.0,0.01,0.38,0.24,0.0,0.44,0.39,0.0,0.01,0.795728227940139,0.8023863559365568
99,@bbcpersian,0.08,0.28,0.01,0.84,0.84,0.34,0.01,0.1,0.17,0.0,0.82,0.82,0.35,0.03,0.8287549877594508,0.8252572897541253
100,@yovelezarcelay,0.07,0.05,0.0,0.38,0.23,0.0,0.0,0.07,0.0,0.0,0.18,0.36,0.0,0.0,0.7287106185584935,0.799570188835745
101,@cyngarciaradio,0.36,0.04,0.0,0.71,0.71,0.01,0.0,0.16,0.07,0.0,0.33,0.47,0.0,0.01,0.7983123643488195,0.8051418496928587
102,@AzamJamil53,0.12,0.1,0.01,0.52,0.24,0.22,0.0,0.09,0.22,0.01,0.65,0.2,0.19,0.01,0.7384783166429812,0.7089830786080018
103,@CNBC,0.04,0.0,0.0,0.55,0.44,0.0,0.0,0.02,0.01,0.0,0.45,0.47,0.0,0.01,0.7964100716330078,0.8051418496928587
104,@MumbaiPolice,0.14,0.17,0.01,0.57,0.34,0.41,0.03,0.09,0.13,0.05,0.72,0.72,0.45,0.01,0.7874002196908744,0.8074910771589409
105,@GobdeSantander,0.03,0.07,0.0,0.66,0.66,0.01,0.0,0.04,0.02,0.0,0.4,0.3,0.0,0.0,0.7967206940193189,0.7865642668428161
106,@SindhCMHouse,0.12,0.18,0.02,0.87,0.87,0.73,0.07,0.06,0.14,0.03,0.88,0.88,0.71,0.03,0.8457543526336647,0.8532920387559139
107,@ajaykum61068972,0.69,0.5,0.05,0.66,0.69,0.01,0.0,0.84,0.57,0.02,0.6,0.84,0.03,0.04,0.7973765977480777,0.8327856038833207
108,@rammadhav_rss,0.1,0.05,0.01,0.28,0.26,0.01,0.0,0.1,0.08,0.0,0.15,0.46,0.01,0.0,0.7546218700467833,0.8050029368890766
109,@MSAalamOfficial,0.17,0.11,0.03,0.39,0.27,0.0,0.01,0.13,0.17,0.02,0.34,0.19,0.0,0.0,0.7611878625273879,0.6945161422354588
110,@Lenin,0.06,0.01,0.0,0.43,0.32,0.03,0.0,0.03,0.0,0.0,0.21,0.53,0.0,0.0,0.7826357858330618,0.8054309326193666
111,@ignaciopereira,0.02,0.11,0.0,0.47,0.16,0.04,0.01,0.01,0.03,0.0,0.13,0.24,0.01,0.0,0.621687023966582,0.7527121552274618
112,@pbhushan1,0.15,0.15,0.01,0.24,0.28,0.0,0.0,0.12,0.19,0.03,0.43,0.3,0.01,0.0,0.7668769621923945,0.7865642668428161
113,@XRebellionUK,0.51,0.08,0.0,0.29,0.32,0.01,0.0,0.34,0.07,0.0,0.17,0.33,0.01,0.0,0.7826357858330618,0.7947108099739177
114,@gilcutrim,0.05,0.42,0.01,0.85,0.85,0.56,0.21,0.08,0.35,0.01,0.8,0.8,0.67,0.08,0.8339181685112829,0.8193478253485871
115,@hgsdhaliwalips,0.13,0.14,0.0,0.21,0.13,0.01,0.0,0.09,0.1,0.0,0.33,0.5,0.02,0.08,0.5539725719744064,0.8053787930995948
116,@J_Rodrigues_Off,0.12,0.05,0.0,0.39,0.29,0.0,0.03,0.14,0.02,0.0,0.11,0.68,0.0,0.0,0.7717813288270262,0.8057684213303521
117,@NicolasMaduro,0.16,0.09,0.0,0.66,0.66,0.01,0.01,0.08,0.05,0.01,0.45,0.23,0.0,0.01,0.7967206940193189,0.7437205366967014
118,@UNDPGhana,0.12,0.01,0.0,0.47,0.45,0.01,0.0,0.09,0.01,0.0,0.37,0.4,0.0,0.0,0.7966467093695401,0.8030212452554465
119,@LaRazonCo,0.14,0.15,0.0,0.86,0.86,0.35,0.01,0.05,0.17,0.0,0.83,0.83,0.47,0.04,0.8395863545645614,0.8288069415530707
120,@ICMRDELHI,0.18,0.11,0.08,0.49,0.27,0.06,0.03,0.16,0.05,0.03,0.41,0.35,0.01,0.0,0.7611878625273879,0.7982287282125168
121,@ONUMX,0.11,0.13,0.0,0.66,0.66,0.03,0.0,0.07,0.12,0.0,0.57,0.43,0.0,0.0,0.7967206940193189,0.8043181589918191
122,@a_meluzzi,0.57,0.56,0.07,0.69,0.69,0.07,0.06,0.5,0.6,0.1,0.56,0.6,0.01,0.02,0.7973765977480777,0.8052444082217497
123,@danieloran,0.16,0.03,0.0,0.2,0.15,0.01,0.01,0.12,0.04,0.0,0.11,0.08,0.0,0.01,0.6004883262510591,0.43650814830094437
124,@BGOnTheScene,0.23,0.12,0.02,0.55,0.31,0.01,0.0,0.17,0.08,0.0,0.4,0.34,0.01,0.0,0.779581525363529,0.7966241294741505
125,@NinjaAhswarrior,0.19,0.17,0.02,0.41,0.2,0.07,0.01,0.15,0.11,0.03,0.39,0.25,0.14,0.04,0.6915799517497913,0.760577756485164
126,@MAguilarHurtado,0.21,0.03,0.01,0.67,0.67,0.01,0.0,0.09,0.02,0.0,0.33,0.54,0.0,0.0,0.7968624754031172,0.8054210927612583
127,@aytocalahorra,0.1,0.4,0.0,0.69,0.69,0.16,0.09,0.05,0.4,0.0,0.68,0.68,0.26,0.03,0.7973765977480777,0.8057684213303521
128,@PradeepDwivedi,0.28,0.0,0.0,0.24,0.13,0.01,0.0,0.19,0.01,0.0,0.15,0.12,0.0,0.0,0.5539725719744064,0.5488888157824968
129,@CRTV_web,0.18,0.3,0.0,0.82,0.82,0.28,0.03,0.13,0.37,0.0,0.89,0.89,0.46,0.02,0.8199148539199458,0.859576255252869
130,@Jansatta,0.07,0.27,0.02,0.87,0.87,0.38,0.03,0.02,0.12,0.0,0.86,0.86,0.5,0.03,0.8457543526336647,0.8421031637823202
131,@ELTIEMPO,0.26,0.28,0.01,0.75,0.75,0.17,0.03,0.24,0.24,0.02,0.62,0.62,0.12,0.03,0.8021481695167405,0.8052109974132647
132,@TomBossert,0.08,0.04,0.0,0.15,0.26,0.0,0.01,0.1,0.01,0.0,0.06,0.47,0.0,0.0,0.7546218700467833,0.8051418496928587
133,@mansukhmandviya,0.12,0.02,0.01,0.49,0.31,0.0,0.0,0.04,0.0,0.0,0.35,0.31,0.0,0.0,0.779581525363529,0.7897432630001835
134,@Raqueljoaira,0.24,0.22,0.01,0.52,0.22,0.02,0.01,0.17,0.2,0.0,0.34,0.19,0.01,0.01,0.7176911080698488,0.6945161422354588
135,@iamsagarkapasi,0.02,0.08,0.03,0.07,0.12,0.0,0.04,0.03,0.06,0.03,0.19,0.14,0.0,0.06,0.5288664776112156,0.5982419966968565
136,@Ahsan37491404,0.08,0.73,0.07,0.56,0.73,0.47,0.32,0.02,0.84,0.06,0.55,0.84,0.32,0.38,0.7998362042473794,0.8327856038833207
137,@AlmeidaPP_,0.15,0.03,0.0,0.39,0.33,0.01,0.02,0.1,0.01,0.0,0.18,0.31,0.0,0.0,0.7852210697594887,0.7897432630001835
138,@jimmykimmel,0.05,0.02,0.0,0.19,0.04,0.01,0.01,0.04,0.05,0.0,0.11,0.21,0.0,0.01,0.30618807248975083,0.7219510972984345
139,@tomvangrieken,0.1,0.03,0.0,0.43,0.25,0.0,0.01,0.08,0.0,0.0,0.22,0.33,0.0,0.0,0.7470839770895665,0.7947108099739177
140,@KhanMehrunnissa,0.04,0.45,0.1,0.58,0.58,0.34,0.28,0.04,0.22,0.01,0.44,0.21,0.36,0.06,0.7968599400514179,0.7219510972984345
141,@aditya_xing,0.05,0.26,0.01,0.33,0.2,0.12,0.07,0.1,0.19,0.02,0.31,0.18,0.12,0.06,0.6915799517497913,0.6784864269642225
142,@Tuko_co_ke,0.31,0.43,0.0,0.82,0.82,0.31,0.03,0.3,0.51,0.02,0.91,0.91,0.41,0.0,0.8199148539199458,0.8733944954488508
143,@ayodhya_police,0.28,0.2,0.0,0.7,0.7,0.05,0.02,0.21,0.1,0.0,0.65,0.2,0.01,0.01,0.797782173166965,0.7089830786080018
144,@MGChandra10,0.06,0.81,0.08,0.7,0.81,0.63,0.48,0.09,0.87,0.1,0.76,0.87,0.74,0.42,0.816204310368583,0.8474634546636374
145,@ChinaEmbEsp,0.16,0.33,0.0,0.79,0.79,0.1,0.01,0.13,0.2,0.01,0.53,0.53,0.19,0.01,0.8100783815308749,0.8054309326193666
146,@RebeccaKadagaUG,0.05,0.3,0.0,0.74,0.74,0.04,0.02,0.08,0.12,0.0,0.65,0.32,0.16,0.06,0.8008799175144752,0.792436790569533
147,@FMHDSD,0.04,0.08,0.0,0.47,0.24,0.03,0.01,0.08,0.07,0.01,0.54,0.44,0.02,0.0,0.7384783166429812,0.8045992970534486
148,@jodicel,0.13,0.01,0.0,0.05,0.06,0.0,0.01,0.16,0.0,0.0,0.05,0.03,0.0,0.0,0.36264564124632276,0.28846389695411967
149,@VAMOSAVERorg,0.06,0.39,0.02,0.7,0.7,0.16,0.24,0.14,0.3,0.01,0.46,0.37,0.13,0.17,0.797782173166965,0.8006881983123656
150,@emma_a_jimenez,0.1,0.03,0.05,0.29,0.05,0.0,0.01,0.11,0.03,0.0,0.18,0.07,0.0,0.01,0.3342309004634953,0.40673978557586005
151,@ashokgehlot51,0.03,0.21,0.0,0.5,0.29,0.1,0.03,0.06,0.14,0.02,0.72,0.72,0.1,0.0,0.7717813288270262,0.8074910771589409
152,@NicoleB_MD,0.56,0.18,0.0,0.25,0.16,0.0,0.0,0.49,0.15,0.0,0.26,0.33,0.0,0.01,0.621687023966582,0.7947108099739177
153,@pppjain,0.18,0.09,0.0,0.24,0.1,0.0,0.0,0.11,0.01,0.0,0.25,0.16,0.0,0.02,0.4756769663222349,0.6415870166679795
154,@PUCE_Ecuador,0.26,0.48,0.01,0.76,0.76,0.39,0.03,0.28,0.37,0.01,0.6,0.6,0.53,0.04,0.8036706514015852,0.8052444082217497
155,@DavidColtart,0.3,0.06,0.04,0.31,0.24,0.01,0.0,0.34,0.03,0.01,0.39,0.31,0.0,0.01,0.7384783166429812,0.7897432630001835
156,@PoliciaLocalSFH,0.09,0.15,0.0,0.88,0.88,0.27,0.03,0.09,0.07,0.0,0.56,0.29,0.19,0.01,0.8524047631581662,0.7828265255249504
157,@sicsuper,0.14,0.29,0.02,0.91,0.91,0.42,0.03,0.06,0.16,0.04,0.75,0.75,0.46,0.04,0.8748575042966269,0.8102129289660348
158,@Chequeado,0.04,0.17,0.0,0.95,0.95,0.37,0.03,0.0,0.12,0.0,0.82,0.82,0.6,0.05,0.9077975241648624,0.8252572897541253
159,@apcvalladolid,0.06,0.15,0.01,0.88,0.88,0.44,0.02,0.07,0.08,0.0,0.66,0.66,0.43,0.02,0.8524047631581662,0.8054092120440788
160,@moyavila,0.32,0.12,0.0,0.52,0.35,0.0,0.0,0.29,0.17,0.0,0.18,0.36,0.0,0.01,0.7892294694438972,0.799570188835745
161,@LExpressMG,0.03,0.28,0.01,0.87,0.87,0.78,0.13,0.09,0.2,0.04,0.95,0.95,0.82,0.17,0.8457543526336647,0.904303821618659
162,@rohanrgupta,0.29,0.11,0.0,0.57,0.31,0.12,0.03,0.21,0.14,0.01,0.68,0.31,0.1,0.02,0.779581525363529,0.7897432630001835
163,@WHNSC45,0.09,0.09,0.0,0.47,0.47,0.13,0.01,0.13,0.11,0.0,0.32,0.49,0.09,0.01,0.7969641686241824,0.8053250497193561
164,@LucianoHuck,0.05,0.02,0.0,0.41,0.37,0.01,0.01,0.03,0.04,0.0,0.22,0.42,0.0,0.0,0.7920317685697057,0.8039704121290502
165,@compolmlr,0.05,0.33,0.01,0.63,0.63,0.24,0.14,0.04,0.18,0.0,0.73,0.73,0.27,0.07,0.7965971518887632,0.8082278383974655
166,@AHS_media,0.14,0.07,0.0,0.53,0.53,0.14,0.01,0.02,0.03,0.0,0.6,0.6,0.06,0.01,0.7971422227407965,0.8052444082217497
167,@UNESPA,0.07,0.06,0.0,0.7,0.7,0.01,0.0,0.03,0.02,0.0,0.26,0.19,0.0,0.0,0.797782173166965,0.6945161422354588
168,@Armstrongthevdj,0.13,0.02,0.01,0.04,0.02,0.0,0.0,0.09,0.04,0.0,0.01,0.03,0.0,0.0,0.2520419704315795,0.28846389695411967
169,@HummaSaif,0.12,0.09,0.0,0.31,0.2,0.01,0.0,0.1,0.05,0.0,0.34,0.19,0.0,0.0,0.6915799517497913,0.6945161422354588
170,@MAECgob,0.19,0.04,0.0,0.42,0.36,0.01,0.0,0.12,0.03,0.0,0.24,0.39,0.0,0.0,0.7907586934369296,0.8023863559365568
171,@meti_NIPPON,0.07,0.19,0.01,0.69,0.69,0.06,0.08,0.05,0.14,0.03,0.63,0.63,0.09,0.01,0.7973765977480777,0.8052176344738626
172,@ShefVaidya,0.35,0.06,0.0,0.2,0.14,0.0,0.0,0.26,0.03,0.0,0.15,0.3,0.0,0.0,0.5778862084370772,0.7865642668428161
173,@SwanseabayNHS,0.08,0.05,0.0,0.5,0.5,0.0,0.0,0.06,0.05,0.0,0.43,0.48,0.02,0.0,0.7971612475312038,0.8052475029769541
174,@iashutosh23,0.12,0.07,0.0,0.31,0.13,0.0,0.01,0.12,0.02,0.0,0.05,0.18,0.0,0.01,0.5539725719744064,0.6784864269642225
175,@KeishaBottoms,0.12,0.03,0.0,0.15,0.16,0.0,0.0,0.17,0.0,0.0,0.13,0.23,0.0,0.0,0.621687023966582,0.7437205366967014
176,@mab_sp125,0.29,0.07,0.0,0.41,0.35,0.03,0.0,0.25,0.03,0.01,0.4,0.19,0.01,0.0,0.7892294694438972,0.6945161422354588
177,@shiv_shaktii,0.24,0.15,0.0,0.61,0.29,0.0,0.02,0.3,0.08,0.0,0.54,0.27,0.0,0.01,0.7717813288270262,0.7733457112766196
178,@shahwaizAliKha4,0.0,0.14,0.02,0.06,0.12,0.0,0.05,0.01,0.06,0.0,0.15,0.09,0.0,0.02,0.5288664776112156,0.4658392474232361
179,@vonderleyen,0.14,0.06,0.0,0.7,0.7,0.07,0.0,0.1,0.13,0.0,0.52,0.45,0.1,0.02,0.797782173166965,0.8048245702790952
180,@etman09,0.12,0.09,0.07,0.56,0.2,0.02,0.03,0.12,0.09,0.0,0.2,0.2,0.0,0.01,0.6915799517497913,0.7089830786080018
181,@paololuers,0.15,0.03,0.0,0.38,0.3,0.01,0.0,0.06,0.0,0.0,0.25,0.5,0.0,0.0,0.7759887465100499,0.8053787930995948
182,@LiveLawIndia,0.12,0.14,0.01,0.72,0.72,0.27,0.03,0.11,0.11,0.02,0.67,0.67,0.25,0.05,0.7989890411370751,0.8055586579935085
183,@ravivallabha,0.2,0.19,0.01,0.62,0.27,0.0,0.0,0.22,0.1,0.02,0.24,0.24,0.01,0.0,0.7611878625273879,0.7527121552274618
184,@ZoranRuvidic,0.16,0.2,0.02,0.42,0.16,0.01,0.09,0.08,0.19,0.0,0.26,0.14,0.0,0.02,0.621687023966582,0.5982419966968565
185,@OPSOMS_Col,0.17,0.08,0.0,0.52,0.45,0.04,0.01,0.02,0.05,0.01,0.41,0.33,0.0,0.0,0.7966467093695401,0.7947108099739177
186,@yanwang10508606,0.08,0.08,0.21,0.55,0.34,0.05,0.07,0.11,0.09,0.0,0.34,0.16,0.01,0.01,0.7874002196908744,0.6415870166679795
187,@SBInfectologia,0.27,0.27,0.04,0.65,0.65,0.17,0.06,0.2,0.19,0.0,0.24,0.33,0.0,0.04,0.7966368747455678,0.7947108099739177
188,@xsaezll,0.22,0.02,0.01,0.33,0.28,0.0,0.0,0.17,0.02,0.0,0.07,0.11,0.0,0.01,0.7668769621923945,0.5222398722127631
189,@felipe_sola,0.2,0.1,0.0,0.53,0.53,0.01,0.0,0.19,0.16,0.0,0.28,0.49,0.0,0.0,0.7971422227407965,0.8053250497193561
190,@porquetendencia,0.06,0.15,0.01,0.68,0.68,0.35,0.05,0.05,0.09,0.01,0.86,0.86,0.28,0.0,0.797075908158591,0.8421031637823202
191,@hasslananas,0.01,0.08,0.02,0.18,0.1,0.0,0.04,0.03,0.0,0.0,0.05,0.05,0.0,0.0,0.4756769663222349,0.3469210182245441
192,@vaitor,0.14,0.22,0.01,0.29,0.3,0.0,0.06,0.07,0.18,0.0,0.44,0.3,0.0,0.01,0.7759887465100499,0.7865642668428161
193,@112Cantabria,0.09,0.05,0.0,0.78,0.78,0.01,0.04,0.03,0.04,0.0,0.54,0.32,0.01,0.01,0.8076035454448582,0.792436790569533
194,@nataliexdean,0.27,0.06,0.0,0.23,0.12,0.01,0.0,0.11,0.04,0.0,0.25,0.33,0.0,0.01,0.5288664776112156,0.7947108099739177
195,@PhrmMar,0.17,0.14,0.0,0.62,0.62,0.02,0.0,0.09,0.07,0.01,0.42,0.42,0.02,0.0,0.796622208632847,0.8039704121290502
196,@rahant1981,0.02,0.17,0.13,0.17,0.11,0.0,0.06,0.02,0.21,0.06,0.22,0.22,0.0,0.06,0.5027122940873614,0.7334998320027682
197,@BFMTV,0.07,0.19,0.0,0.89,0.89,0.18,0.04,0.05,0.14,0.02,0.78,0.78,0.1,0.03,0.8595061719862279,0.8148417533461276
198,@Tonicanto1,0.26,0.15,0.0,0.51,0.25,0.0,0.0,0.18,0.09,0.0,0.21,0.32,0.0,0.0,0.7470839770895665,0.792436790569533
199,@RishabhS3011,0.15,0.09,0.09,0.29,0.36,0.01,0.18,0.11,0.11,0.02,0.36,0.38,0.0,0.14,0.7907586934369296,0.801617083559931
200,@mythoey,0.04,0.25,0.07,0.31,0.31,0.0,0.06,0.06,0.19,0.1,0.32,0.35,0.0,0.08,0.779581525363529,0.7982287282125168
201,@rgillavedra,0.07,0.08,0.0,0.53,0.24,0.0,0.0,0.02,0.02,0.0,0.18,0.35,0.0,0.0,0.7384783166429812,0.7982287282125168
202,@PriyankaPulla,0.18,0.01,0.0,0.19,0.08,0.0,0.01,0.18,0.01,0.0,0.16,0.15,0.0,0.01,0.4197222421546159,0.6207049850511144
203,@isabelleory,0.11,0.08,0.01,0.34,0.15,0.01,0.0,0.08,0.0,0.0,0.09,0.1,0.0,0.01,0.6004883262510591,0.49449072748283696
204,@KeatonPatti,0.03,0.31,0.0,0.34,0.35,0.06,0.01,0.06,0.18,0.01,0.44,0.22,0.05,0.0,0.7892294694438972,0.7334998320027682
205,@DeTaquitoCM,0.25,0.2,0.01,0.72,0.72,0.01,0.01,0.13,0.06,0.0,0.26,0.35,0.01,0.0,0.7989890411370751,0.7982287282125168
206,@peterfalktoft,0.02,0.09,0.0,0.38,0.18,0.01,0.0,0.02,0.0,0.0,0.24,0.08,0.01,0.0,0.659646495284545,0.43650814830094437
207,@PortTarragona,0.03,0.1,0.0,0.67,0.31,0.05,0.0,0.01,0.03,0.01,0.42,0.46,0.02,0.0,0.779581525363529,0.8050029368890766
208,@ASlavitt,0.11,0.13,0.02,0.29,0.24,0.0,0.0,0.11,0.06,0.02,0.38,0.29,0.0,0.0,0.7384783166429812,0.7828265255249504
209,@JeremyPaoloni,0.18,0.18,0.0,0.44,0.3,0.01,0.0,0.08,0.11,0.0,0.1,0.05,0.0,0.0,0.7759887465100499,0.3469210182245441
210,@DeccanHerald,0.14,0.2,0.0,0.82,0.82,0.24,0.04,0.07,0.13,0.02,0.76,0.76,0.44,0.06,0.8199148539199458,0.8115094045580712
211,@SassyMetisChick,0.56,0.35,0.01,0.29,0.18,0.12,0.0,0.64,0.3,0.02,0.32,0.31,0.06,0.0,0.659646495284545,0.7897432630001835
212,@ChristoPhraser,0.05,0.1,0.0,0.4,0.26,0.0,0.0,0.08,0.05,0.0,0.29,0.38,0.0,0.01,0.7546218700467833,0.801617083559931
213,@invimacolombia,0.05,0.02,0.0,0.76,0.76,0.02,0.01,0.02,0.02,0.0,0.45,0.5,0.03,0.01,0.8036706514015852,0.8053787930995948
214,@SubRedNorte,0.12,0.07,0.0,0.71,0.71,0.1,0.0,0.07,0.06,0.0,0.52,0.35,0.0,0.0,0.7983123643488195,0.7982287282125168
215,@HLNinEngeland,0.05,0.04,0.01,0.16,0.09,0.02,0.0,0.03,0.01,0.0,0.2,0.25,0.0,0.0,0.4479465575931997,0.760577756485164
216,@Damodar65212309,0.03,0.56,0.02,0.38,0.56,0.03,0.2,0.0,0.46,0.03,0.42,0.42,0.02,0.28,0.7969945574902298,0.8039704121290502
217,@NBTDilli,0.09,0.15,0.01,0.78,0.78,0.55,0.04,0.17,0.13,0.02,0.68,0.68,0.51,0.02,0.8076035454448582,0.8057684213303521
218,@CitizenJane99,0.24,0.02,0.0,0.11,0.04,0.0,0.0,0.29,0.0,0.01,0.1,0.02,0.0,0.0,0.30618807248975083,0.2603678379426137
219,@theklaneh,0.16,0.04,0.0,0.51,0.29,0.0,0.0,0.11,0.03,0.0,0.11,0.1,0.0,0.0,0.7717813288270262,0.49449072748283696
220,@propublica,0.28,0.22,0.01,0.38,0.38,0.02,0.02,0.27,0.13,0.01,0.53,0.35,0.02,0.0,0.793087009461318,0.7982287282125168
221,@iconicmassstAAr,0.05,0.23,0.0,0.48,0.19,0.0,0.02,0.05,0.23,0.0,0.43,0.16,0.0,0.03,0.6763619064808265,0.6415870166679795
222,@CPMumbaiPolice,0.05,0.12,0.0,0.63,0.25,0.25,0.03,0.08,0.06,0.01,0.59,0.26,0.28,0.03,0.7470839770895665,0.7674214324358889
223,@danholler,0.19,0.08,0.01,0.31,0.14,0.0,0.02,0.08,0.08,0.0,0.18,0.22,0.0,0.0,0.5778862084370772,0.7334998320027682
224,@ECUADORCHEQUEA,0.21,0.26,0.01,0.88,0.88,0.14,0.11,0.19,0.2,0.0,0.69,0.69,0.05,0.05,0.8524047631581662,0.8060512678410475
225,@WJXTvic,0.14,0.03,0.0,0.21,0.01,0.03,0.0,0.14,0.02,0.0,0.17,0.04,0.04,0.0,0.22631829961109876,0.31739450135566455
226,@Maheen83086711,0.31,0.24,0.03,0.75,0.75,0.1,0.01,0.32,0.16,0.0,0.57,0.17,0.05,0.0,0.8021481695167405,0.6608500314332488
227,@AsyamSevim,0.26,0.13,0.03,0.55,0.27,0.01,0.01,0.23,0.1,0.01,0.22,0.07,0.0,0.02,0.7611878625273879,0.40673978557586005
228,@takaoka,0.11,0.16,0.03,0.73,0.73,0.02,0.02,0.03,0.0,0.0,0.2,0.11,0.01,0.0,0.7998362042473794,0.5222398722127631
229,@FabianPicardo,0.26,0.07,0.0,0.16,0.05,0.0,0.0,0.23,0.06,0.0,0.18,0.43,0.0,0.0,0.3342309004634953,0.8043181589918191
230,@Sarpa_Bharatiya,0.02,0.19,0.06,0.09,0.13,0.0,0.0,0.02,0.05,0.02,0.05,0.04,0.0,0.01,0.5539725719744064,0.31739450135566455
231,@generalitat,0.21,0.11,0.0,0.75,0.75,0.02,0.01,0.1,0.05,0.0,0.61,0.61,0.01,0.0,0.8021481695167405,0.8052216892873937
232,@C4FINDIA,0.15,0.03,0.0,0.16,0.06,0.0,0.0,0.17,0.0,0.0,0.15,0.22,0.0,0.0,0.36264564124632276,0.7334998320027682
233,@cbic_india,0.09,0.08,0.02,0.38,0.2,0.01,0.03,0.07,0.05,0.0,0.36,0.2,0.0,0.01,0.6915799517497913,0.7089830786080018
234,@healthgovau,0.2,0.19,0.02,0.53,0.42,0.06,0.01,0.12,0.11,0.04,0.59,0.59,0.02,0.01,0.795728227940139,0.8052746490850863
235,@EgorPutilov,0.2,0.06,0.0,0.55,0.34,0.03,0.01,0.13,0.06,0.0,0.32,0.24,0.01,0.0,0.7874002196908744,0.7527121552274618
236,@sumonakash11,0.06,0.34,0.1,0.83,0.83,0.7,0.27,0.13,0.33,0.03,0.83,0.83,0.73,0.14,0.8240917140475522,0.8288069415530707
237,@RanchiPIB,0.12,0.05,0.02,0.61,0.29,0.0,0.01,0.12,0.05,0.0,0.31,0.34,0.0,0.0,0.7717813288270262,0.7966241294741505
238,@MinPres,0.16,0.11,0.0,0.73,0.73,0.18,0.03,0.13,0.06,0.01,0.51,0.51,0.1,0.02,0.7998362042473794,0.8054123562973726
239,@radioitatiaia,0.02,0.22,0.0,0.9,0.9,0.44,0.0,0.02,0.12,0.01,0.87,0.87,0.52,0.02,0.8670116134145492,0.8474634546636374
240,@francebleuazur,0.05,0.1,0.0,0.67,0.67,0.16,0.01,0.09,0.07,0.0,0.64,0.64,0.12,0.0,0.7968624754031172,0.8052478284119403
241,@ssn_ar,0.05,0.19,0.05,0.8,0.8,0.28,0.01,0.04,0.08,0.01,0.37,0.3,0.02,0.0,0.812935016236137,0.7865642668428161
242,@MikeFamiyesin,0.07,0.52,0.02,0.2,0.2,0.0,0.17,0.06,0.49,0.0,0.31,0.35,0.0,0.18,0.6915799517497913,0.7982287282125168
243,@jairbolsonaro,0.15,0.22,0.0,0.56,0.28,0.31,0.04,0.2,0.23,0.02,0.68,0.68,0.25,0.04,0.7668769621923945,0.8057684213303521
244,@diprassam,0.1,0.19,0.0,0.7,0.24,0.04,0.0,0.11,0.2,0.0,0.68,0.23,0.03,0.01,0.7384783166429812,0.7437205366967014
245,@Zatanik0,0.13,0.04,0.0,0.5,0.17,0.0,0.02,0.09,0.01,0.0,0.19,0.04,0.0,0.01,0.6414184221423734,0.31739450135566455
246,@MackayIM,0.51,0.05,0.0,0.17,0.07,0.01,0.0,0.32,0.1,0.0,0.18,0.19,0.0,0.0,0.3912159239072283,0.6945161422354588
247,@ofiscalpuj,0.15,0.24,0.01,0.69,0.69,0.2,0.01,0.08,0.08,0.03,0.28,0.69,0.02,0.01,0.7973765977480777,0.8060512678410475
248,@PIBHomeAffairs,0.12,0.16,0.0,0.56,0.21,0.01,0.01,0.08,0.07,0.01,0.51,0.4,0.01,0.01,0.7053377817049258,0.8030212452554465
249,@ImrozRahi3,0.35,0.6,0.01,0.58,0.6,0.0,0.13,0.29,0.54,0.0,0.72,0.72,0.01,0.14,0.7967247202742335,0.8074910771589409
250,@GVAeducacio,0.23,0.22,0.0,0.75,0.75,0.04,0.02,0.16,0.11,0.0,0.52,0.52,0.01,0.0,0.8021481695167405,0.805428834471509
251,@PDChina,0.14,0.32,0.0,0.9,0.9,0.22,0.01,0.07,0.25,0.04,0.81,0.81,0.53,0.03,0.8670116134145492,0.82211302959919
252,@sanchitsngla,0.01,0.7,0.17,0.64,0.7,0.46,0.61,0.02,0.76,0.24,0.74,0.76,0.56,0.5,0.797782173166965,0.8115094045580712
253,@SE_Rajoelina,0.04,0.24,0.0,0.64,0.31,0.04,0.0,0.01,0.21,0.01,0.55,0.35,0.04,0.01,0.779581525363529,0.7982287282125168
254,@officialmcafee,0.2,0.31,0.0,0.44,0.2,0.07,0.0,0.27,0.43,0.02,0.62,0.25,0.05,0.01,0.6915799517497913,0.760577756485164
255,@koryodynasty,0.09,0.05,0.0,0.36,0.28,0.02,0.0,0.09,0.06,0.0,0.36,0.22,0.01,0.0,0.7668769621923945,0.7334998320027682
256,@Inserm,0.17,0.06,0.01,0.49,0.42,0.01,0.01,0.05,0.0,0.0,0.23,0.64,0.0,0.01,0.795728227940139,0.8052478284119403
257,@PrefPelotas,0.06,0.25,0.02,0.59,0.38,0.17,0.09,0.05,0.25,0.0,0.54,0.3,0.14,0.02,0.793087009461318,0.7865642668428161
258,@MinHacienda,0.17,0.02,0.0,0.7,0.7,0.01,0.0,0.07,0.03,0.0,0.41,0.41,0.01,0.0,0.797782173166965,0.8035432096295109
259,@VohraManpreet,0.21,0.09,0.04,0.34,0.44,0.0,0.01,0.24,0.08,0.02,0.28,0.33,0.0,0.0,0.7964100716330078,0.7947108099739177
260,@Marindriguez,0.03,0.38,0.04,0.59,0.59,0.07,0.17,0.01,0.16,0.09,0.4,0.39,0.03,0.1,0.7967905786038864,0.8023863559365568
261,@FDAenEspanol,0.19,0.14,0.0,0.66,0.66,0.03,0.0,0.09,0.08,0.0,0.46,0.46,0.01,0.0,0.7967206940193189,0.8050029368890766
262,@ClaMoralesM,0.31,0.02,0.0,0.43,0.22,0.0,0.0,0.19,0.02,0.0,0.16,0.18,0.0,0.0,0.7176911080698488,0.6784864269642225
263,@KarenLongaric,0.12,0.08,0.0,0.61,0.61,0.0,0.0,0.12,0.03,0.0,0.39,0.27,0.0,0.0,0.7966668301280437,0.7733457112766196
264,@igobyMdot,0.39,0.09,0.06,0.31,0.04,0.01,0.0,0.4,0.13,0.02,0.29,0.12,0.01,0.02,0.30618807248975083,0.5488888157824968
265,@VaughnHillyard,0.38,0.09,0.0,0.22,0.2,0.01,0.0,0.25,0.03,0.0,0.21,0.24,0.01,0.0,0.6915799517497913,0.7527121552274618
266,@daVinci1412,0.3,0.17,0.02,0.53,0.4,0.0,0.01,0.23,0.13,0.02,0.26,0.3,0.0,0.01,0.7946723107742963,0.7865642668428161
267,@TimesNow,0.08,0.18,0.0,0.77,0.77,0.23,0.03,0.05,0.18,0.02,0.67,0.67,0.13,0.04,0.8054784364249085,0.8055586579935085
268,@JustinTrudeau,0.09,0.06,0.0,0.4,0.56,0.01,0.0,0.12,0.05,0.0,0.56,0.56,0.0,0.01,0.7969945574902298,0.8053747654061287
269,@THEHermanCain,0.18,0.42,0.0,0.5,0.35,0.37,0.1,0.15,0.53,0.01,0.71,0.71,0.43,0.08,0.7892294694438972,0.8068955728616037
270,@PaulaLavigne,0.16,0.1,0.03,0.56,0.23,0.0,0.01,0.16,0.05,0.01,0.35,0.19,0.0,0.0,0.7287106185584935,0.6945161422354588
271,@Nopanaden,0.16,0.09,0.0,0.51,0.24,0.0,0.0,0.13,0.07,0.0,0.25,0.12,0.0,0.0,0.7384783166429812,0.5488888157824968
272,@gauravtiwarirau,0.24,0.13,0.0,0.59,0.34,0.03,0.0,0.21,0.04,0.0,0.17,0.2,0.02,0.0,0.7874002196908744,0.7089830786080018
273,@navjivanindia,0.09,0.22,0.0,0.89,0.89,0.6,0.04,0.04,0.1,0.0,0.89,0.89,0.74,0.02,0.8595061719862279,0.859576255252869
274,@SachinYadavRJD,0.17,0.25,0.0,0.61,0.25,0.01,0.02,0.21,0.29,0.0,0.34,0.14,0.0,0.01,0.7470839770895665,0.5982419966968565
275,@AllisonPearson,0.45,0.19,0.02,0.33,0.22,0.0,0.0,0.61,0.2,0.0,0.34,0.61,0.0,0.0,0.7176911080698488,0.8052216892873937
276,@IMFNews,0.09,0.04,0.0,0.46,0.46,0.0,0.01,0.06,0.04,0.0,0.46,0.4,0.01,0.0,0.796828494732411,0.8030212452554465
277,@BhaiyaPatil,0.1,0.16,0.02,0.68,0.68,0.02,0.02,0.06,0.03,0.0,0.13,0.12,0.0,0.0,0.797075908158591,0.5488888157824968
278,@KamalaHarris,0.16,0.08,0.0,0.5,0.47,0.05,0.01,0.13,0.07,0.0,0.5,0.42,0.03,0.0,0.7969641686241824,0.8039704121290502
279,@CarlosOAlbornoz,0.14,0.09,0.0,0.58,0.29,0.03,0.02,0.15,0.15,0.0,0.32,0.41,0.01,0.01,0.7717813288270262,0.8035432096295109
280,@GauravS53841129,0.06,0.6,0.03,0.65,0.65,0.06,0.31,0.03,0.49,0.01,0.52,0.33,0.04,0.23,0.7966368747455678,0.7947108099739177
281,@actufrparis,0.05,0.21,0.02,0.75,0.75,0.09,0.01,0.1,0.11,0.0,0.81,0.81,0.11,0.01,0.8021481695167405,0.82211302959919
282,@NewDay,0.25,0.18,0.0,0.61,0.61,0.05,0.0,0.18,0.04,0.01,0.63,0.63,0.05,0.0,0.7966668301280437,0.8052176344738626
283,@juliocastrom,0.11,0.11,0.0,0.49,0.31,0.03,0.01,0.09,0.06,0.0,0.42,0.27,0.05,0.02,0.779581525363529,0.7733457112766196
284,@lasvocesdelpue,0.11,0.24,0.0,0.95,0.95,0.79,0.02,0.09,0.29,0.03,0.94,0.94,0.8,0.04,0.9077975241648624,0.8963872382550993
285,@Central_Railway,0.02,0.03,0.0,0.58,0.17,0.02,0.0,0.08,0.05,0.0,0.63,0.19,0.01,0.0,0.6414184221423734,0.6945161422354588
286,@Indiagri,0.17,0.06,0.08,0.47,0.22,0.0,0.01,0.09,0.09,0.01,0.19,0.11,0.0,0.0,0.7176911080698488,0.5222398722127631
287,@benten441,0.1,0.22,0.0,0.7,0.7,0.02,0.09,0.04,0.16,0.03,0.54,0.37,0.06,0.08,0.797782173166965,0.8006881983123656
288,@Spilling_The_T,0.02,0.31,0.0,0.28,0.17,0.03,0.0,0.04,0.1,0.01,0.3,0.35,0.05,0.01,0.6414184221423734,0.7982287282125168
289,@AytoAdra,0.12,0.12,0.06,0.74,0.74,0.02,0.03,0.05,0.1,0.0,0.54,0.43,0.02,0.0,0.8008799175144752,0.8043181589918191
290,@MannySinder,0.12,0.05,0.01,0.05,0.03,0.0,0.01,0.14,0.13,0.01,0.16,0.21,0.0,0.02,0.2787259978325127,0.7219510972984345
291,@TheQuint,0.1,0.19,0.01,0.64,0.64,0.16,0.04,0.03,0.16,0.01,0.71,0.71,0.18,0.05,0.796599114745521,0.8068955728616037
292,@CDC17GA,0.07,0.41,0.01,0.57,0.32,0.04,0.1,0.1,0.18,0.0,0.39,0.27,0.05,0.03,0.7826357858330618,0.7733457112766196
293,@MindefArg,0.1,0.09,0.01,0.72,0.72,0.01,0.02,0.03,0.1,0.0,0.45,0.24,0.02,0.01,0.7989890411370751,0.7527121552274618
294,@watan_alnhhar,0.34,0.42,0.01,0.89,0.89,0.04,0.0,0.33,0.37,0.0,0.77,0.77,0.01,0.01,0.8595061719862279,0.813043153461001
295,@repvos,0.17,0.05,0.01,0.2,0.19,0.0,0.0,0.11,0.01,0.03,0.11,0.23,0.01,0.0,0.6763619064808265,0.7437205366967014
296,@la_campora,0.04,0.02,0.0,0.58,0.31,0.01,0.02,0.02,0.02,0.0,0.43,0.4,0.01,0.04,0.779581525363529,0.8030212452554465
297,@KemiOlunloyo,0.28,0.11,0.01,0.32,0.2,0.0,0.0,0.24,0.06,0.0,0.25,0.19,0.01,0.01,0.6915799517497913,0.6945161422354588
298,@NARENDER1970,0.04,0.06,0.0,0.56,0.31,0.0,0.0,0.08,0.04,0.0,0.37,0.23,0.0,0.0,0.779581525363529,0.7437205366967014
299,@theboyjai,0.42,0.13,0.01,0.21,0.08,0.0,0.0,0.54,0.11,0.0,0.26,0.31,0.0,0.0,0.4197222421546159,0.7897432630001835
300,@FaheemYounus,0.08,0.14,0.0,0.22,0.19,0.02,0.01,0.13,0.05,0.01,0.2,0.25,0.02,0.0,0.6763619064808265,0.760577756485164
301,@assampolice,0.13,0.1,0.0,0.47,0.26,0.03,0.03,0.1,0.09,0.01,0.48,0.24,0.03,0.02,0.7546218700467833,0.7527121552274618
302,@TheLancet,0.27,0.06,0.0,0.49,0.47,0.0,0.0,0.16,0.02,0.0,0.23,0.37,0.0,0.0,0.7969641686241824,0.8006881983123656
303,@baybarsorsek,0.13,0.05,0.0,0.15,0.06,0.0,0.0,0.1,0.01,0.0,0.07,0.24,0.0,0.0,0.36264564124632276,0.7527121552274618
304,@msaludpy,0.1,0.11,0.0,0.7,0.28,0.03,0.0,0.05,0.11,0.0,0.75,0.75,0.01,0.0,0.7668769621923945,0.8102129289660348
305,@CarlosBolsonaro,0.11,0.03,0.1,0.5,0.4,0.04,0.02,0.11,0.03,0.06,0.46,0.24,0.0,0.0,0.7946723107742963,0.7527121552274618
306,@Uppolice,0.22,0.11,0.0,0.54,0.25,0.12,0.03,0.17,0.04,0.0,0.42,0.2,0.04,0.0,0.7470839770895665,0.7089830786080018
307,@EstherIjewere,0.4,0.09,0.0,0.24,0.05,0.0,0.0,0.52,0.11,0.0,0.18,0.18,0.0,0.02,0.3342309004634953,0.6784864269642225
308,@MBuhari,0.1,0.21,0.0,0.62,0.62,0.33,0.04,0.07,0.06,0.01,0.49,0.35,0.34,0.02,0.796622208632847,0.7982287282125168
309,@JeffShipley77,0.05,0.0,0.0,0.15,0.0,0.0,0.0,0.02,0.01,0.0,0.03,0.06,0.0,0.01,0.0,0.37678996390568303
310,@MartinLerga,0.13,0.33,0.27,0.77,0.77,0.0,0.05,0.07,0.17,0.2,0.42,0.29,0.02,0.03,0.8054784364249085,0.7828265255249504
311,@CHUdeToulouse,0.22,0.08,0.01,0.51,0.32,0.01,0.01,0.23,0.02,0.0,0.18,0.48,0.0,0.0,0.7826357858330618,0.8052475029769541
312,@rosiescammell,0.32,0.19,0.01,0.24,0.1,0.09,0.0,0.1,0.08,0.0,0.37,0.58,0.03,0.01,0.4756769663222349,0.8053085767533751
313,@BillyBoysDaddy,0.93,0.13,0.01,0.39,0.93,0.0,0.01,0.95,0.16,0.0,0.3,0.95,0.0,0.0,0.8912318555080615,0.904303821618659
314,@DrZweliMkhize,0.21,0.43,0.01,0.58,0.58,0.15,0.02,0.29,0.4,0.02,0.56,0.38,0.07,0.0,0.7968599400514179,0.801617083559931
315,@EmbajadaEspGTA,0.31,0.18,0.03,0.78,0.78,0.0,0.01,0.14,0.11,0.0,0.48,0.31,0.0,0.0,0.8076035454448582,0.7897432630001835
316,@NITDANigeria,0.13,0.09,0.0,0.52,0.32,0.0,0.0,0.17,0.09,0.0,0.51,0.37,0.0,0.01,0.7826357858330618,0.8006881983123656
317,@Gagan4344,0.04,0.06,0.0,0.37,0.19,0.02,0.02,0.04,0.03,0.0,0.25,0.34,0.0,0.01,0.6763619064808265,0.7966241294741505
318,@AdvAkhileshAwa1,0.45,0.39,0.04,0.71,0.71,0.04,0.0,0.52,0.23,0.0,0.24,0.22,0.0,0.0,0.7983123643488195,0.7334998320027682
319,@danimugicagmai1,0.07,0.22,0.01,0.49,0.41,0.03,0.01,0.02,0.12,0.0,0.58,0.41,0.01,0.02,0.7952555385005927,0.8035432096295109
320,@andrew_croxford,0.16,0.2,0.0,0.15,0.42,0.06,0.08,0.22,0.26,0.0,0.26,0.35,0.03,0.21,0.795728227940139,0.7982287282125168
321,@blsanthosh,0.04,0.02,0.0,0.42,0.25,0.0,0.0,0.02,0.0,0.0,0.35,0.37,0.0,0.0,0.7470839770895665,0.8006881983123656
322,@Uaesp,0.14,0.06,0.0,0.74,0.74,0.0,0.0,0.05,0.01,0.0,0.25,0.29,0.0,0.0,0.8008799175144752,0.7828265255249504
323,@PIBChandigarh,0.19,0.08,0.02,0.63,0.63,0.0,0.01,0.14,0.04,0.0,0.48,0.23,0.0,0.0,0.7965971518887632,0.7437205366967014
324,@SbwayIraq,0.03,0.32,0.07,0.53,0.43,0.43,0.23,0.0,0.43,0.09,0.69,0.69,0.61,0.2,0.7961080923981387,0.8060512678410475
325,@thattai,0.1,0.13,0.01,0.31,0.09,0.04,0.0,0.14,0.08,0.0,0.16,0.21,0.01,0.01,0.4479465575931997,0.7219510972984345
326,@LakshanaShet,0.05,0.05,0.03,0.14,0.08,0.0,0.01,0.02,0.08,0.04,0.08,0.06,0.04,0.02,0.4197222421546159,0.37678996390568303
327,@Bilalsyed7eng,0.65,0.43,0.0,0.75,0.75,0.02,0.08,0.65,0.47,0.02,0.61,0.65,0.0,0.07,0.8021481695167405,0.8053088638387352
328,@FMoHealth,0.09,0.24,0.06,0.67,0.67,0.26,0.02,0.02,0.08,0.04,0.56,0.29,0.25,0.01,0.7968624754031172,0.7828265255249504
329,@WorldPopProject,0.11,0.04,0.0,0.54,0.29,0.04,0.0,0.1,0.03,0.0,0.45,0.41,0.06,0.0,0.7717813288270262,0.8035432096295109
330,@johnrobertsFox,0.19,0.11,0.0,0.25,0.15,0.0,0.0,0.15,0.1,0.0,0.17,0.52,0.03,0.01,0.6004883262510591,0.805428834471509
331,@ladygross,0.12,0.07,0.0,0.55,0.32,0.18,0.0,0.13,0.01,0.02,0.37,0.16,0.06,0.0,0.7826357858330618,0.6415870166679795
332,@MariaFdaCabal,0.29,0.07,0.0,0.45,0.32,0.01,0.0,0.21,0.03,0.0,0.17,0.23,0.0,0.0,0.7826357858330618,0.7437205366967014
333,@DannyLS74,0.3,0.15,0.03,0.2,0.18,0.0,0.03,0.37,0.14,0.06,0.25,0.13,0.0,0.05,0.659646495284545,0.5742686032713971
334,@harbhajan_singh,0.03,0.02,0.0,0.21,0.08,0.0,0.0,0.03,0.01,0.0,0.26,0.16,0.0,0.0,0.4197222421546159,0.6415870166679795
335,@MattHancock,0.15,0.07,0.0,0.29,0.57,0.0,0.0,0.11,0.03,0.0,0.15,0.6,0.0,0.0,0.7969290189014606,0.8052444082217497
336,@NIH,0.13,0.03,0.0,0.49,0.49,0.0,0.0,0.1,0.03,0.0,0.3,0.6,0.01,0.0,0.7971250161607958,0.8052444082217497
337,@WHO_Europe,0.16,0.05,0.0,0.54,0.54,0.0,0.0,0.12,0.08,0.0,0.4,0.4,0.02,0.0,0.7971037475964349,0.8030212452554465
338,@MominUrban,0.01,0.3,0.13,0.75,0.75,0.01,0.05,0.01,0.14,0.0,0.24,0.14,0.0,0.0,0.8021481695167405,0.5982419966968565
339,@DCPEastDelhi,0.19,0.08,0.0,0.44,0.39,0.04,0.0,0.15,0.09,0.0,0.45,0.51,0.03,0.0,0.7939576449836836,0.8054123562973726
340,@BBMPCOMM,0.02,0.3,0.04,0.73,0.73,0.6,0.02,0.03,0.18,0.01,0.87,0.87,0.68,0.02,0.7998362042473794,0.8474634546636374
341,@IndiaCoastGuard,0.09,0.13,0.0,0.59,0.41,0.0,0.0,0.04,0.11,0.0,0.39,0.27,0.01,0.0,0.7952555385005927,0.7733457112766196
342,@salimmattarBR,0.04,0.26,0.0,0.69,0.69,0.23,0.03,0.08,0.1,0.01,0.75,0.75,0.18,0.03,0.7973765977480777,0.8102129289660348
343,@bartvalletta,0.72,0.29,0.03,0.72,0.72,0.0,0.06,0.63,0.29,0.0,0.48,0.63,0.0,0.01,0.7989890411370751,0.8052176344738626
344,@vinclem,0.03,0.18,0.02,0.68,0.26,0.02,0.1,0.02,0.04,0.0,0.21,0.12,0.01,0.0,0.7546218700467833,0.5488888157824968
345,@nhk_news,0.08,0.2,0.02,0.88,0.88,0.52,0.04,0.07,0.11,0.0,0.77,0.77,0.41,0.01,0.8524047631581662,0.813043153461001
346,@jirui90,0.06,0.03,0.08,0.12,0.07,0.0,0.01,0.08,0.01,0.03,0.07,0.12,0.0,0.0,0.3912159239072283,0.5488888157824968
347,@JTAtv5monde,0.03,0.19,0.0,0.77,0.77,0.35,0.0,0.07,0.15,0.02,0.9,0.9,0.25,0.0,0.8054784364249085,0.8662905376040458
348,@colCERT,0.12,0.08,0.0,0.49,0.41,0.01,0.0,0.06,0.08,0.0,0.33,0.41,0.0,0.0,0.7952555385005927,0.8035432096295109
349,@Ryk75013,0.06,0.1,0.0,0.56,0.16,0.15,0.0,0.1,0.01,0.0,0.14,0.06,0.0,0.0,0.621687023966582,0.37678996390568303
350,@D_Roopa_IPS,0.02,0.01,0.0,0.12,0.04,0.0,0.0,0.02,0.0,0.0,0.2,0.22,0.0,0.0,0.30618807248975083,0.7334998320027682
351,@francebleuparis,0.11,0.04,0.0,0.83,0.83,0.16,0.04,0.1,0.1,0.0,0.6,0.39,0.06,0.0,0.8240917140475522,0.8023863559365568
352,@hkpoliceforce,0.18,0.25,0.02,0.6,0.6,0.32,0.03,0.08,0.21,0.02,0.64,0.64,0.35,0.09,0.7967247202742335,0.8052478284119403
353,@kundakavelkar,0.13,0.27,0.05,0.8,0.8,0.64,0.06,0.15,0.21,0.01,0.58,0.36,0.53,0.07,0.812935016236137,0.799570188835745
354,@CgscUfp,0.2,0.49,0.0,0.8,0.8,0.06,0.03,0.15,0.49,0.0,0.78,0.78,0.13,0.06,0.812935016236137,0.8148417533461276
355,@SaludISCIII,0.21,0.09,0.0,0.68,0.68,0.04,0.0,0.07,0.08,0.0,0.24,0.56,0.0,0.01,0.797075908158591,0.8053747654061287
356,@EPHIEthiopia,0.03,0.26,0.03,0.7,0.7,0.59,0.03,0.01,0.13,0.03,0.63,0.7,0.7,0.05,0.797782173166965,0.8064216072785402
357,@doctorrichabjp,0.28,0.06,0.0,0.48,0.31,0.0,0.02,0.19,0.06,0.0,0.25,0.29,0.01,0.0,0.779581525363529,0.7828265255249504
358,@gobertolima,0.07,0.2,0.02,0.94,0.94,0.53,0.0,0.02,0.11,0.01,0.9,0.9,0.66,0.0,0.8995513244218455,0.8662905376040458
359,@JotaHacheBe,0.08,0.08,0.01,0.45,0.18,0.02,0.01,0.07,0.17,0.0,0.2,0.06,0.03,0.0,0.659646495284545,0.37678996390568303
360,@PIBJaipur,0.15,0.15,0.01,0.61,0.61,0.0,0.0,0.06,0.06,0.0,0.46,0.44,0.01,0.0,0.7966668301280437,0.8045992970534486
361,@spitta1969,0.37,0.07,0.0,0.56,0.36,0.0,0.03,0.38,0.07,0.01,0.19,0.14,0.0,0.0,0.7907586934369296,0.5982419966968565
362,@SheriffClarke,0.26,0.02,0.0,0.27,0.27,0.02,0.01,0.28,0.04,0.0,0.35,0.51,0.02,0.0,0.7611878625273879,0.8054123562973726
363,@HCI_London,0.05,0.01,0.0,0.39,0.24,0.0,0.0,0.05,0.04,0.0,0.29,0.5,0.0,0.0,0.7384783166429812,0.8053787930995948
364,@MonicaGandhi9,0.1,0.08,0.0,0.34,0.36,0.02,0.01,0.12,0.09,0.0,0.17,0.29,0.01,0.04,0.7907586934369296,0.7828265255249504
365,@sarahelago,0.16,0.01,0.0,0.41,0.23,0.0,0.0,0.14,0.0,0.0,0.12,0.32,0.0,0.0,0.7287106185584935,0.792436790569533
366,@amitsahjapl,0.08,0.45,0.04,0.7,0.7,0.13,0.16,0.0,0.35,0.0,0.53,0.26,0.14,0.06,0.797782173166965,0.7674214324358889
367,@DoctorAmitPatel,0.23,0.16,0.06,0.26,0.12,0.0,0.01,0.21,0.25,0.04,0.22,0.16,0.03,0.0,0.5288664776112156,0.6415870166679795
368,@Daalopeza,0.07,0.06,0.06,0.25,0.08,0.0,0.0,0.07,0.0,0.0,0.03,0.01,0.0,0.0,0.4197222421546159,0.23332432370635456
369,@kohyu1952,0.38,0.27,0.02,0.69,0.69,0.05,0.02,0.28,0.09,0.0,0.3,0.21,0.0,0.0,0.7973765977480777,0.7219510972984345
370,@Jacuzzi_Yakuza,0.08,0.04,0.0,0.31,0.09,0.0,0.01,0.07,0.0,0.0,0.03,0.0,0.0,0.0,0.4479465575931997,0.0
371,@wilkergv,0.0,0.93,0.17,0.9,0.93,0.57,0.92,0.0,0.86,0.21,0.76,0.86,0.52,0.82,0.8912318555080615,0.8421031637823202
372,@MTNNG,0.14,0.06,0.0,0.44,0.22,0.03,0.0,0.11,0.02,0.0,0.36,0.25,0.02,0.0,0.7176911080698488,0.760577756485164
373,@naftalibennett,0.07,0.07,0.0,0.39,0.39,0.06,0.01,0.06,0.03,0.0,0.32,0.54,0.02,0.0,0.7939576449836836,0.8054210927612583
374,@DPCgov,0.08,0.01,0.0,0.59,0.59,0.02,0.02,0.03,0.03,0.0,0.41,0.49,0.0,0.0,0.7967905786038864,0.8053250497193561
375,@pmaese,0.08,0.08,0.0,0.57,0.2,0.0,0.0,0.06,0.02,0.0,0.27,0.14,0.0,0.0,0.6915799517497913,0.5982419966968565
376,@lorearraiz,0.31,0.32,0.0,0.48,0.3,0.0,0.0,0.35,0.18,0.0,0.14,0.13,0.0,0.0,0.7759887465100499,0.5742686032713971
377,@BillGates,0.27,0.1,0.0,0.36,0.36,0.01,0.0,0.16,0.13,0.0,0.16,0.5,0.0,0.0,0.7907586934369296,0.8053787930995948
378,@SetuAarogya,0.09,0.09,0.0,0.39,0.31,0.03,0.01,0.1,0.06,0.0,0.25,0.38,0.01,0.02,0.779581525363529,0.801617083559931
379,@shahid_siddiqui,0.22,0.09,0.0,0.43,0.27,0.0,0.0,0.17,0.07,0.0,0.25,0.28,0.0,0.0,0.7611878625273879,0.7784494983408411
380,@JioCare,0.11,0.35,0.01,0.78,0.78,0.55,0.11,0.1,0.13,0.06,0.89,0.89,0.59,0.13,0.8076035454448582,0.859576255252869
381,@minshengguancha,0.08,0.29,0.03,0.82,0.82,0.52,0.01,0.07,0.2,0.01,0.79,0.79,0.42,0.01,0.8199148539199458,0.8169336709169681
382,@RajatSharmaLive,0.07,0.25,0.04,0.51,0.38,0.11,0.01,0.11,0.16,0.02,0.64,0.64,0.15,0.04,0.793087009461318,0.8052478284119403
383,@HomeAffairsSA,0.13,0.08,0.01,0.49,0.25,0.09,0.02,0.05,0.07,0.0,0.4,0.37,0.05,0.0,0.7470839770895665,0.8006881983123656
384,@PIB_Guwahati,0.13,0.08,0.01,0.63,0.63,0.0,0.01,0.14,0.07,0.0,0.42,0.42,0.0,0.01,0.7965971518887632,0.8039704121290502
385,@GovtofPunjabPK,0.1,0.16,0.02,0.6,0.34,0.1,0.01,0.08,0.08,0.0,0.61,0.37,0.01,0.0,0.7874002196908744,0.8006881983123656
386,@XHNews,0.12,0.19,0.01,0.89,0.89,0.39,0.05,0.1,0.11,0.02,0.94,0.94,0.61,0.05,0.8595061719862279,0.8963872382550993
387,@UNICEFKenya,0.23,0.08,0.0,0.4,0.5,0.02,0.0,0.18,0.09,0.0,0.32,0.52,0.0,0.02,0.7971612475312038,0.805428834471509
388,@CoronavirusSTEM,0.15,0.36,0.06,0.27,0.31,0.12,0.11,0.22,0.37,0.05,0.3,0.39,0.15,0.19,0.779581525363529,0.8023863559365568
389,@WilDbadGe,0.19,0.16,0.03,0.41,0.2,0.01,0.01,0.2,0.16,0.0,0.24,0.13,0.0,0.0,0.6915799517497913,0.5742686032713971
390,@tomhanks,0.07,0.1,0.0,0.37,0.09,0.21,0.01,0.09,0.08,0.01,0.31,0.41,0.13,0.02,0.4479465575931997,0.8035432096295109
391,@Vinay_Dwivedii,0.17,0.29,0.02,0.71,0.71,0.01,0.01,0.22,0.24,0.02,0.44,0.27,0.0,0.02,0.7983123643488195,0.7733457112766196
392,@sharma_madhvi,0.13,0.05,0.0,0.11,0.1,0.0,0.01,0.14,0.07,0.0,0.14,0.15,0.0,0.03,0.4756769663222349,0.6207049850511144
393,@Andrew_Petter,0.84,0.27,0.0,0.58,0.84,0.0,0.0,0.86,0.14,0.0,0.23,0.86,0.0,0.0,0.8287549877594508,0.8421031637823202
394,@FernanQuirosBA,0.05,0.13,0.0,0.66,0.66,0.33,0.02,0.11,0.11,0.0,0.5,0.5,0.32,0.01,0.7967206940193189,0.8053787930995948
395,@HussamAlhaj4,0.03,0.15,0.0,0.53,0.27,0.05,0.07,0.04,0.21,0.0,0.5,0.2,0.01,0.04,0.7611878625273879,0.7089830786080018
396,@DANE_Colombia,0.16,0.2,0.0,0.82,0.82,0.1,0.01,0.09,0.1,0.03,0.56,0.38,0.01,0.01,0.8199148539199458,0.801617083559931
397,@AmitShah,0.1,0.17,0.0,0.49,0.33,0.09,0.02,0.09,0.08,0.01,0.47,0.46,0.06,0.0,0.7852210697594887,0.8050029368890766
398,@pfizer,0.23,0.08,0.0,0.43,0.43,0.0,0.0,0.19,0.02,0.0,0.31,0.31,0.01,0.01,0.7961080923981387,0.7897432630001835
399,@popularesVLC,0.19,0.07,0.01,0.66,0.66,0.01,0.0,0.09,0.05,0.0,0.43,0.31,0.0,0.0,0.7967206940193189,0.7897432630001835
400,@SukhdevDhand,0.47,0.29,0.0,0.59,0.37,0.0,0.08,0.45,0.35,0.0,0.36,0.26,0.0,0.04,0.7920317685697057,0.7674214324358889
401,@JorgeOvalleB,0.18,0.03,0.0,0.49,0.27,0.0,0.01,0.07,0.0,0.0,0.09,0.02,0.0,0.0,0.7611878625273879,0.2603678379426137
402,@LesBuralistes,0.21,0.21,0.03,0.83,0.83,0.03,0.02,0.11,0.11,0.0,0.65,0.65,0.03,0.0,0.8240917140475522,0.8053088638387352
403,@alcaldiabquilla,0.05,0.1,0.0,0.73,0.73,0.23,0.0,0.05,0.06,0.0,0.72,0.27,0.04,0.0,0.7998362042473794,0.7733457112766196
404,@socialistes_cat,0.23,0.05,0.0,0.57,0.57,0.02,0.0,0.09,0.04,0.0,0.45,0.28,0.0,0.0,0.7969290189014606,0.7784494983408411
405,@apoorva_nyc,0.26,0.05,0.0,0.25,0.2,0.03,0.0,0.19,0.08,0.0,0.3,0.25,0.02,0.0,0.6915799517497913,0.760577756485164
406,@KimKardashian,0.05,0.08,0.0,0.17,0.09,0.0,0.0,0.03,0.03,0.0,0.23,0.33,0.0,0.01,0.4479465575931997,0.7947108099739177
407,@RepJanel,0.24,0.03,0.04,0.28,0.3,0.0,0.0,0.11,0.03,0.0,0.18,0.41,0.0,0.0,0.7759887465100499,0.8035432096295109
408,@favelanhofc,0.03,0.31,0.03,0.65,0.25,0.09,0.08,0.03,0.19,0.0,0.59,0.18,0.03,0.0,0.7470839770895665,0.6784864269642225
409,@AFPphoto,0.17,0.22,0.01,0.82,0.82,0.3,0.05,0.12,0.08,0.01,0.76,0.76,0.33,0.03,0.8199148539199458,0.8115094045580712
410,@JoshuaPotash,0.2,0.09,0.05,0.27,0.22,0.0,0.0,0.24,0.11,0.03,0.27,0.31,0.03,0.02,0.7176911080698488,0.7897432630001835
411,@EricTopol,0.17,0.05,0.0,0.36,0.24,0.0,0.0,0.14,0.03,0.0,0.29,0.24,0.0,0.0,0.7384783166429812,0.7527121552274618
412,@KiranSu11082143,0.09,0.71,0.66,0.8,0.8,0.59,0.62,0.05,0.76,0.6,0.76,0.76,0.63,0.48,0.812935016236137,0.8115094045580712
413,@TedLandK5,0.27,0.05,0.0,0.12,0.03,0.01,0.0,0.13,0.05,0.0,0.09,0.07,0.01,0.0,0.2787259978325127,0.40673978557586005
414,@kenolin1,0.16,0.06,0.0,0.11,0.03,0.0,0.0,0.07,0.05,0.0,0.16,0.28,0.0,0.0,0.2787259978325127,0.7784494983408411
415,@EPExtremadura,0.11,0.19,0.01,0.93,0.93,0.45,0.01,0.05,0.03,0.01,0.79,0.79,0.54,0.04,0.8912318555080615,0.8169336709169681
416,@Foro_TV,0.1,0.09,0.02,0.86,0.86,0.34,0.02,0.09,0.1,0.03,0.74,0.74,0.29,0.01,0.8395863545645614,0.8091273704655436
417,@TrumpWarRoom,0.16,0.07,0.0,0.32,0.3,0.0,0.02,0.11,0.05,0.0,0.41,0.53,0.0,0.0,0.7759887465100499,0.8054309326193666
418,@pablodeolavide,0.34,0.06,0.0,0.59,0.34,0.0,0.0,0.26,0.11,0.0,0.28,0.25,0.0,0.0,0.7874002196908744,0.760577756485164
419,@_minecogob,0.1,0.1,0.01,0.63,0.63,0.03,0.0,0.04,0.01,0.0,0.19,0.4,0.0,0.01,0.7965971518887632,0.8030212452554465
420,@INSABI_mx,0.05,0.06,0.0,0.69,0.69,0.02,0.01,0.06,0.02,0.0,0.28,0.33,0.0,0.0,0.7973765977480777,0.7947108099739177
421,@ClareDalyMEP,0.15,0.03,0.0,0.37,0.37,0.0,0.0,0.19,0.02,0.0,0.18,0.63,0.0,0.0,0.7920317685697057,0.8052176344738626
422,@YusufDFI,0.15,0.04,0.0,0.26,0.22,0.0,0.0,0.17,0.03,0.0,0.16,0.2,0.0,0.0,0.7176911080698488,0.7089830786080018
423,@tijarawala,0.09,0.19,0.0,0.61,0.39,0.06,0.04,0.05,0.1,0.0,0.43,0.32,0.03,0.0,0.7939576449836836,0.792436790569533
424,@AFP,0.05,0.15,0.0,0.74,0.74,0.18,0.0,0.03,0.17,0.02,0.69,0.69,0.03,0.01,0.8008799175144752,0.8060512678410475
425,@anoopsoni1974,0.02,0.61,0.11,0.87,0.87,0.25,0.32,0.07,0.41,0.01,0.38,0.24,0.09,0.27,0.8457543526336647,0.7527121552274618
426,@balfederico,0.03,0.03,0.0,0.25,0.19,0.0,0.01,0.04,0.01,0.0,0.11,0.1,0.0,0.0,0.6763619064808265,0.49449072748283696
427,@AsgeriEU,0.16,0.13,0.0,0.45,0.38,0.01,0.03,0.1,0.13,0.0,0.22,0.53,0.01,0.02,0.793087009461318,0.8054309326193666
428,@SureshChavhanke,0.16,0.12,0.0,0.47,0.37,0.02,0.01,0.15,0.03,0.0,0.29,0.27,0.0,0.0,0.7920317685697057,0.7733457112766196
429,@alphajohnalpha1,0.19,0.16,0.04,0.36,0.15,0.0,0.07,0.19,0.1,0.0,0.11,0.14,0.0,0.02,0.6004883262510591,0.5982419966968565
430,@djev13,0.0,0.2,0.04,0.45,0.14,0.0,0.02,0.01,0.1,0.0,0.27,0.05,0.0,0.0,0.5778862084370772,0.3469210182245441
431,@DrEricBall,0.18,0.01,0.0,0.11,0.0,0.0,0.0,0.15,0.02,0.0,0.12,0.13,0.0,0.0,0.0,0.5742686032713971
432,@ITVTANZANIA,0.06,0.21,0.01,0.93,0.93,0.64,0.04,0.03,0.05,0.01,0.86,0.86,0.8,0.06,0.8912318555080615,0.8421031637823202
433,@spectator,0.06,0.14,0.0,0.58,0.58,0.02,0.01,0.03,0.05,0.0,0.63,0.63,0.03,0.01,0.7968599400514179,0.8052176344738626
434,@emile_marzolf,0.27,0.22,0.0,0.63,0.36,0.05,0.0,0.14,0.03,0.0,0.14,0.12,0.0,0.0,0.7907586934369296,0.5488888157824968
435,@josel_6027,0.82,0.24,0.0,0.6,0.82,0.0,0.03,0.86,0.27,0.02,0.37,0.86,0.0,0.02,0.8199148539199458,0.8421031637823202
436,@RobinHo0D_,0.41,0.46,0.01,0.58,0.58,0.01,0.09,0.36,0.39,0.0,0.71,0.71,0.01,0.06,0.7968599400514179,0.8068955728616037
437,@Lord_Sugar,0.17,0.02,0.0,0.25,0.04,0.0,0.0,0.13,0.05,0.0,0.23,0.29,0.0,0.0,0.30618807248975083,0.7828265255249504
438,@danielPMERJ,0.19,0.4,0.2,0.75,0.75,0.19,0.08,0.05,0.17,0.07,0.65,0.35,0.23,0.06,0.8021481695167405,0.7982287282125168
439,@Equipe1erDegre,0.04,0.04,0.0,0.47,0.16,0.01,0.01,0.01,0.06,0.01,0.3,0.14,0.01,0.01,0.621687023966582,0.5982419966968565
440,@InnovativeHindu,0.41,0.21,0.23,0.59,0.59,0.03,0.02,0.34,0.18,0.1,0.4,0.32,0.01,0.01,0.7967905786038864,0.792436790569533
441,@jcalvo100,0.12,0.04,0.0,0.45,0.2,0.0,0.01,0.05,0.04,0.0,0.25,0.18,0.0,0.0,0.6915799517497913,0.6784864269642225
442,@IreneMontero,0.15,0.06,0.0,0.42,0.35,0.0,0.0,0.11,0.02,0.0,0.22,0.41,0.0,0.0,0.7892294694438972,0.8035432096295109
443,@OoasWaho,0.16,0.15,0.0,0.56,0.42,0.0,0.0,0.16,0.06,0.0,0.27,0.33,0.01,0.0,0.795728227940139,0.7947108099739177
444,@corentinbechade,0.06,0.11,0.0,0.46,0.18,0.0,0.01,0.03,0.01,0.0,0.24,0.14,0.0,0.0,0.659646495284545,0.5982419966968565
445,@_____Tweety____,0.38,0.22,0.0,0.34,0.21,0.01,0.0,0.4,0.22,0.0,0.3,0.12,0.02,0.02,0.7053377817049258,0.5488888157824968
446,@MangalaLK,0.11,0.05,0.0,0.2,0.26,0.0,0.01,0.08,0.03,0.0,0.21,0.65,0.0,0.0,0.7546218700467833,0.8053088638387352
447,@DrKKAggarwal,0.12,0.23,0.0,0.62,0.36,0.23,0.04,0.08,0.19,0.02,0.57,0.57,0.17,0.01,0.7907586934369296,0.8053429027352532
448,@MinisteredelaS1,0.05,0.17,0.09,0.67,0.67,0.33,0.01,0.04,0.12,0.06,0.46,0.45,0.11,0.03,0.7968624754031172,0.8048245702790952
449,@sandeep_anaberu,0.07,0.04,0.0,0.26,0.18,0.0,0.0,0.07,0.02,0.0,0.15,0.26,0.0,0.0,0.659646495284545,0.7674214324358889
450,@Akki9807,0.1,0.2,0.06,0.49,0.36,0.01,0.09,0.14,0.02,0.01,0.11,0.04,0.0,0.02,0.7907586934369296,0.31739450135566455
451,@Rakulpreet,0.04,0.03,0.0,0.06,0.07,0.0,0.01,0.06,0.01,0.0,0.19,0.2,0.0,0.0,0.3912159239072283,0.7089830786080018
452,@allfama,0.18,0.13,0.01,0.75,0.75,0.07,0.07,0.07,0.16,0.01,0.41,0.12,0.02,0.0,0.8021481695167405,0.5488888157824968
453,@norabar,0.16,0.05,0.0,0.69,0.69,0.01,0.0,0.17,0.02,0.0,0.29,0.15,0.0,0.0,0.7973765977480777,0.6207049850511144
454,@AJEnglish,0.1,0.18,0.0,0.7,0.7,0.1,0.0,0.12,0.17,0.01,0.69,0.69,0.1,0.01,0.797782173166965,0.8060512678410475
455,@amstellario,0.05,0.11,0.05,0.43,0.27,0.07,0.02,0.03,0.07,0.07,0.19,0.12,0.11,0.04,0.7611878625273879,0.5488888157824968
456,@KamalaShukla2,0.16,0.67,0.06,0.86,0.86,0.78,0.11,0.1,0.47,0.01,0.81,0.83,0.83,0.04,0.8395863545645614,0.8288069415530707
457,@ARD_BaB,0.1,0.04,0.01,0.52,0.52,0.01,0.01,0.06,0.03,0.0,0.39,0.61,0.0,0.0,0.7971665256798767,0.8052216892873937
458,@VOSTcvalenciana,0.15,0.16,0.04,0.74,0.74,0.0,0.0,0.11,0.1,0.0,0.51,0.42,0.0,0.0,0.8008799175144752,0.8039704121290502
459,@mfaisalpatel,0.11,0.06,0.0,0.2,0.14,0.0,0.0,0.1,0.04,0.0,0.18,0.57,0.0,0.0,0.5778862084370772,0.8053429027352532
460,@manoj_naandi,0.1,0.05,0.0,0.2,0.13,0.02,0.01,0.03,0.05,0.0,0.12,0.45,0.01,0.0,0.5539725719744064,0.8048245702790952
461,@WICHOCOOPER,0.03,0.21,0.06,0.59,0.32,0.0,0.05,0.0,0.1,0.01,0.09,0.04,0.03,0.01,0.7826357858330618,0.31739450135566455
462,@WHOAFRO,0.12,0.03,0.0,0.46,0.5,0.0,0.0,0.04,0.02,0.0,0.41,0.24,0.02,0.01,0.7971612475312038,0.7527121552274618
463,@Dariomenorroma,0.28,0.18,0.0,0.65,0.65,0.01,0.03,0.13,0.02,0.0,0.4,0.41,0.0,0.0,0.7966368747455678,0.8035432096295109
464,@SOSMediasBDI,0.12,0.2,0.0,0.87,0.87,0.42,0.06,0.08,0.17,0.0,0.74,0.74,0.5,0.03,0.8457543526336647,0.8091273704655436
465,@equipejd,0.15,0.29,0.02,0.94,0.94,0.72,0.02,0.15,0.11,0.01,0.72,0.82,0.82,0.02,0.8995513244218455,0.8252572897541253
466,@Gob_eus,0.16,0.09,0.01,0.82,0.82,0.05,0.0,0.09,0.08,0.0,0.7,0.7,0.05,0.01,0.8199148539199458,0.8064216072785402
467,@me_think_free,0.53,0.15,0.0,0.27,0.12,0.0,0.0,0.56,0.16,0.0,0.2,0.21,0.0,0.0,0.5288664776112156,0.7219510972984345
468,@saltam0nte,0.4,0.06,0.0,0.49,0.27,0.01,0.0,0.46,0.02,0.0,0.11,0.03,0.0,0.0,0.7611878625273879,0.28846389695411967
469,@vevenkateshwar,0.05,0.04,0.07,0.35,0.16,0.0,0.02,0.03,0.07,0.04,0.16,0.05,0.01,0.0,0.621687023966582,0.3469210182245441
470,@DCPEASTZONE,0.07,0.07,0.0,0.21,0.07,0.0,0.02,0.06,0.04,0.0,0.22,0.14,0.0,0.0,0.3912159239072283,0.5982419966968565
471,@CNNnews18,0.18,0.15,0.0,0.67,0.67,0.17,0.0,0.16,0.08,0.01,0.67,0.67,0.11,0.0,0.7968624754031172,0.8055586579935085
472,@Muoqbal,0.07,0.37,0.11,0.72,0.72,0.13,0.17,0.08,0.11,0.01,0.46,0.12,0.01,0.03,0.7989890411370751,0.5488888157824968
473,@iolandaialongo,0.08,0.07,0.0,0.24,0.05,0.0,0.02,0.02,0.04,0.0,0.08,0.13,0.01,0.02,0.3342309004634953,0.5742686032713971
474,@ourkuwait,0.06,0.2,0.02,0.74,0.2,0.13,0.03,0.06,0.08,0.0,0.36,0.11,0.0,0.01,0.6915799517497913,0.5222398722127631
475,@ABSCBNNews,0.08,0.26,0.0,0.69,0.69,0.13,0.01,0.1,0.19,0.05,0.77,0.77,0.05,0.0,0.7973765977480777,0.813043153461001
476,@europapress,0.13,0.26,0.05,0.82,0.82,0.04,0.01,0.14,0.22,0.09,0.75,0.75,0.02,0.03,0.8199148539199458,0.8102129289660348
477,@ss_suryawanshi,0.09,0.04,0.0,0.54,0.33,0.02,0.0,0.06,0.08,0.01,0.67,0.24,0.02,0.01,0.7852210697594887,0.7527121552274618
478,@drdavidsamadi,0.15,0.08,0.0,0.37,0.21,0.01,0.0,0.12,0.1,0.0,0.38,0.29,0.03,0.0,0.7053377817049258,0.7828265255249504
479,@nocontextglobe,0.02,0.2733333333333334,0.05,0.79,0.84,0.84,0.04,0.01,0.18,0.02,0.74,0.74,0.7,0.07,0.8287549877594508,0.8091273704655436
480,@Prokaryota,0.21,0.06,0.01,0.12,0.03,0.01,0.0,0.24,0.11,0.0,0.22,0.18,0.0,0.02,0.2787259978325127,0.6784864269642225
481,@houndcl,0.08,0.02,0.0,0.09,0.02,0.0,0.0,0.1,0.03,0.0,0.07,0.05,0.0,0.0,0.2520419704315795,0.3469210182245441
482,@iamnarendranath,0.34,0.13,0.03,0.45,0.25,0.0,0.02,0.18,0.06,0.0,0.28,0.19,0.0,0.0,0.7470839770895665,0.6945161422354588
483,@TelmarioMotaRR,0.07,0.26,0.05,0.89,0.89,0.65,0.19,0.01,0.24,0.04,0.82,0.82,0.76,0.13,0.8595061719862279,0.8252572897541253
484,@leticiaspiller,0.08,0.01,0.0,0.57,0.31,0.02,0.0,0.03,0.02,0.0,0.27,0.18,0.0,0.0,0.779581525363529,0.6784864269642225
485,@etribune,0.06,0.2,0.01,0.72,0.72,0.05,0.01,0.02,0.13,0.01,0.78,0.78,0.06,0.02,0.7989890411370751,0.8148417533461276
486,@GibraltarGov,0.06,0.09,0.01,0.65,0.29,0.42,0.0,0.02,0.11,0.02,0.54,0.42,0.24,0.01,0.7717813288270262,0.8039704121290502
487,@AyaNakamuraa,0.08,0.22,0.0,0.36,0.21,0.02,0.02,0.01,0.1,0.0,0.22,0.21,0.01,0.0,0.7053377817049258,0.7219510972984345
488,@Awhadspeaks,0.03,0.05,0.0,0.33,0.1,0.0,0.01,0.03,0.02,0.0,0.28,0.23,0.01,0.0,0.4756769663222349,0.7437205366967014
489,@drsimonegold,0.13,0.2,0.02,0.32,0.27,0.0,0.0,0.11,0.16,0.02,0.32,0.31,0.0,0.0,0.7611878625273879,0.7897432630001835
490,@helderbarbalho,0.16,0.14,0.0,0.66,0.66,0.43,0.01,0.11,0.12,0.02,0.6,0.27,0.23,0.03,0.7967206940193189,0.7733457112766196
491,@drfahrettinkoca,0.03,0.23,0.0,0.69,0.69,0.27,0.04,0.06,0.09,0.0,0.68,0.68,0.18,0.0,0.7973765977480777,0.8057684213303521
492,@Javier__CB,0.19,0.07,0.0,0.42,0.37,0.0,0.02,0.12,0.09,0.0,0.2,0.36,0.0,0.0,0.7920317685697057,0.799570188835745
493,@kirstiealley,0.1,0.2,0.0,0.34,0.21,0.0,0.05,0.16,0.21,0.02,0.38,0.35,0.0,0.0,0.7053377817049258,0.7982287282125168
494,@sr_stephanie,0.08,0.0,0.03,0.01,0.03,0.0,0.0,0.06,0.01,0.01,0.03,0.0,0.0,0.0,0.2787259978325127,0.0
495,@ndtv,0.16,0.16,0.02,0.59,0.59,0.16,0.0,0.16,0.12,0.03,0.76,0.76,0.15,0.05,0.7967905786038864,0.8115094045580712
496,@htTweets,0.11,0.25,0.0,0.7,0.7,0.04,0.01,0.12,0.14,0.05,0.74,0.74,0.03,0.03,0.797782173166965,0.8091273704655436
497,@radiobandnewsfm,0.06,0.07,0.0,0.82,0.82,0.25,0.0,0.09,0.07,0.03,0.71,0.71,0.19,0.01,0.8199148539199458,0.8068955728616037
