,countries,polarity,subjectivity
59,United,0.0,0.0
59,United,-0.2,0.8
6,NorthMacedonia,-0.16666666666666666,0.16666666666666666
6,NorthMacedonia,0.0,0.0
9,Colombia,-0.05,0.4
6,NorthMacedonia,0.0,0.0
6,NorthMacedonia,0.0,0.0
6,NorthMacedonia,0.05,0.1
13,Georgia,0.07487179487179486,0.5420940170940169
6,NorthMacedonia,0.26666666666666666,0.2833333333333333
13,Georgia,0.05,0.1
13,Georgia,0.05,0.1
9,Colombia,0.5,0.5
13,Georgia,0.05,0.1
6,NorthMacedonia,0.0,0.0
16,Poland,0.05,0.1
6,NorthMacedonia,0.5,0.5
9,Colombia,-0.09523809523809523,0.43971306471306476
16,Poland,0.009090909090909066,0.4151515151515151
59,United,0.009090909090909066,0.4151515151515151
16,Poland,0.009090909090909066,0.4151515151515151
59,United,0.009090909090909066,0.4151515151515151
1,Brazil,-0.37333333333333335,0.7333333333333333
1,Brazil,-0.45000000000000007,0.8
1,Brazil,-0.21666666666666667,0.85
1,Brazil,-0.17772727272727276,0.48590909090909096
1,Brazil,-0.06666666666666668,0.4666666666666666
1,Brazil,0.17777777777777773,0.3555555555555556
1,Brazil,-0.24166666666666667,0.5479166666666667
1,Brazil,0.09999999999999998,0.8
1,Brazil,-0.10757575757575757,0.48030303030303034
1,Brazil,-0.3291666666666668,0.5666666666666668
1,Brazil,-0.2888888888888889,0.5555555555555555
1,Brazil,0.041003787878787876,0.4214015151515152
1,Brazil,-0.5,1.0
1,Brazil,-0.09333333333333334,0.25333333333333335
1,Brazil,-0.02462121212121214,0.35994318181818186
1,Brazil,-0.22777777777777777,0.5444444444444445
1,Brazil,0.0,0.75
1,Brazil,0.01574074074074074,0.41203703703703703
1,Brazil,-0.2555555555555556,0.4222222222222222
1,Brazil,0.018888888888888893,0.8185185185185185
1,Brazil,-0.11666666666666667,0.6166666666666666
1,Brazil,-0.0625,0.875
6,NorthMacedonia,0.0,0.0
13,Georgia,0.029082054309327046,0.34241637150728066
6,NorthMacedonia,-0.2,0.8
46,Serbia,-0.2,0.8
16,Poland,0.1,0.4833333333333333
59,United,0.1,0.4833333333333333
13,Georgia,0.0,0.0
6,NorthMacedonia,0.05,0.1
5,Italy,0.4166666666666667,0.5499999999999999
117,Romania,0.4166666666666667,0.5499999999999999
6,NorthMacedonia,0.05,0.1
13,Georgia,0.0,0.0
5,Italy,-0.12,0.5250000000000001
9,Colombia,0.0707070707070707,0.4755050505050505
9,Colombia,0.0,0.3
6,NorthMacedonia,0.3333333333333333,0.4666666666666666
16,Poland,0.37,0.44333333333333336
13,Georgia,0.05,0.1
13,Georgia,-0.4,0.55
26,Japan,0.3213768115942029,0.5025362318840579
13,Georgia,0.0,0.1
53,Russia,0.0,0.1
84,Netherlands,0.0,0.1
59,United,-0.2,0.0
13,Georgia,0.25,0.3333333333333333
118,Norway,0.25,0.3333333333333333
13,Georgia,0.05,0.1
118,Norway,0.05,0.1
23,India,0.0,0.0
6,NorthMacedonia,0.0,0.0
13,Georgia,0.0,0.0
59,United,0.0,0.375
13,Georgia,0.13165374677002584,0.4361757105943152
13,Georgia,0.08333333333333333,0.3884259259259259
23,India,0.0,0.0
6,NorthMacedonia,0.0,0.0
59,United,0.03333333333333333,0.45606060606060606
59,United,0.0,0.0
1,Brazil,-0.03939393939393941,0.5068181818181817
2,Spain,0.13444741532976828,0.504144385026738
2,Spain,-0.00833333333333334,0.3777777777777778
1,Brazil,-0.03939393939393941,0.5068181818181817
13,Georgia,-0.12032967032967035,0.5315750915750915
9,Colombia,0.04157512626262625,0.47903724747474746
16,Poland,0.057902815214136,0.49492737346510934
59,United,0.057902815214136,0.49492737346510934
23,India,0.5,0.5
33,Belgium,0.0984126984126984,0.2845238095238095
11,Philippines,0.0,0.0
9,Colombia,0.0,0.0
6,NorthMacedonia,0.0,0.0
13,Georgia,0.0,0.0
1,Brazil,-0.03939393939393941,0.5068181818181817
13,Georgia,-0.024999999999999967,0.630952380952381
13,Georgia,0.04062500000000003,0.6145833333333334
1,Brazil,0.5499999999999999,0.7333333333333334
13,Georgia,0.0,0.0
23,India,0.5,0.5
13,Georgia,0.05,0.1
14,France,0.10772727272727274,0.30742424242424243
16,Poland,0.10772727272727274,0.30742424242424243
13,Georgia,0.05,0.1
1,Brazil,0.2760416666666667,0.8854166666666667
21,Malaysia,0.0,0.0
16,Poland,-0.056666666666666664,0.5599999999999999
11,Philippines,0.25,0.7749999999999999
13,Georgia,0.0,0.0
59,United,0.0,0.0
62,Israel,0.0,0.0
67,UnitedKingdom,0.0,0.0
13,Georgia,0.05,0.1
59,United,0.05,0.1
62,Israel,0.05,0.1
67,UnitedKingdom,0.05,0.1
1,Brazil,0.175,0.325
24,Indonesia,0.125,0.3319444444444445
6,NorthMacedonia,0.0,0.0
13,Georgia,0.24444444444444446,0.7666666666666666
120,Austria,0.24444444444444446,0.7666666666666666
13,Georgia,0.05,0.1
31,Germany,0.05,0.1
13,Georgia,0.05,0.1
31,Germany,0.05,0.1
13,Georgia,0.0,0.0
31,Germany,0.0,0.0
16,Poland,0.35,0.6000000000000001
59,United,0.35,0.6000000000000001
16,Poland,0.0,0.1
59,United,0.0,0.1
16,Poland,0.11818181818181818,0.42727272727272725
59,United,0.11818181818181818,0.42727272727272725
13,Georgia,0.0,0.0
13,Georgia,0.019729838063171395,0.3759942680776014
6,NorthMacedonia,0.05,0.1
13,Georgia,0.0,0.0
13,Georgia,0.06666666666666667,0.25000000000000006
6,NorthMacedonia,0.05,0.1
6,NorthMacedonia,-0.09999999999999992,0.5833333333333333
13,Georgia,0.0,0.0
13,Georgia,0.25,0.25
59,United,0.25,0.25
36,Ukraine,0.0,0.0
36,Ukraine,0.0,0.75
11,Philippines,0.15064935064935067,0.49062049062049057
6,NorthMacedonia,0.0,0.0
6,NorthMacedonia,-0.1,0.3
6,NorthMacedonia,-0.10803030303030305,0.36883838383838385
36,Ukraine,0.05,0.1
23,India,0.4142857142857143,0.7214285714285714
1,Brazil,0.5249999999999999,0.5750000000000001
59,United,-0.10803030303030305,0.36883838383838385
2,Spain,-0.4,0.7749999999999999
59,United,0.2,0.2
36,Ukraine,0.18831168831168826,0.461038961038961
31,Germany,0.0,0.0
13,Georgia,0.05,0.1
59,United,0.05,0.1
13,Georgia,-0.45,0.8
59,United,-0.45,0.8
13,Georgia,0.05,0.1
59,United,0.05,0.1
13,Georgia,0.05,0.1
59,United,0.05,0.1
31,Germany,0.05,0.1
36,Ukraine,0.05,0.1
9,Colombia,0.0,0.0
13,Georgia,0.0,0.0
8,Argentina,0.1708333333333333,0.3999999999999999
13,Georgia,0.05,0.1
13,Georgia,0.08783333333333336,0.3964206349206349
2,Spain,-0.10803030303030305,0.36883838383838385
13,Georgia,0.05,0.1
13,Georgia,0.05,0.1
13,Georgia,0.05,0.1
13,Georgia,0.8,0.75
13,Georgia,0.05,0.1
62,Israel,0.05,0.1
31,Germany,-0.13032106782106784,0.3426857864357864
36,Ukraine,0.05,0.1
2,Spain,-0.10803030303030305,0.36883838383838385
6,NorthMacedonia,0.08166666666666667,0.3401190476190476
6,NorthMacedonia,0.19166666666666668,0.5694444444444444
6,NorthMacedonia,0.05,0.1
59,United,0.0,0.0
36,Ukraine,0.03333333333333333,0.5375
84,Netherlands,0.03333333333333333,0.5375
14,France,-0.10803030303030305,0.36883838383838385
59,United,0.15952380952380954,0.35773809523809524
13,Georgia,0.05,0.1
59,United,0.05,0.1
59,United,0.1410493827160494,0.4441358024691358
59,United,0.0,0.0
13,Georgia,0.055773809523809524,0.3360714285714286
13,Georgia,0.06595731474407944,0.4451903488668194
13,Georgia,0.16,0.24000000000000005
13,Georgia,0.05,0.1
13,Georgia,-0.5,0.9
36,Ukraine,0.0,0.0
36,Ukraine,0.0,0.0
59,United,0.0,0.0
36,Ukraine,0.13958333333333334,0.25625000000000003
59,United,0.13958333333333334,0.25625000000000003
13,Georgia,0.05,0.1
4,Australia,0.0,0.0
4,Australia,-0.3,0.6
4,Australia,0.0,0.0
13,Georgia,0.06694214876033058,0.37575757575757573
13,Georgia,0.0,0.0
13,Georgia,0.09999999999999999,0.42361111111111116
13,Georgia,0.13333333333333333,0.48611111111111116
13,Georgia,0.0,0.0
4,Australia,-0.01875,0.3195075757575758
4,Australia,-0.02462121212121212,0.19242424242424241
13,Georgia,0.0,0.0
13,Georgia,-0.5,0.9
13,Georgia,0.2,0.9444444444444444
36,Ukraine,0.17142857142857143,0.3380952380952381
36,Ukraine,0.35,0.35
13,Georgia,0.0,0.0
59,United,0.0,0.0
13,Georgia,0.0,0.0
59,United,0.0,0.0
13,Georgia,0.0,0.0
59,United,0.0,0.0
67,UnitedKingdom,0.0,0.0
13,Georgia,0.12222222222222223,0.2111111111111111
59,United,0.12222222222222223,0.2111111111111111
67,UnitedKingdom,0.12222222222222223,0.2111111111111111
13,Georgia,0.05,0.1
26,Japan,0.05,0.1
13,Georgia,-0.019565217391304346,0.5701690821256039
26,Japan,-0.019565217391304346,0.5701690821256039
17,Canada,0.0,0.25
36,Ukraine,0.0,0.25
13,Georgia,0.0,0.0
13,Georgia,-0.04895833333333333,0.5453703703703704
13,Georgia,0.05,0.1
13,Georgia,0.0,0.0
13,Georgia,0.0,0.0
6,NorthMacedonia,0.0,0.0
13,Georgia,0.07589697615817018,0.438402145118563
13,Georgia,0.0,0.0
14,France,0.147985347985348,0.38974358974358975
36,Ukraine,0.05,0.1
13,Georgia,0.0,0.0
13,Georgia,-0.026047619047619052,0.5525238095238094
13,Georgia,-0.04379960317460318,0.6213789682539682
13,Georgia,-0.0343576521517698,0.4768557422969187
13,Georgia,0.3,0.47857142857142854
13,Georgia,0.0,0.0
36,Ukraine,0.05,0.1
36,Ukraine,0.09204004329004328,0.4872619047619048
13,Georgia,-0.050051759834368534,0.5788302277432712
59,United,-0.050051759834368534,0.5788302277432712
1,Brazil,-0.0625,0.1875
31,Germany,0.5633333333333334,1.0
13,Georgia,0.05,0.1
23,India,0.0,0.0
13,Georgia,0.06694214876033058,0.37575757575757573
13,Georgia,0.09999999999999999,0.42361111111111116
13,Georgia,0.13636363636363635,0.45454545454545453
13,Georgia,0.0,0.0
36,Ukraine,0.05,0.1
9,Colombia,-0.12499999999999999,0.6375
13,Georgia,0.0,0.0
13,Georgia,0.0,0.0
13,Georgia,0.18181818181818182,0.4165584415584416
13,Georgia,-0.044444444444444446,0.23148148148148145
23,India,-0.11541005291005295,0.6146164021164021
1,Brazil,-0.3292929292929293,0.6838383838383838
31,Germany,0.0,0.0
13,Georgia,0.0,0.0
1,Brazil,-0.3292929292929293,0.6838383838383838
11,Philippines,0.106758658008658,0.42823322510822515
11,Philippines,0.32949810606060603,0.47642045454545456
13,Georgia,0.075,0.32222222222222224
36,Ukraine,-0.344047619047619,0.5595238095238095
59,United,0.0,0.0
13,Georgia,0.0,0.0
4,Australia,0.34285714285714286,0.5178571428571428
4,Australia,0.0,0.125
12,Mexico,0.0,0.0
12,Mexico,0.1642857142857143,0.27142857142857146
13,Georgia,0.03212353123067409,0.3941210575139147
13,Georgia,0.05,0.1
31,Germany,0.0,0.0
13,Georgia,0.09818001443001442,0.557041847041847
9,Colombia,0.1,0.5
6,NorthMacedonia,0.05,0.1
13,Georgia,0.03212353123067409,0.3941210575139147
36,Ukraine,0.05,0.1
6,NorthMacedonia,0.14867424242424243,0.46041666666666664
14,France,0.05,0.1
36,Ukraine,0.05,0.1
36,Ukraine,0.025422077922077922,0.40565295815295827
36,Ukraine,0.22807017543859653,0.41140350877192977
36,Ukraine,-0.1892857142857143,0.6107142857142858
120,Austria,-0.1892857142857143,0.6107142857142858
36,Ukraine,-0.30000000000000004,0.5333333333333333
15,NewZealand,0.05,0.1
36,Ukraine,0.05,0.1
145,New,0.05,0.1
9,Colombia,0.14047619047619048,0.4642857142857143
36,Ukraine,0.10598285486443386,0.4809150717703348
6,NorthMacedonia,0.0,0.0
2,Spain,-0.04479166666666666,0.559375
31,Germany,-0.04479166666666666,0.559375
13,Georgia,0.05,0.1
36,Ukraine,0.05,0.1
17,Canada,0.22638888888888886,0.36031746031746037
2,Spain,0.05,0.1
13,Georgia,0.05,0.1
2,Spain,-0.30000000000000004,0.2
13,Georgia,-0.30000000000000004,0.2
2,Spain,-0.30000000000000004,0.2
13,Georgia,-0.30000000000000004,0.2
36,Ukraine,-0.031210021321961604,0.596730632551528
4,Australia,0.07333221551531412,0.49308629555108413
6,NorthMacedonia,0.0,0.0
13,Georgia,0.0,0.0
36,Ukraine,0.05,0.1
36,Ukraine,0.05,0.1
82,Sweden,0.05,0.1
13,Georgia,0.05,0.1
29,Ethiopia,0.0,0.0
4,Australia,0.05,0.1
36,Ukraine,0.05,0.1
36,Ukraine,0.0,0.0
53,Russia,0.0,0.0
62,Israel,0.0,0.0
5,Italy,0.0,0.0
36,Ukraine,0.0,0.0
13,Georgia,0.0,0.0
13,Georgia,0.30000000000000004,0.6285714285714286
1,Brazil,0.11875,0.56875
36,Ukraine,0.0,0.0
18,SouthAfrica,0.1875,0.38125
28,China,0.1875,0.38125
36,Ukraine,0.1875,0.38125
69,Africa,0.1875,0.38125
6,NorthMacedonia,0.0,0.0
124,Belarus,0.0,0.0
5,Italy,0.03718671679197995,0.3964285714285714
31,Germany,0.03718671679197995,0.3964285714285714
13,Georgia,0.0,0.0
6,NorthMacedonia,0.0,0.0
31,Germany,0.6200000000000001,0.53
13,Georgia,-0.05151515151515152,0.3856060606060607
13,Georgia,0.30000000000000004,0.6285714285714286
13,Georgia,0.055773809523809524,0.3360714285714286
53,Russia,0.055773809523809524,0.3360714285714286
13,Georgia,0.16193893825472772,0.31472431077694235
53,Russia,0.16193893825472772,0.31472431077694235
36,Ukraine,0.06345057720057719,0.4066901154401154
13,Georgia,0.055773809523809524,0.3360714285714286
13,Georgia,0.16193893825472772,0.31472431077694235
13,Georgia,0.05,0.1
16,Poland,0.7,1.0
13,Georgia,0.05,0.1
13,Georgia,0.0,0.0
13,Georgia,-0.16666666666666666,0.4222222222222222
6,NorthMacedonia,0.0,0.0
36,Ukraine,0.05,0.1
13,Georgia,0.1712121212121212,0.4919191919191919
36,Ukraine,0.16111111111111112,0.4222222222222222
36,Ukraine,0.05,0.1
36,Ukraine,0.3181818181818182,0.6717171717171717
4,Australia,0.06710365206688738,0.392688067651303
15,NewZealand,0.06710365206688738,0.392688067651303
36,Ukraine,0.06710365206688738,0.392688067651303
145,New,0.06710365206688738,0.392688067651303
23,India,0.28625,0.5974999999999999
13,Georgia,0.0,0.0
36,Ukraine,0.0,0.0
36,Ukraine,0.05,0.1
14,France,0.04035087719298247,0.46403508771929824
13,Georgia,-0.00019384623815003904,0.43599512302043936
13,Georgia,-0.01077248223474639,0.4364110103732747
13,Georgia,0.0,0.0
13,Georgia,0.2,0.30000000000000004
13,Georgia,0.0,0.0
16,Poland,0.26666666666666666,0.4666666666666666
13,Georgia,-0.10681818181818183,0.5636363636363636
14,France,0.19274891774891775,0.423051948051948
46,Serbia,0.19274891774891775,0.423051948051948
31,Germany,0.03181818181818182,0.3658730158730159
35,Thailand,0.0,0.0
6,NorthMacedonia,0.12291666666666666,0.48125
6,NorthMacedonia,0.13636363636363635,0.45454545454545453
13,Georgia,0.0,0.0
13,Georgia,0.009999999999999992,0.473452380952381
33,Belgium,0.05,0.1
36,Ukraine,0.05,0.1
9,Colombia,0.0,0.0
59,United,0.05208333333333333,0.7076388888888888
59,United,-0.184375,0.33749999999999997
16,Poland,0.0,0.0
16,Poland,0.0,0.0
36,Ukraine,0.04329004329004329,0.5250647228588405
19,Nigeria,0.05,0.1
36,Ukraine,0.05,0.1
1,Brazil,0.28625,0.5974999999999999
36,Ukraine,-0.05709366391184572,0.4918388429752065
16,Poland,-0.07583333333333332,0.5266666666666666
59,United,-0.013234629294755877,0.4933519188266025
59,United,-0.012347647392290249,0.49232568027210893
59,United,-0.010199175824175828,0.5054461741961743
43,Ireland,0.13999999999999999,0.38
36,Ukraine,0.5,0.5
36,Ukraine,-0.02613636363636365,0.35157828282828274
16,Poland,0.02246599055066799,0.45400875110552535
16,Poland,0.12857142857142856,0.511904761904762
36,Ukraine,0.054166666666666696,0.575
59,United,0.054166666666666696,0.575
16,Poland,-0.008333333333333338,0.48333333333333334
16,Poland,-0.05,0.43333333333333335
1,Brazil,0.1774327122153209,0.5447204968944099
16,Poland,0.0,0.0
16,Poland,0.29214285714285715,0.6964285714285714
23,India,0.09583333333333333,0.4291666666666667
36,Ukraine,-0.061072261072261075,0.43916083916083914
6,NorthMacedonia,0.08166666666666667,0.3401190476190476
6,NorthMacedonia,0.19166666666666668,0.5694444444444444
11,Philippines,0.23200000000000004,0.5119999999999999
11,Philippines,0.08181818181818182,0.45303030303030306
11,Philippines,0.16000000000000003,0.5887179487179487
11,Philippines,0.3885416666666667,0.6041666666666667
10,Taiwan,0.2903030303030303,0.4154545454545454
11,Philippines,0.024999999999999994,0.6666666666666667
36,Ukraine,0.05,0.1
36,Ukraine,0.075,0.38416666666666666
5,Italy,0.0,0.5
9,Colombia,0.07785087719298248,0.5106704260651629
1,Brazil,0.08044400044400045,0.455124135124135
3,SouthKorea,0.0,0.5
36,Ukraine,0.0,0.5
36,Ukraine,0.0,0.0
23,India,0.05,0.1
59,United,0.0,0.0
59,United,0.0,0.0
59,United,0.5,0.5
11,Philippines,0.3885416666666667,0.6041666666666667
31,Germany,-0.12847619047619047,0.5041904761904762
6,NorthMacedonia,-0.024821428571428567,0.41946428571428573
9,Colombia,0.19999999999999998,0.6944444444444443
32,Venezuela,0.19999999999999998,0.6944444444444443
36,Ukraine,0.075,0.38416666666666666
36,Ukraine,-0.040354978354978366,0.4842380952380953
23,India,0.225,0.5314814814814816
5,Italy,-0.2,0.0
11,Philippines,0.15773809523809523,0.5535714285714285
8,Argentina,0.5633333333333334,0.9533333333333333
2,Spain,-0.08047619047619048,0.5857142857142856
2,Spain,0.5,0.5
50,Egypt,0.0,0.0
11,Philippines,-0.20833333333333334,0.725
11,Philippines,-0.25,0.9
11,Philippines,-0.25,0.9
11,Philippines,0.41874999999999996,0.5687500000000001
11,Philippines,0.25,0.4904761904761905
8,Argentina,0.09806244260789719,0.3990128558310377
11,Philippines,0.004761904761904768,0.6166666666666666
4,Australia,0.0,0.0
23,India,0.0,0.0
36,Ukraine,0.05,0.1
11,Philippines,-0.25,0.9
23,India,-0.2,0.4
11,Philippines,0.20625,0.5017857142857143
36,Ukraine,0.0,0.0
59,United,0.0,0.0
13,Georgia,0.0,0.0
13,Georgia,0.0,0.0
16,Poland,0.0,0.0
5,Italy,0.04287414965986395,0.4898526077097505
5,Italy,0.04216317308422573,0.5013097136781346
4,Australia,0.13333333333333333,0.5
9,Colombia,0.14166666666666666,0.5416666666666666
36,Ukraine,0.0,0.0
36,Ukraine,0.05,0.1
62,Israel,0.05,0.1
23,India,0.4000000000000001,0.4666666666666666
31,Germany,0.12222222222222223,0.2777777777777778
36,Ukraine,0.12222222222222223,0.2777777777777778
36,Ukraine,0.05,0.1
9,Colombia,0.0,0.0
9,Colombia,0.0,0.0
9,Colombia,0.0,0.0
36,Ukraine,0.038257575757575754,0.4617174492174492
36,Ukraine,-0.01454545454545455,0.6424242424242423
33,Belgium,0.05,0.1
11,Philippines,0.05740740740740741,0.19814814814814816
11,Philippines,-0.15,0.625
11,Philippines,0.024999999999999994,0.6666666666666667
23,India,0.37142857142857144,0.6142857142857143
36,Ukraine,0.0,0.0
11,Philippines,0.0,0.0
11,Philippines,0.1761904761904762,0.46666666666666673
11,Philippines,0.06666666666666667,0.5666666666666667
36,Ukraine,0.05,0.1
9,Colombia,0.09375,0.625
36,Ukraine,0.0,0.0
59,United,0.10113636363636362,0.4
5,Italy,0.11205118411000763,0.6080977845683728
16,Poland,0.08333333333333333,0.3358333333333333
43,Ireland,0.0,0.0
59,United,-0.05,0.5625
50,Egypt,0.05,0.1
8,Argentina,0.16491228070175437,0.5666666666666665
0,USA,0.2857142857142857,0.5357142857142857
23,India,0.2857142857142857,0.5357142857142857
129,USA,0.2857142857142857,0.5357142857142857
5,Italy,0.14505494505494504,0.5412087912087912
9,Colombia,0.0,0.8125
59,United,0.13333333333333333,0.2333333333333333
13,Georgia,0.05,0.1
1,Brazil,0.04404761904761905,0.5130952380952382
9,Colombia,0.2,0.3
23,India,0.125,0.75
23,India,-0.0413003663003663,0.5647083685545223
36,Ukraine,0.05,0.1
23,India,0.32,0.4499999999999999
23,India,-0.0413003663003663,0.5647083685545223
23,India,0.25,0.3333333333333333
59,United,0.02882653061224491,0.3778061224489796
2,Spain,0.0,0.0
59,United,0.0,0.0
2,Spain,-0.5,1.0
59,United,-0.5,1.0
2,Spain,0.0,0.0
59,United,0.0,0.0
11,Philippines,-0.0037499999999999964,0.485
9,Colombia,0.0,0.0
9,Colombia,0.0,0.0
13,Georgia,0.05,0.1
59,United,0.05,0.1
13,Georgia,0.05,0.1
59,United,0.05,0.1
6,NorthMacedonia,0.0,0.0
59,United,-0.19013047138047137,0.5036405723905724
31,Germany,0.11543417366946782,0.4196498599439776
2,Spain,0.10906764330677375,0.483087604826735
9,Colombia,0.22762150728059816,0.5288646202282566
7,SriLanka,0.016666666666666666,0.6166666666666667
1,Brazil,0.0,0.0
1,Brazil,0.12472089314194575,0.5719298245614035
1,Brazil,0.0,0.0
9,Colombia,0.0,0.0
9,Colombia,0.0,0.0
9,Colombia,0.0,0.0
23,India,-0.003537414965986393,0.3720748299319728
23,India,0.0,0.0
4,Australia,0.0,0.0
44,Bolivia,0.05,0.1
36,Ukraine,0.0,0.0
59,United,0.0,0.0
59,United,0.44999999999999996,0.75
59,United,0.0,0.0
9,Colombia,0.2,0.2
36,Ukraine,0.05,0.1
9,Colombia,0.15000000000000002,0.575
9,Colombia,0.0153409090909091,0.5905303030303031
23,India,0.05,0.1
2,Spain,0.19318181818181818,0.41666666666666663
59,United,0.0,0.0
11,Philippines,-0.5,1.0
11,Philippines,-0.09722222222222225,0.6805555555555555
11,Philippines,-0.0875,0.3375
36,Ukraine,0.0,0.0
59,United,-0.15625,0.4694444444444444
59,United,0.2,0.2
9,Colombia,0.014052175894281156,0.28753892306523876
50,Egypt,0.02566964285714286,0.5484375
11,Philippines,-0.11704545454545456,0.49034090909090905
11,Philippines,-0.025178571428571418,0.5119047619047619
52,Jordan,0.05,0.1
36,Ukraine,0.05,0.1
11,Philippines,-0.0393939393939394,0.6833333333333333
26,Japan,0.05,0.1
36,Ukraine,0.05,0.1
59,United,-0.015625,0.22604166666666672
50,Egypt,0.05,0.1
50,Egypt,0.7,1.0
50,Egypt,0.05,0.1
50,Egypt,0.0,0.0
8,Argentina,0.19285714285714287,0.4964285714285714
9,Colombia,0.0,0.0
9,Colombia,0.1707070707070707,0.531060606060606
6,NorthMacedonia,0.0,0.0
59,United,0.14194444444444443,0.5263888888888889
41,Myanmar,0.0,0.0
59,United,-0.5,1.0
23,India,0.0,0.0
23,India,0.0,0.0
6,NorthMacedonia,0.0,0.0
36,Ukraine,0.04204545454545453,0.38181818181818183
36,Ukraine,-0.7142857142857143,0.8571428571428571
36,Ukraine,0.05,0.1
23,India,0.0,0.0
1,Brazil,0.0,0.0
59,United,0.0,0.0
59,United,3.700743415417188e-17,0.7555555555555555
9,Colombia,-1.0,1.0
23,India,0.21103896103896103,0.5178571428571428
49,Tunisia,0.05,0.1
49,Tunisia,0.05,0.1
49,Tunisia,0.05,0.1
49,Tunisia,0.05,0.1
49,Tunisia,0.05,0.1
23,India,0.0,0.0
59,United,0.0,0.0
23,India,0.05,0.1
23,India,0.0,0.0
23,India,0.10499999999999998,0.62
7,SriLanka,0.0,0.0
2,Spain,0.19285714285714287,0.4964285714285714
2,Spain,-0.042777777777777776,0.48888888888888893
50,Egypt,0.0,0.0
50,Egypt,0.0,1.0
50,Egypt,0.0,0.0
49,Tunisia,0.05,0.1
49,Tunisia,0.05,0.1
24,Indonesia,-0.0413003663003663,0.5647083685545223
23,India,0.05,0.1
50,Egypt,0.05,0.1
52,Jordan,0.05,0.1
50,Egypt,0.05,0.1
52,Jordan,0.05,0.1
50,Egypt,0.05,0.1
52,Jordan,0.05,0.1
50,Egypt,0.05,0.1
52,Jordan,0.05,0.1
50,Egypt,0.08162102924398008,0.41682819912328084
52,Jordan,0.08162102924398008,0.41682819912328084
50,Egypt,0.05,0.1
52,Jordan,0.05,0.1
59,United,0.0,0.0
5,Italy,0.1619047619047619,0.5142857142857143
16,Poland,0.0,0.0
16,Poland,0.0,0.0
6,NorthMacedonia,-0.0950280112044818,0.4432773109243697
23,India,0.018518518518518514,0.39814814814814814
23,India,0.018518518518518514,0.39814814814814814
23,India,0.018518518518518514,0.39814814814814814
23,India,-0.4,0.6
11,Philippines,0.0,0.0
11,Philippines,0.09866071428571427,0.42038690476190477
11,Philippines,0.25,0.2833333333333333
36,Ukraine,0.05,0.1
23,India,0.0,0.0
23,India,0.04876543209876543,0.38112874779541456
30,Kenya,-0.5,1.0
69,Africa,-0.5,1.0
9,Colombia,0.0,0.0
23,India,0.05,0.1
11,Philippines,-0.0625,0.3125
36,Ukraine,0.05,0.1
23,India,-0.3,0.4
9,Colombia,0.16666666666666666,0.6
63,Ecuador,0.16666666666666666,0.6
9,Colombia,-0.2333333333333333,0.5
63,Ecuador,-0.2333333333333333,0.5
23,India,0.05,0.1
1,Brazil,0.0,0.0
1,Brazil,0.35833333333333334,0.5
59,United,0.10625607385811466,0.4481851311953352
1,Brazil,0.0,0.0
5,Italy,0.4,0.55
36,Ukraine,0.081,0.5066666666666666
59,United,0.05,0.1
23,India,0.2,0.4
29,Ethiopia,0.5,0.5
59,United,0.023214285714285715,0.25982142857142854
84,Netherlands,0.3273809523809524,0.5488095238095237
84,Netherlands,0.016666666666666677,0.875
1,Brazil,0.5866666666666668,0.8466666666666667
23,India,0.0,0.0
59,United,0.0625,0.5
23,India,0.058465608465608464,0.516633597883598
23,India,0.0,0.0
23,India,0.01571750321750321,0.5720012870012869
23,India,0.007585978835978833,0.6081878306878308
23,India,-0.018567323481116598,0.552208538587849
36,Ukraine,0.05,0.1
30,Kenya,-0.19864718614718616,0.36731601731601726
69,Africa,-0.19864718614718616,0.36731601731601726
81,SouthSudan,-0.19864718614718616,0.36731601731601726
96,Sudan,-0.19864718614718616,0.36731601731601726
103,EastAfrica,-0.19864718614718616,0.36731601731601726
30,Kenya,0.12106060606060605,0.3528787878787879
69,Africa,0.12106060606060605,0.3528787878787879
81,SouthSudan,0.12106060606060605,0.3528787878787879
96,Sudan,0.12106060606060605,0.3528787878787879
103,EastAfrica,0.12106060606060605,0.3528787878787879
30,Kenya,0.27166666666666667,0.45
69,Africa,0.27166666666666667,0.45
81,SouthSudan,0.27166666666666667,0.45
96,Sudan,0.27166666666666667,0.45
103,EastAfrica,0.27166666666666667,0.45
59,United,0.13333333333333333,0.4333333333333333
67,UnitedKingdom,0.13333333333333333,0.4333333333333333
23,India,-0.07203703703703704,0.42962962962962964
77,Peru,0.08677579365079367,0.3912896825396825
86,Denmark,0.11416666666666667,0.41666666666666663
23,India,0.05,0.1
23,India,0.05,0.1
9,Colombia,0.044166666666666674,0.5216666666666667
76,BosniaandHerzegovina,-0.5,0.5
41,Myanmar,-0.0016754850088183547,0.3400352733686067
16,Poland,0.32,0.36111111111111116
16,Poland,0.32,0.36111111111111116
23,India,0.0,0.0
7,SriLanka,0.0,0.0
11,Philippines,-0.1,0.4
2,Spain,-0.011237373737373737,0.5278198653198654
23,India,0.0,0.0
59,United,0.09037268287268285,0.5407371332371331
59,United,0.23750000000000002,0.55
59,United,0.0,0.0
16,Poland,0.0,0.0
59,United,0.25,0.3625
5,Italy,0.8,0.75
14,France,0.0,0.0
50,Egypt,0.05,0.1
52,Jordan,0.05,0.1
50,Egypt,0.05,0.1
52,Jordan,0.05,0.1
50,Egypt,0.05,0.1
52,Jordan,0.05,0.1
50,Egypt,0.05,0.1
52,Jordan,0.05,0.1
36,Ukraine,0.05,0.1
23,India,0.0,0.0
7,SriLanka,0.0,0.125
23,India,0.0,0.0
33,Belgium,0.05,0.1
36,Ukraine,0.05,0.1
88,Madagascar,0.05,0.1
23,India,0.05,0.1
23,India,0.0,0.0
76,BosniaandHerzegovina,-0.1,0.5366666666666667
59,United,0.6000000000000001,0.9
23,India,0.05476190476190477,0.7126984126984127
23,India,0.0,0.0
59,United,0.0,0.0
59,United,0.0,0.0
49,Tunisia,0.05,0.1
50,Egypt,0.05,0.1
52,Jordan,0.05,0.1
41,Myanmar,0.05,0.1
41,Myanmar,0.5,0.5
23,India,0.05,0.1
23,India,0.37857142857142856,0.6857142857142857
59,United,0.16720779220779222,0.5116883116883117
1,Brazil,0.05,0.1
86,Denmark,0.05,0.1
86,Denmark,0.0,0.0
23,India,0.05,0.1
23,India,0.08755102040816326,0.4649659863945578
50,Egypt,0.0,0.0
52,Jordan,0.0,0.0
50,Egypt,0.0,0.0
52,Jordan,0.0,0.0
59,United,0.15000000000000002,0.6
61,Portugal,0.3333333333333333,0.4523809523809524
59,United,0.0,0.0
16,Poland,-0.5029761904761905,0.6785714285714286
41,Myanmar,0.05,0.1
7,SriLanka,0.0,0.0
7,SriLanka,0.05,0.1
59,United,0.08677579365079367,0.3912896825396825
16,Poland,0.0,0.0
59,United,0.05,0.1
59,United,0.0,1.0
14,France,-0.03333333333333332,0.5694444444444445
5,Italy,0.0,0.0
7,SriLanka,0.12374999999999996,0.6100000000000001
23,India,-0.029104683195592288,0.48126721763085417
5,Italy,0.05,0.1
14,France,0.05,0.1
5,Italy,0.05,0.1
14,France,0.05,0.1
7,SriLanka,0.0,0.0
59,United,-0.8,0.8
23,India,0.0,0.0
23,India,0.0,0.0
59,United,-0.1,0.6
23,India,0.3,0.1
14,France,0.0,0.0
5,Italy,0.09432772733657689,0.48094305890766076
59,United,-0.5,1.0
41,Myanmar,0.0,0.0
9,Colombia,0.027272727272727258,0.6615151515151515
59,United,-0.04896694214876034,0.4704545454545455
59,United,0.009787622771493738,0.5062660010240655
11,Philippines,-0.0625,0.3125
11,Philippines,0.08522727272727272,0.5465909090909091
19,Nigeria,0.0,0.0
5,Italy,0.05,0.1
41,Myanmar,0.0,0.0
7,SriLanka,0.0,0.0
7,SriLanka,0.11363636363636363,0.5227272727272727
59,United,0.18474025974025973,0.5205988455988455
23,India,0.05,0.1
23,India,0.05,0.1
5,Italy,0.31863636363636366,0.4337878787878788
41,Myanmar,0.05,0.1
41,Myanmar,0.0,0.0
23,India,0.05,0.1
23,India,0.0,0.0
7,SriLanka,0.0,0.0
9,Colombia,0.11666666666666667,0.5166666666666667
13,Georgia,-0.13333333333333333,0.6
59,United,0.3333333333333333,0.5333333333333333
23,India,0.2545454545454546,0.4117424242424242
23,India,0.1601190476190476,0.6035714285714285
5,Italy,0.0,0.0
1,Brazil,0.054545454545454536,0.575
59,United,0.13000000000000003,0.705
67,UnitedKingdom,0.13000000000000003,0.705
59,United,0.0,0.0
59,United,0.0,0.0
23,India,0.0,0.0
13,Georgia,0.0,0.0
36,Ukraine,0.0,0.0
23,India,0.0,0.0
23,India,0.0,0.0
23,India,0.1601190476190476,0.6035714285714285
23,India,0.05,0.1
23,India,0.24666666666666667,0.2533333333333333
19,Nigeria,-0.103125,0.221875
7,SriLanka,0.0,0.0
59,United,0.0,0.0
59,United,0.05,0.1
59,United,0.2,0.5
59,United,0.0,0.0
86,Denmark,0.06763636363636362,0.5653939393939392
86,Denmark,0.06763636363636362,0.5653939393939392
86,Denmark,0.05,0.1
11,Philippines,0.090689503732982,0.33769880481837006
59,United,0.1001818783068783,0.5283840388007054
59,United,0.08734737484737486,0.4707163207163208
59,United,0.09016369047619047,0.46394841269841275
59,United,0.08734737484737486,0.4707163207163208
59,United,0.65,0.65
67,UnitedKingdom,0.65,0.65
59,United,0.0,0.0
59,United,0.09553030303030305,0.5128030303030303
23,India,0.0,0.0
59,United,-0.16666666666666666,0.3
59,United,-0.024999999999999994,0.4722222222222222
59,United,-0.5,0.9
7,SriLanka,0.05,0.1
59,United,0.08734737484737486,0.4707163207163208
23,India,-0.10984848484848485,0.3810606060606061
7,SriLanka,0.0,0.0
7,SriLanka,0.11363636363636363,0.5227272727272727
59,United,-0.44999999999999996,0.3333333333333333
59,United,-0.2,0.40625
23,India,0.4,0.4821428571428571
59,United,0.08472222222222224,0.3430555555555555
59,United,-0.5,1.0
18,SouthAfrica,0.08472222222222224,0.3430555555555555
69,Africa,0.08472222222222224,0.3430555555555555
59,United,0.5,0.8888888888888888
59,United,0.075,0.28750000000000003
59,United,0.1578512396694215,0.4969696969696969
23,India,-0.13901515151515154,0.47777777777777775
23,India,0.05,0.1
59,United,0.0,0.0
59,United,0.0,0.0
23,India,0.0,0.0
23,India,0.0,0.0
23,India,0.0,0.0
36,Ukraine,0.09941077441077441,0.6462962962962963
7,SriLanka,0.05,0.1
7,SriLanka,0.0,0.0
59,United,0.06818181818181818,0.25
59,United,0.0,0.0
23,India,0.25,0.25
30,Kenya,0.0,0.0
59,United,-0.6,0.8
67,UnitedKingdom,-0.6,0.8
13,Georgia,0.08962962962962964,0.4408465608465608
13,Georgia,0.0,0.0
13,Georgia,0.21525252525252528,0.5434343434343435
14,France,0.2,0.1
14,France,0.0,0.0
14,France,-0.02,0.5370833333333334
45,Singapore,-0.10166666666666668,0.29
8,Argentina,0.05,0.1
23,India,-0.17799999999999996,0.38133333333333336
59,United,0.35,0.65
23,India,0.0,1.0
41,Myanmar,0.05,0.1
18,SouthAfrica,0.0,0.0
69,Africa,0.0,0.0
133,SouthernAfrica,0.0,0.0
18,SouthAfrica,0.1,0.4
69,Africa,0.1,0.4
133,SouthernAfrica,0.1,0.4
23,India,0.05,0.1
5,Italy,-0.02,0.5370833333333334
7,SriLanka,0.05,0.1
7,SriLanka,-0.3625,0.6375
23,India,0.0,0.0
23,India,-0.17799999999999996,0.38133333333333336
11,Philippines,0.00018939393939393536,0.49444444444444446
23,India,0.05,0.1
23,India,0.0,0.0
23,India,-0.17799999999999996,0.38133333333333336
18,SouthAfrica,0.0,0.0
69,Africa,0.0,0.0
59,United,0.5,0.5
67,UnitedKingdom,0.5,0.5
59,United,0.0,0.0
59,United,0.09037268287268285,0.5407371332371331
59,United,0.4722727272727273,0.6575757575757576
59,United,0.11055096418732782,0.39840220385674924
23,India,0.05,0.1
11,Philippines,-0.029999999999999992,0.24000000000000005
11,Philippines,0.06666666666666667,0.3666666666666667
11,Philippines,0.31212121212121213,0.5333333333333333
23,India,0.05,0.1
23,India,0.05,0.1
18,SouthAfrica,0.0,0.0
69,Africa,0.0,0.0
59,United,0.02165178571428572,0.3841517857142857
11,Philippines,0.0,0.0
59,United,0.5,0.5
67,UnitedKingdom,0.5,0.5
59,United,-0.11111111111111112,0.36277777777777775
23,India,0.2791746735649175,0.4573208634184244
59,United,-0.45,1.0
59,United,0.0,0.0
59,United,0.0,0.0
59,United,-0.6999999999999998,0.6666666666666666
9,Colombia,0.0875,0.1625
23,India,0.05,0.1
18,SouthAfrica,0.05,0.1
69,Africa,0.05,0.1
18,SouthAfrica,-0.1388888888888889,0.3222222222222222
69,Africa,-0.1388888888888889,0.3222222222222222
18,SouthAfrica,-0.1388888888888889,0.3222222222222222
69,Africa,-0.1388888888888889,0.3222222222222222
18,SouthAfrica,0.028888888888888863,0.3777777777777778
69,Africa,0.028888888888888863,0.3777777777777778
23,India,0.06934893731503902,0.45525165042114196
8,Argentina,0.05,0.1
75,Mali,-0.3,0.4
75,Mali,0.22727272727272727,0.5454545454545454
59,United,0.08734737484737486,0.4707163207163208
57,Syria,0.05,0.1
57,Syria,0.05,0.1
59,United,0.0,0.0
23,India,0.0,0.0
23,India,0.19999999999999998,0.3625
23,India,0.0,0.0
7,SriLanka,0.03333333333333333,0.06666666666666667
59,United,0.04821428571428571,0.5388392857142857
59,United,0.04821428571428571,0.5388392857142857
2,Spain,0.0,0.0
23,India,0.0,0.0
59,United,0.0,0.0
80,UnitedArabEmirates,0.0,0.0
36,Ukraine,0.05,0.1
36,Ukraine,-0.07222222222222223,0.6333333333333333
23,India,0.0,0.0
23,India,0.0,0.0
11,Philippines,0.5,0.5
7,SriLanka,0.0,0.0
7,SriLanka,-0.2916666666666667,0.5416666666666666
59,United,-0.11111111111111112,0.36277777777777775
59,United,0.0,0.0
59,United,0.0,0.0
59,United,0.3833333333333333,0.6
23,India,0.2208333333333333,0.7416666666666667
11,Philippines,0.024999999999999994,0.6666666666666667
59,United,-0.062037037037037036,0.502962962962963
59,United,0.13210524699886403,0.4076916582235732
59,United,0.0,0.0
11,Philippines,0.0387396694214876,0.5607782369146005
11,Philippines,-0.23392857142857146,0.5226190476190476
59,United,0.25625,0.68125
59,United,0.16233766233766236,0.4363636363636364
5,Italy,0.23541666666666666,0.5552083333333333
5,Italy,-0.08464912280701756,0.5473684210526316
59,United,0.27,0.41
2,Spain,0.19285714285714284,0.6224489795918366
50,Egypt,0.0,0.0
59,United,0.06666666666666667,0.4916666666666667
67,UnitedKingdom,0.06666666666666667,0.4916666666666667
41,Myanmar,0.05,0.1
69,Africa,0.5,0.6
99,Rwanda,0.5,0.6
103,EastAfrica,0.5,0.6
69,Africa,-0.04999999999999996,0.8166666666666667
99,Rwanda,-0.04999999999999996,0.8166666666666667
103,EastAfrica,-0.04999999999999996,0.8166666666666667
23,India,0.0,0.0
23,India,0.05,0.1
23,India,0.05,0.1
23,India,0.0,0.0
14,France,0.0,0.0
78,Ghana,-0.1277777777777778,0.29444444444444445
78,Ghana,0.2375,0.4458333333333333
59,United,-0.06103896103896104,0.6012987012987013
30,Kenya,0.0,0.0
23,India,0.0,0.0
24,Indonesia,0.21977272727272723,0.53
23,India,0.195,0.47000000000000003
23,India,0.0,0.0
93,Croatia,0.03502808458415933,0.4762316759045731
59,United,0.0,0.03333333333333333
23,India,0.0,0.0
59,United,-0.15,0.2
67,UnitedKingdom,-0.15,0.2
11,Philippines,0.008333333333333333,0.016666666666666666
36,Ukraine,-0.03229166666666669,0.3385416666666667
61,Portugal,0.0,0.0
41,Myanmar,0.0,0.0
41,Myanmar,0.05,0.1
41,Myanmar,0.05,0.1
59,United,0.05,0.1
59,United,0.7,0.6000000000000001
59,United,-0.25,0.8
11,Philippines,0.0,0.06666666666666667
23,India,0.05,0.1
19,Nigeria,0.225,0.26666666666666666
69,Africa,0.225,0.26666666666666666
85,WestAfrica,0.225,0.26666666666666666
19,Nigeria,-0.03725490196078431,0.2803921568627451
69,Africa,-0.03725490196078431,0.2803921568627451
85,WestAfrica,-0.03725490196078431,0.2803921568627451
23,India,0.195,0.47000000000000003
23,India,0.0,0.0
23,India,0.05,0.1
23,India,0.0,0.0
23,India,0.05,0.1
23,India,0.0,0.0
50,Egypt,0.30000000000000004,0.65
50,Egypt,0.1975,0.6875
23,India,0.0,0.0
30,Kenya,0.0,0.0
72,Tanzania,0.0,0.0
73,Uganda,0.0,0.0
23,India,0.0,0.0
31,Germany,0.0,0.5
31,Germany,0.06666666666666667,0.39999999999999997
50,Egypt,0.0,0.0
57,Syria,0.0,0.0
53,Russia,0.05,0.1
83,Kazakhstan,0.05,0.1
130,Kyrgyzstan,0.05,0.1
9,Colombia,0.7,0.9
2,Spain,0.4,0.52
8,Argentina,0.4,0.52
23,India,0.0,0.0
41,Myanmar,0.0,0.0
30,Kenya,0.12666666666666665,0.4133333333333334
78,Ghana,0.0,0.0
59,United,0.08236359736359734,0.3942021242021241
59,United,0.08548691369792286,0.39111627414379696
23,India,0.05,0.1
59,United,-0.07999999999999999,0.605
23,India,0.0,0.0
59,United,0.03333333333333333,0.06666666666666667
23,India,0.0,0.0
25,MiddleEast,0.0,0.0
69,Africa,0.0,0.0
95,NorthAfrica,0.0,0.0
25,MiddleEast,0.0,0.0
69,Africa,0.0,0.0
95,NorthAfrica,0.0,0.0
25,MiddleEast,0.05,0.1
69,Africa,0.05,0.1
95,NorthAfrica,0.05,0.1
25,MiddleEast,0.0,0.0
69,Africa,0.0,0.0
95,NorthAfrica,0.0,0.0
25,MiddleEast,0.5499999999999999,0.6611111111111111
69,Africa,0.5499999999999999,0.6611111111111111
95,NorthAfrica,0.5499999999999999,0.6611111111111111
25,MiddleEast,0.2833333333333333,0.5777777777777778
69,Africa,0.2833333333333333,0.5777777777777778
95,NorthAfrica,0.2833333333333333,0.5777777777777778
23,India,0.0,0.0
59,United,-0.14444444444444443,0.4878968253968254
7,SriLanka,0.0,0.0
36,Ukraine,0.25,0.33125
59,United,0.25,0.33125
36,Ukraine,0.05,0.1
24,Indonesia,0.3,0.5
36,Ukraine,0.06629945286195288,0.36050350112850116
59,United,-0.13518518518518519,0.5407407407407407
59,United,-0.25,0.4444444444444444
23,India,0.09391534391534391,0.4198412698412699
21,Malaysia,-0.16944444444444443,0.47222222222222215
21,Malaysia,0.033333333333333326,0.43333333333333335
1,Brazil,-0.30000000000000004,0.475
59,United,0.1,0.2
69,Africa,0.1,0.2
85,WestAfrica,0.1,0.2
59,United,0.06703042328042327,0.38161375661375657
10,Taiwan,0.0,0.0
23,India,0.0,0.0
84,Netherlands,-0.007803030303030303,0.4245454545454546
84,Netherlands,0.85,1.0
84,Netherlands,0.03371944895382395,0.29507012085137085
7,SriLanka,0.05,0.1
7,SriLanka,0.05,0.1
23,India,-0.42840909090909085,0.48863636363636365
30,Kenya,0.05,0.1
7,SriLanka,0.0,0.0
23,India,0.0,0.0
5,Italy,0.0,0.8125
9,Colombia,0.0,0.8125
63,Ecuador,0.0,0.8125
7,SriLanka,0.0,0.0
59,United,0.45,0.8500000000000001
86,Denmark,-0.7142857142857143,0.8571428571428571
9,Colombia,-0.028571428571428577,0.47142857142857136
23,India,0.11249999999999999,0.2375
23,India,0.05,0.1
23,India,0.05,0.1
59,United,0.0,0.0
89,Algeria,0.05,0.1
89,Algeria,0.05,0.1
9,Colombia,0.22499999999999998,0.825
59,United,0.062499999999999986,0.7125
67,UnitedKingdom,0.062499999999999986,0.7125
14,France,0.05,0.8
23,India,0.05,0.1
59,United,-0.004383116883116882,0.33896103896103896
14,France,-0.2916666666666667,0.5416666666666666
23,India,0.0,0.0
23,India,0.05,0.1
7,SriLanka,0.05,0.1
23,India,0.0,0.0
23,India,0.5,0.5
23,India,-0.033333333333333326,0.7999999999999999
23,India,0.05,0.1
23,India,0.020833333333333332,0.2916666666666667
23,India,0.05,0.1
59,United,-0.2916666666666667,0.5416666666666666
23,India,0.0,0.0
7,SriLanka,0.011111111111111112,0.5222222222222223
25,MiddleEast,0.25,0.3333333333333333
69,Africa,0.25,0.3333333333333333
95,NorthAfrica,0.25,0.3333333333333333
25,MiddleEast,0.0,0.0
69,Africa,0.0,0.0
95,NorthAfrica,0.0,0.0
25,MiddleEast,0.05,0.1
69,Africa,0.05,0.1
95,NorthAfrica,0.05,0.1
25,MiddleEast,0.05,0.1
69,Africa,0.05,0.1
95,NorthAfrica,0.05,0.1
4,Australia,0.85,1.0
59,United,0.0,0.0
59,United,0.0,0.0
30,Kenya,0.0982142857142857,0.31170634920634915
59,United,0.0982142857142857,0.31170634920634915
23,India,0.0,0.0
23,India,-0.25,0.5
23,India,0.016161616161616155,0.5986868686868687
7,SriLanka,0.0,0.0
23,India,0.0,0.0
7,SriLanka,0.12222222222222223,0.29791666666666666
7,SriLanka,0.17222222222222222,0.3944444444444445
23,India,0.02380952380952381,0.1728937728937729
59,United,0.3,0.465
59,United,0.16233766233766236,0.4363636363636364
23,India,0.0,0.0
78,Ghana,0.0,0.0
41,Myanmar,0.0,0.0
59,United,-0.19216269841269842,0.6564484126984127
4,Australia,0.35,0.55
59,United,0.23863636363636365,0.43939393939393934
67,UnitedKingdom,0.23863636363636365,0.43939393939393934
59,United,0.3637626262626263,0.6505050505050504
67,UnitedKingdom,0.3637626262626263,0.6505050505050504
59,United,0.3637626262626263,0.6505050505050504
67,UnitedKingdom,0.3637626262626263,0.6505050505050504
59,United,0.09753787878787878,0.3292929292929293
67,UnitedKingdom,0.09753787878787878,0.3292929292929293
73,Uganda,0.0,0.0
23,India,0.03333333333333332,0.24999999999999997
59,United,0.0,0.0
59,United,0.7,0.6000000000000001
23,India,-0.1,0.1
7,SriLanka,0.0,0.0
23,India,0.0,0.0
7,SriLanka,0.8,1.0
23,India,0.8,1.0
59,United,0.16233766233766236,0.4363636363636364
23,India,-0.05000000000000002,0.6
36,Ukraine,0.0735210453960454,0.39484175734175736
23,India,-0.022222222222222227,0.45555555555555555
41,Myanmar,0.0,0.0
23,India,0.05,0.1
59,United,-0.009469696969696966,0.5271645021645023
23,India,0.22500000000000003,0.7208333333333333
23,India,0.25,0.25
23,India,0.05,0.1
23,India,0.04999999999999999,0.8
23,India,0.22500000000000003,0.7208333333333333
41,Myanmar,0.0,0.0
41,Myanmar,0.0,0.0
59,United,0.21977272727272723,0.53
59,United,0.25069444444444444,0.4979166666666666
59,United,-0.25,0.5
67,UnitedKingdom,-0.25,0.5
59,United,0.0,1.0
67,UnitedKingdom,0.0,1.0
1,Brazil,0.2857142857142857,0.5357142857142857
23,India,0.05,0.1
59,United,0.016666666666666666,0.06666666666666667
59,United,0.0,0.0
6,NorthMacedonia,0.4000000000000001,0.6333333333333334
23,India,0.05,0.1
7,SriLanka,-0.25,0.125
23,India,-0.25,0.125
41,Myanmar,-0.25,0.125
7,SriLanka,0.4,0.4083333333333333
23,India,0.4,0.4083333333333333
41,Myanmar,0.4,0.4083333333333333
7,SriLanka,0.05,0.1
23,India,0.05,0.1
41,Myanmar,0.05,0.1
10,Taiwan,0.2205128205128205,0.47014652014652014
7,SriLanka,-0.05833333333333335,0.3833333333333333
7,SriLanka,-0.050512820512820515,0.5564102564102564
36,Ukraine,0.05,0.1
25,MiddleEast,0.7,0.6000000000000001
69,Africa,0.7,0.6000000000000001
95,NorthAfrica,0.7,0.6000000000000001
5,Italy,0.75,0.7375
5,Italy,0.19318181818181818,0.4772727272727273
23,India,0.0,0.0
23,India,0.05,0.1
25,MiddleEast,0.05,0.1
69,Africa,0.05,0.1
95,NorthAfrica,0.05,0.1
23,India,-0.075,0.23125
41,Myanmar,0.05,0.1
12,Mexico,0.0,0.0
59,United,0.2,0.50625
30,Kenya,0.10892857142857142,0.4571428571428572
23,India,0.16666666666666666,0.5666666666666668
23,India,-0.2,0.0
23,India,0.0,0.0
23,India,0.0,0.0
23,India,0.05,0.1
59,United,0.375,0.875
14,France,0.029596273291925452,0.4558117003769178
41,Myanmar,-0.15555555555555559,0.2888888888888889
41,Myanmar,0.05,0.1
41,Myanmar,0.0,0.0
41,Myanmar,0.05,0.1
41,Myanmar,0.0,0.0
41,Myanmar,0.0,0.0
59,United,-0.1,0.1
23,India,0.16666666666666666,0.5666666666666668
9,Colombia,0.0,0.0
19,Nigeria,0.35000000000000003,0.7261904761904762
18,SouthAfrica,0.06284722222222222,0.29201388888888885
30,Kenya,0.06284722222222222,0.29201388888888885
69,Africa,0.06284722222222222,0.29201388888888885
19,Nigeria,0.35000000000000003,0.7261904761904762
41,Myanmar,0.05,0.1
23,India,-0.014401515151515148,0.6139999999999999
41,Myanmar,0.0,0.0
78,Ghana,0.5,0.625
59,United,0.0,0.0
23,India,-0.06666666666666665,0.6083333333333334
23,India,0.21368055555555557,0.5724305555555556
23,India,0.0,0.0
19,Nigeria,0.2333333333333333,0.7333333333333334
19,Nigeria,0.08541666666666665,0.5095238095238096
19,Nigeria,0.09999999999999998,0.48333333333333334
25,MiddleEast,0.05,0.1
69,Africa,0.05,0.1
95,NorthAfrica,0.05,0.1
23,India,0.5,0.5
23,India,0.375,0.75
59,United,0.0,0.0
59,United,0.0,0.05
59,United,0.5,0.5
67,UnitedKingdom,0.5,0.5
59,United,0.0,0.0
36,Ukraine,-0.08134920634920635,0.7182946682946683
59,United,-0.019999999999999997,0.3826666666666666
41,Myanmar,0.05,0.1
36,Ukraine,0.10486111111111111,0.3867063492063492
23,India,0.1076530612244898,0.4520408163265306
23,India,0.07532467532467535,0.562049062049062
23,India,0.23737373737373735,0.5060606060606061
23,India,0.0,0.4
23,India,0.65,0.75
7,SriLanka,0.0,0.0
23,India,0.0,0.0
41,Myanmar,0.0,0.0
41,Myanmar,0.05000000000000001,0.6333333333333334
23,India,-0.075,0.23125
23,India,0.033333333333333326,0.16666666666666666
35,Thailand,0.0,0.0
9,Colombia,0.0,0.0
23,India,0.07532467532467535,0.562049062049062
50,Egypt,0.5,0.5
59,United,0.5,0.5
80,UnitedArabEmirates,0.5,0.5
106,Qatar,0.5,0.5
50,Egypt,0.05,0.1
59,United,0.05,0.1
80,UnitedArabEmirates,0.05,0.1
106,Qatar,0.05,0.1
50,Egypt,0.05,0.1
59,United,0.05,0.1
80,UnitedArabEmirates,0.05,0.1
106,Qatar,0.05,0.1
50,Egypt,0.07321428571428572,0.19642857142857142
59,United,0.07321428571428572,0.19642857142857142
80,UnitedArabEmirates,0.07321428571428572,0.19642857142857142
106,Qatar,0.07321428571428572,0.19642857142857142
7,SriLanka,0.05,0.1
23,India,0.05,0.1
35,Thailand,0.0,0.0
59,United,0.7,0.6000000000000001
67,UnitedKingdom,0.7,0.6000000000000001
59,United,0.05,0.1
59,United,0.0,0.0
5,Italy,0.0,0.0
59,United,0.13246753246753246,0.39935064935064934
50,Egypt,0.05,0.1
107,Oman,0.05,0.1
23,India,0.375,0.75
7,SriLanka,0.16208333333333333,0.5191666666666668
7,SriLanka,0.04602272727272727,0.586195286195286
30,Kenya,-0.21666666666666667,0.875
7,SriLanka,0.10952380952380952,0.28690476190476194
11,Philippines,0.10952380952380952,0.28690476190476194
7,SriLanka,0.1514285714285714,0.3242857142857143
11,Philippines,0.1514285714285714,0.3242857142857143
59,United,0.0,0.0
67,UnitedKingdom,0.0,0.0
11,Philippines,-0.041666666666666664,0.42407407407407405
23,India,0.35,0.65
23,India,0.0,0.3333333333333333
7,SriLanka,0.0,0.0
23,India,0.0,0.0
41,Myanmar,0.0,0.0
30,Kenya,0.0,0.0
69,Africa,0.0,0.0
103,EastAfrica,0.0,0.0
133,SouthernAfrica,0.0,0.0
30,Kenya,0.5,0.9
69,Africa,0.5,0.9
103,EastAfrica,0.5,0.9
133,SouthernAfrica,0.5,0.9
59,United,0.30000000000000004,0.75
23,India,0.28367346938775506,0.41581632653061223
4,Australia,0.0472222222222222,0.25277777777777777
59,United,0.05,0.1
6,NorthMacedonia,0.0,0.0
6,NorthMacedonia,0.0,0.0
59,United,0.0,0.0
59,United,0.35,0.55
4,Australia,0.05,0.1
4,Australia,0.08333333333333333,0.4166666666666667
24,Indonesia,-0.09897959183673469,0.5102040816326531
59,United,0.0,0.0
4,Australia,0.052719047619047624,0.4200952380952381
23,India,0.0,0.0
59,United,0.0,0.0
59,United,0.0,0.0
7,SriLanka,0.0,0.0
7,SriLanka,0.0,0.0
19,Nigeria,0.06666666666666667,0.26666666666666666
30,Kenya,0.06666666666666667,0.26666666666666666
23,India,0.0,0.06666666666666667
11,Philippines,-0.0413003663003663,0.5647083685545223
23,India,0.033333333333333354,0.6833333333333333
23,India,-0.3833333333333333,0.8611111111111112
25,MiddleEast,0.2525058275058275,0.5060023310023309
69,Africa,0.2525058275058275,0.5060023310023309
95,NorthAfrica,0.2525058275058275,0.5060023310023309
25,MiddleEast,0.0,0.0
69,Africa,0.0,0.0
95,NorthAfrica,0.0,0.0
59,United,0.35,0.4
59,United,-0.012500000000000004,0.3375
93,Croatia,0.04090909090909091,0.4151515151515151
59,United,-0.20000000000000004,0.8
59,United,-0.3,0.2638888888888889
23,India,0.3,0.95
59,United,0.0,0.0
59,United,0.0,0.0
59,United,-0.012500000000000011,1.0
59,United,-0.09999999999999998,0.875
14,France,-0.1,0.55
86,Denmark,0.0,0.0
86,Denmark,0.0,0.0
41,Myanmar,0.05,0.1
41,Myanmar,0.0,0.0
23,India,0.5,0.5
12,Mexico,-0.10104166666666667,0.41770833333333335
12,Mexico,-0.1,0.1
23,India,0.0,0.0
23,India,0.0,0.0
23,India,0.0,0.0
23,India,0.05,0.1
11,Philippines,0.11726190476190476,0.4166666666666667
59,United,0.0,1.0
7,SriLanka,0.23222222222222222,0.6344444444444444
7,SriLanka,-0.25,0.6333333333333333
7,SriLanka,0.31666666666666665,0.6888888888888889
11,Philippines,-0.29523809523809524,0.6523809523809524
23,India,0.3,0.95
59,United,-0.10370370370370373,0.21481481481481482
67,UnitedKingdom,-0.10370370370370373,0.21481481481481482
5,Italy,0.425,0.575
41,Myanmar,0.0,0.0
23,India,0.05,0.1
5,Italy,0.425,0.575
53,Russia,0.425,0.575
84,Netherlands,0.1061147186147186,0.38487373737373737
21,Malaysia,0.15158730158730158,0.5498677248677248
23,India,0.0,0.0
59,United,0.05,0.1
11,Philippines,0.09523809523809523,0.7119047619047619
5,Italy,0.15454545454545454,0.6218181818181818
59,United,0.15454545454545454,0.6218181818181818
5,Italy,0.12999999999999998,0.54
59,United,0.12999999999999998,0.54
23,India,0.05,0.1
23,India,0.05,0.1
53,Russia,0.05,0.1
83,Kazakhstan,0.05,0.1
110,Azerbaijan,0.05,0.1
130,Kyrgyzstan,0.05,0.1
23,India,-0.07777777777777779,0.3944444444444445
7,SriLanka,0.5,0.5
7,SriLanka,0.05,0.1
7,SriLanka,1.0,1.0
59,United,-0.060606060606060615,0.45075757575757586
11,Philippines,0.09523809523809523,0.7119047619047619
23,India,0.0,0.0
59,United,0.24166666666666667,0.3416666666666666
59,United,0.24166666666666667,0.3416666666666666
59,United,0.24166666666666667,0.3416666666666666
32,Venezuela,0.0,0.8125
23,India,0.0,0.0
25,MiddleEast,0.0,0.0
69,Africa,0.0,0.0
95,NorthAfrica,0.0,0.0
25,MiddleEast,0.05,0.1
69,Africa,0.05,0.1
95,NorthAfrica,0.05,0.1
59,United,0.0615873015873016,0.39904761904761904
59,United,0.2,0.5
7,SriLanka,0.05,0.1
59,United,0.5,0.5
59,United,0.10000000000000002,0.36296296296296293
59,United,0.05,0.1
61,Portugal,0.179469696969697,0.46416666666666667
18,SouthAfrica,0.19999999999999998,0.5
69,Africa,0.19999999999999998,0.5
11,Philippines,0.028571428571428574,0.28928571428571426
59,United,0.1,0.26000000000000006
5,Italy,-0.11666666666666663,0.47222222222222227
59,United,0.06229968861547808,0.4294744911521227
23,India,0.0,0.0
23,India,0.05,0.1
59,United,-0.23576388888888888,0.43472222222222223
59,United,0.0,0.0
59,United,0.0,0.0
23,India,-0.2625,0.31875
24,Indonesia,0.1,0.1125
73,Uganda,0.03377192982456141,0.4039473684210526
23,India,0.036620370370370366,0.5358796296296297
5,Italy,-0.5,0.5
10,Taiwan,0.09138655462184873,0.5618347338935573
59,United,0.0,0.0
17,Canada,0.0022534013605442216,0.4612670068027211
13,Georgia,-0.006033549783549786,0.44541396103896097
13,Georgia,0.0,0.0
23,India,0.03409090909090909,0.271969696969697
59,United,-0.13333333333333336,0.4000000000000001
23,India,0.0,0.0
59,United,-0.12453416149068325,0.5972049689440995
59,United,0.09,0.365
86,Denmark,0.0,0.0
59,United,0.12121212121212123,0.42424242424242425
7,SriLanka,0.05,0.1
59,United,0.2833333333333333,0.3833333333333333
59,United,0.2833333333333333,0.3833333333333333
24,Indonesia,0.5,0.5
23,India,0.0,0.0
59,United,0.2833333333333333,0.3833333333333333
59,United,0.2833333333333333,0.3833333333333333
59,United,0.16666666666666666,0.3166666666666667
59,United,0.2833333333333333,0.3833333333333333
59,United,0.2833333333333333,0.3833333333333333
59,United,0.2833333333333333,0.3833333333333333
59,United,0.0,0.0
24,Indonesia,0.09375,0.59375
14,France,0.09824675324675325,0.6228571428571428
47,IvoryCoast,0.09824675324675325,0.6228571428571428
59,United,-0.3035714285714286,0.6142857142857143
59,United,0.035625000000000004,0.176875
59,United,0.0,0.0
67,UnitedKingdom,0.0,0.0
59,United,-0.1,0.31333333333333335
14,France,0.0,0.0
59,United,0.0898088023088023,0.5631332118174224
5,Italy,0.0,0.0
10,Taiwan,0.0,0.0
25,MiddleEast,0.05,0.1
69,Africa,0.05,0.1
95,NorthAfrica,0.05,0.1
6,NorthMacedonia,0.475,0.95
83,Kazakhstan,0.05,0.1
130,Kyrgyzstan,0.05,0.1
24,Indonesia,0.0,0.0
24,Indonesia,0.0,0.0
11,Philippines,0.07948717948717948,0.4538461538461538
59,United,0.8,0.4
101,Iran,0.0,0.0
23,India,-0.5,1.0
4,Australia,0.0,0.0
23,India,0.0,0.0
23,India,0.13254464285714285,0.5232589285714286
11,Philippines,-0.020370370370370372,0.38333333333333336
24,Indonesia,0.05,0.1
50,Egypt,0.05,0.1
52,Jordan,0.05,0.1
5,Italy,0.0,0.0
5,Italy,0.0,0.0
5,Italy,0.0,0.0
7,SriLanka,0.1,0.30000000000000004
35,Thailand,-0.125,0.375
23,India,0.05,0.1
23,India,0.15,0.25
7,SriLanka,0.0,0.0
23,India,0.0,0.0
5,Italy,-0.4333333333333334,0.7333333333333334
5,Italy,0.16,0.5399999999999999
23,India,0.05,0.1
4,Australia,0.140829346092504,0.385103668261563
59,United,0.13201058201058202,0.5433068783068784
59,United,0.05152777777777776,0.4811111111111111
23,India,0.3,1.0
23,India,0.38571428571428573,0.5142857142857143
23,India,0.24783549783549783,0.45310245310245306
23,India,0.0,0.2
23,India,0.38571428571428573,0.5142857142857143
59,United,0.10366161616161614,0.4549021965688632
1,Brazil,-0.5,1.0
1,Brazil,-0.5,1.0
9,Colombia,-0.3333333333333333,0.6666666666666666
11,Philippines,0.14102564102564102,0.344017094017094
11,Philippines,0.28181818181818186,0.5113636363636364
78,Ghana,0.06773989898989899,0.40157828282828284
2,Spain,0.08333333333333334,0.5833333333333333
9,Colombia,0.0,0.0
5,Italy,-0.0009427609427609426,0.376919191919192
23,India,0.05,0.1
59,United,0.0,0.0
14,France,0.02178030303030303,0.21496212121212122
59,United,0.02178030303030303,0.21496212121212122
59,United,0.0,0.0
59,United,0.0,0.0
12,Mexico,-0.016666666666666677,0.4791666666666667
7,SriLanka,0.0,0.0
36,Ukraine,0.0,1.0
36,Ukraine,0.05,0.1
36,Ukraine,0.05,0.1
86,Denmark,0.05,0.1
13,Georgia,0.0,0.0
13,Georgia,0.0,0.0
13,Georgia,-0.3125,0.6875
36,Ukraine,-0.5095238095238095,0.7380952380952381
13,Georgia,0.0,0.0
7,SriLanka,0.05,0.1
13,Georgia,0.04242424242424243,0.34848484848484845
13,Georgia,0.05,0.1
36,Ukraine,0.05,0.1
59,United,0.05,0.1
9,Colombia,0.32222222222222224,0.7388888888888889
9,Colombia,0.22037037037037036,0.6148148148148148
1,Brazil,0.264,0.533
13,Georgia,0.05,0.1
59,United,0.05,0.1
67,UnitedKingdom,0.05,0.1
9,Colombia,0.13999999999999996,0.6799999999999999
9,Colombia,0.3213768115942029,0.5025362318840579
16,Poland,0.0,0.0
36,Ukraine,0.0,0.0
114,Ukraine.Poland,0.0,0.0
13,Georgia,0.05,0.1
43,Ireland,0.05,0.1
13,Georgia,0.05,0.1
13,Georgia,0.0,0.0
36,Ukraine,0.0,0.0
36,Ukraine,0.05,0.1
62,Israel,0.05,0.1
36,Ukraine,0.5,0.5
62,Israel,0.5,0.5
36,Ukraine,0.5249999999999999,0.5750000000000001
62,Israel,0.5249999999999999,0.5750000000000001
5,Italy,0.11363636363636363,0.2727272727272727
36,Ukraine,0.11363636363636363,0.2727272727272727
36,Ukraine,0.0,0.0
59,United,0.0,0.0
36,Ukraine,0.05,0.1
13,Georgia,0.0,0.0
13,Georgia,0.0,0.0
33,Belgium,-0.024999999999999994,0.3
36,Ukraine,-0.024999999999999994,0.3
33,Belgium,0.13793290043290046,0.4414502164502165
36,Ukraine,0.13793290043290046,0.4414502164502165
36,Ukraine,0.05,0.1
7,SriLanka,-0.008333333333333352,0.4361111111111111
36,Ukraine,0.0462274531024531,0.4062409812409813
36,Ukraine,-0.4,0.6
5,Italy,0.0,0.0
13,Georgia,0.0,0.0
5,Italy,0.0,0.0
13,Georgia,0.0,0.0
59,United,0.0,0.0
36,Ukraine,0.05,0.1
23,India,0.11742857142857141,0.5397142857142858
36,Ukraine,0.0,0.0
36,Ukraine,0.05,0.1
5,Italy,0.041176470588235294,0.5882352941176471
13,Georgia,0.041176470588235294,0.5882352941176471
5,Italy,0.041176470588235294,0.5882352941176471
13,Georgia,0.041176470588235294,0.5882352941176471
5,Italy,0.04333333333333334,0.5733333333333334
13,Georgia,0.04333333333333334,0.5733333333333334
5,Italy,-0.033333333333333326,0.6666666666666667
59,United,-0.033333333333333326,0.6666666666666667
36,Ukraine,0.05,0.1
8,Argentina,0.12714285714285717,0.6214285714285713
8,Argentina,0.325,0.65
1,Brazil,0.0,0.5
23,India,-0.5,0.3
5,Italy,-0.1,0.525
5,Italy,0.0,0.0
59,United,0.0,0.0
11,Philippines,0.11224489795918366,0.5146258503401361
36,Ukraine,0.0,0.0
36,Ukraine,0.05,0.1
35,Thailand,0.05597222222222222,0.3829967948717948
45,Singapore,0.05597222222222222,0.3829967948717948
28,China,-0.025,0.075
36,Ukraine,-0.025,0.075
2,Spain,-0.09999999999999999,0.75
8,Argentina,-0.09999999999999999,0.75
40,Chile,-0.09999999999999999,0.75
77,Peru,-0.09999999999999999,0.75
23,India,0.012499999999999995,0.49821428571428567
23,India,0.012499999999999995,0.49821428571428567
36,Ukraine,0.0,0.0
5,Italy,0.0,0.0
5,Italy,0.0,0.0
5,Italy,0.05,0.1
36,Ukraine,0.05,0.1
36,Ukraine,0.0,0.0
36,Ukraine,0.05,0.1
5,Italy,-0.08750000000000001,0.3875
5,Italy,0.0,0.0
36,Ukraine,0.05,0.1
50,Egypt,0.05,0.1
50,Egypt,0.05,0.1
50,Egypt,0.05,0.1
13,Georgia,-0.019999999999999997,0.185
59,United,-0.019999999999999997,0.185
36,Ukraine,0.0,0.0
36,Ukraine,0.0033011998289776095,0.45436908770242085
36,Ukraine,0.0,0.0
1,Brazil,0.44000000000000006,0.5377777777777778
59,United,0.05,0.1
80,UnitedArabEmirates,0.05,0.1
59,United,0.05,0.1
80,UnitedArabEmirates,0.05,0.1
36,Ukraine,0.05,0.1
1,Brazil,0.0,0.0
5,Italy,0.1723622782446312,0.4543884220354808
5,Italy,0.0,0.0
5,Italy,-0.4,1.0
5,Italy,0.0,0.0
2,Spain,0.040740740740740744,0.7648148148148147
5,Italy,0.04999999999999999,0.55
59,United,0.0,0.07692307692307693
59,United,0.0,0.0
12,Mexico,-0.024999999999999994,0.4916666666666667
5,Italy,0.0689795918367347,0.22540816326530613
23,India,0.0,0.0
76,BosniaandHerzegovina,0.09243589743589743,0.4983974358974359
1,Brazil,0.35,0.525
5,Italy,0.3,1.0
5,Italy,0.05,0.1
23,India,0.0,1.0
7,SriLanka,0.11420073753407085,0.3481657848324515
1,Brazil,0.05,0.1
5,Italy,0.06450320512820515,0.4977556471306472
5,Italy,0.05,0.1
13,Georgia,0.0,0.0
36,Ukraine,0.05,0.1
23,India,0.25,0.4666666666666666
23,India,0.22285714285714286,0.6257142857142858
23,India,0.22285714285714286,0.6257142857142858
11,Philippines,0.5,0.5
28,China,0.06462121212121215,0.39750721500721503
9,Colombia,0.2,0.2
7,SriLanka,0.05000000000000002,0.5
59,United,0.0,0.0
59,United,0.0,0.0
24,Indonesia,0.0,0.9
12,Mexico,0.03333333333333333,0.06666666666666667
32,Venezuela,0.03333333333333333,0.06666666666666667
44,Bolivia,0.03333333333333333,0.06666666666666667
77,Peru,0.03333333333333333,0.06666666666666667
7,SriLanka,0.0,0.0
77,Peru,-0.00976239669421488,0.3898071625344352
77,Peru,0.0,0.0
5,Italy,0.06666666666666667,0.11666666666666668
36,Ukraine,0.0,0.0
53,Russia,0.0,0.0
59,United,0.0,0.0
34,Pakistan,0.15000000000000002,0.7
78,Ghana,0.140829346092504,0.385103668261563
23,India,-0.25,0.5
59,United,0.2833333333333333,0.3833333333333333
59,United,0.1,0.2
5,Italy,-0.35,0.7
59,United,0.08541666666666665,0.2979166666666667
59,United,-0.5,1.0
59,United,0.0,0.0
59,United,0.14444444444444446,0.3888888888888889
59,United,0.06818181818181818,0.25
59,United,0.032053089029833205,0.43554733380314775
23,India,0.04,0.13499999999999998
23,India,0.0,0.06666666666666667
23,India,0.05,0.1
33,Belgium,-0.02121212121212122,0.8333333333333334
23,India,0.03333333333333333,0.06666666666666667
59,United,0.0,0.0
59,United,-0.12708333333333335,0.5333333333333334
59,United,0.0,0.0
23,India,0.0,0.0
25,MiddleEast,0.05,0.1
69,Africa,0.05,0.1
95,NorthAfrica,0.05,0.1
25,MiddleEast,0.05,0.1
69,Africa,0.05,0.1
95,NorthAfrica,0.05,0.1
23,India,0.0,0.0
23,India,-0.0413003663003663,0.5647083685545223
23,India,0.0,0.0
23,India,0.22727272727272727,0.5454545454545454
31,Germany,0.0,0.0
31,Germany,0.10181818181818181,0.47532342657342663
31,Germany,-0.025714285714285724,0.3871428571428571
13,Georgia,0.13165374677002584,0.4361757105943152
31,Germany,0.5,0.5
59,United,0.5,0.5
4,Australia,0.575,0.8
14,France,-0.03181818181818183,0.525
31,Germany,-0.03181818181818183,0.525
31,Germany,-0.20833333333333334,0.6583333333333333
59,United,-0.20833333333333334,0.6583333333333333
31,Germany,0.13125,0.2625
59,United,0.13125,0.2625
23,India,-0.30000000000000004,0.5
9,Colombia,0.8,0.9
23,India,0.012121212121212116,0.20707070707070707
23,India,0.0,0.0
23,India,0.0,1.0
23,India,0.0,0.0
23,India,0.0,0.0
23,India,0.28437500000000004,0.44625000000000004
23,India,0.0,0.0
23,India,-0.18333333333333335,0.2833333333333333
23,India,0.09391534391534391,0.4198412698412699
23,India,0.09391534391534391,0.4198412698412699
7,SriLanka,0.0,0.0
7,SriLanka,0.0,0.0
5,Italy,0.0,0.0
9,Colombia,0.0,0.0
32,Venezuela,0.0,0.0
23,India,0.0,0.0
23,India,0.0,0.0
41,Myanmar,-0.15555555555555559,0.2888888888888889
13,Georgia,0.05,0.1
61,Portugal,0.05,0.1
7,SriLanka,0.11420073753407085,0.3481657848324515
93,Croatia,0.09416666666666669,0.27130952380952383
23,India,0.1053030303030303,0.3405723905723906
23,India,0.6000000000000001,0.9
