counter;topic
5;1
1;1
2;5
3;3
4;1
5;1
6;1
7;5
8;5
9;1
15;1
11;3
12;3
13;1
14;5
15;1
16;1
17;1
18;1
19;5
25;1
21;1
22;1
23;1
24;5
25;1
26;1
27;1
28;1
29;5
35;1
31;2
32;2
33;2
34;1
35;5
36;1
37;1
38;5
39;3
45;3
41;1
42;3
43;5
44;1
45;2
46;2
47;1
48;1
49;5
55;1
51;5
52;5
53;3
54;1
55;3
56;1
57;5
58;1
59;1
65;3
61;1
62;5
63;1
64;1
65;5
66;5
67;1
68;5
69;2
75;1
71;3
72;5
73;1
74;3
75;1
76;1
77;3
78;5
79;5
85;3
81;1
82;3
83;3
84;5
85;1
86;1
87;2
88;1
89;5
95;1
91;5
92;1
93;1
94;5
95;1
96;3
97;2
98;1
99;3
155;1
151;1
152;1
153;3
154;1
155;3
156;1
157;3
158;1
159;2
115;2
111;5
112;3
113;1
114;1
115;3
116;5
117;1
118;3
119;3
125;3
121;1
122;1
123;5
124;1
125;1
126;3
127;1
128;3
129;1
135;1
131;3
132;1
133;2
134;2
135;5
136;5
137;1
138;3
139;3
145;1
141;1
142;1
143;1
144;1
145;1
146;5
147;1
148;1
149;1
155;3
151;5
152;5
153;5
154;1
155;5
156;5
157;1
158;3
159;1
165;5
161;5
162;1
163;4
164;3
165;5
166;1
167;1
168;1
169;1
175;1
171;5
172;1
173;1
174;3
175;1
176;1
177;3
178;1
179;3
185;1
181;3
182;1
183;5
184;1
185;1
186;5
187;5
188;1
189;1
195;3
191;3
192;1
193;5
194;1
195;3
196;1
197;1
198;2
199;1
255;1
251;1
252;3
253;1
254;5
255;1
256;3
257;1
258;5
259;5
215;1
211;3
212;5
213;1
214;5
215;1
216;1
217;1
218;3
219;1
225;5
221;5
222;5
223;1
224;5
225;1
226;1
227;1
228;5
229;5
235;5
231;1
232;1
233;1
234;1
235;5
236;1
237;5
238;1
239;1
245;5
241;1
242;1
243;5
244;3
245;3
246;3
247;5
248;5
249;1
255;1
251;5
252;3
253;3
254;5
255;1
256;3
257;1
258;1
259;3
265;1
261;1
262;5
263;5
264;5
265;4
266;1
267;3
268;1
269;5
275;1
271;5
272;1
273;1
274;1
275;1
276;5
277;1
278;1
279;1
285;1
281;1
282;1
283;5
284;5
285;1
286;2
287;2
288;1
289;1
295;3
291;3
292;1
293;1
294;3
295;1
296;5
297;1
298;5
299;1
355;1
351;5
352;1
353;1
354;1
355;5
356;5
357;5
358;1
359;3
315;5
311;5
312;2
313;5
314;5
315;2
316;1
317;1
318;1
319;5
325;1
321;1
322;1
323;1
324;1
325;1
326;1
327;3
328;5
329;1
335;1
331;1
332;1
333;3
334;1
335;1
336;3
337;1
338;5
339;1
345;3
341;1
342;1
343;1
344;3
345;1
346;5
347;1
348;1
349;1
355;1
351;1
352;1
353;5
354;1
355;3
356;1
357;1
358;1
359;1
365;5
361;5
362;1
363;1
364;1
365;1
366;3
367;1
368;5
369;5
375;1
371;1
372;3
373;1
374;1
375;3
376;1
377;1
378;1
379;1
385;4
381;5
382;5
383;1
384;1
385;1
386;2
387;2
388;5
389;5
395;1
391;5
392;1
393;5
394;1
395;3
396;1
397;5
398;3
399;5
455;5
451;5
452;5
453;1
454;3
455;1
456;3
457;1
458;1
459;5
415;5
411;1
412;5
413;1
414;1
415;5
416;1
417;3
418;1
419;1
425;5
421;1
422;1
423;3
424;3
425;5
426;1
427;1
428;5
429;1
435;1
431;1
432;3
433;1
434;1
435;3
436;1
437;1
438;1
439;1
445;1
441;3
442;1
443;3
444;1
445;1
446;1
447;3
448;5
449;1
455;5
451;1
452;3
453;1
454;5
455;3
456;1
457;3
458;1
459;1
465;3
461;1
462;1
463;3
464;1
465;1
466;5
467;1
468;3
469;1
475;5
471;1
472;1
473;1
474;5
475;3
476;3
477;5
478;1
479;1
485;1
481;2
482;1
483;1
484;1
485;3
486;2
487;2
488;4
489;1
495;1
491;1
492;1
493;1
494;1
495;1
496;5
497;1
498;1
499;3
555;1
551;5
552;1
553;1
554;1
555;1
556;1
557;1
558;5
559;1
515;3
511;1
512;1
513;3
514;3
515;5
516;5
517;1
518;5
519;1
525;1
521;1
522;1
523;1
524;3
525;1
526;1
527;1
528;3
529;1
535;1
531;1
532;1
533;5
534;3
535;1
536;3
537;5
538;1
539;1
545;5
541;3
542;1
543;5
544;2
545;2
546;5
547;1
548;1
549;3
555;1
551;3
552;1
553;1
554;1
555;3
556;1
557;4
558;1
559;5
565;5
561;1
562;5
563;1
564;5
565;3
566;3
567;5
568;1
569;5
575;1
571;3
572;3
573;1
574;5
575;1
576;3
577;5
578;1
579;1
585;4
581;1
582;3
583;1
584;3
585;1
586;2
587;2
588;3
589;5
595;1
591;5
592;5
593;5
594;1
595;5
596;3
597;1
598;1
599;1
655;1
651;1
652;1
653;1
654;3
655;1
656;1
657;1
658;1
659;3
615;1
611;3
612;1
613;1
614;3
615;5
616;5
617;3
618;1
619;3
625;1
621;3
622;1
623;1
624;1
625;1
626;1
627;3
628;1
629;3
635;1
631;1
632;3
633;3
634;1
635;1
636;1
637;1
638;5
639;1
645;2
641;2
642;3
643;1
644;4
645;3
646;1
647;1
648;3
649;3
655;1
651;1
652;1
653;1
654;3
655;1
656;1
657;5
658;1
659;1
665;5
661;5
662;1
663;1
664;4
665;1
666;3
667;3
668;1
669;1
675;3
671;1
672;1
673;3
674;5
675;1
676;3
677;1
678;2
679;4
685;1
681;4
682;5
683;1
684;1
685;3
686;5
687;1
688;1
689;1
695;1
691;5
692;5
693;4
694;1
695;1
696;1
697;1
698;2
699;5
755;5
751;1
752;3
753;1
754;1
755;1
756;1
757;5
758;5
759;2
715;1
711;1
712;3
713;1
714;5
715;1
716;1
717;2
718;2
719;1
725;1
721;1
722;3
723;4
724;1
725;1
726;5
727;1
728;1
729;3
735;5
731;5
732;1
733;3
734;5
735;1
736;5
737;5
738;4
739;1
745;3
741;5
742;1
743;1
744;2
745;2
746;5
747;3
748;3
749;1
755;1
751;1
752;3
753;5
754;1
755;3
756;1
757;3
758;1
759;3
765;1
761;5
762;3
763;4
764;5
765;1
766;3
767;5
768;1
769;1
775;3
771;1
772;1
773;1
774;5
775;5
776;2
777;3
778;5
779;1
785;4
781;1
782;1
783;1
784;3
785;1
786;1
787;1
788;1
789;1
795;1
791;1
792;1
793;1
794;3
795;5
796;3
797;5
798;3
799;1
855;2
851;3
852;5
853;3
854;1
855;5
856;5
857;1
858;2
859;2
815;3
811;3
812;5
813;1
814;2
815;2
816;1
817;5
818;5
819;5
825;1
821;1
822;1
823;1
824;1
825;1
826;3
827;3
828;5
829;3
835;1
831;5
832;1
833;5
834;5
835;1
836;3
837;3
838;1
839;1
845;1
841;1
842;5
843;1
844;3
845;1
846;3
847;5
848;5
849;1
855;5
851;1
852;5
853;1
854;3
855;4
856;1
857;1
858;3
859;1
865;5
861;1
862;1
863;3
864;1
865;2
866;2
867;3
868;1
869;2
875;2
871;1
872;3
873;3
874;5
875;1
876;1
877;5
878;1
879;1
885;1
881;3
882;4
883;3
884;1
885;5
886;1
887;1
888;1
889;3
895;1
891;3
892;1
893;3
894;5
895;1
896;1
897;1
898;1
899;3
955;1
951;1
952;5
953;5
954;1
955;3
956;5
957;1
958;5
959;5
915;1
911;5
912;1
913;1
914;1
915;3
916;3
917;1
918;5
919;1
925;1
921;3
922;1
923;5
924;3
925;5
926;3
927;5
928;1
929;1
935;3
931;3
932;5
933;5
934;5
935;3
936;5
937;5
938;1
939;3
945;3
941;1
942;1
943;3
944;5
945;5
946;5
947;5
948;5
949;2
955;2
951;5
952;5
953;1
954;1
955;3
956;1
957;1
958;1
959;3
965;1
961;5
962;1
963;1
964;5
965;5
966;1
967;2
968;2
969;5
975;4
971;5
972;3
973;1
974;3
975;5
976;5
977;5
978;4
979;5
985;5
981;1
982;1
983;5
984;5
985;1
986;3
987;5
988;3
989;1
995;1
991;3
992;3
993;1
994;5
995;5
996;1
997;2
998;1
999;5
1555;5
1551;1
1552;1
1553;3
1554;5
1555;5
1556;1
1557;1
1558;1
1559;3
1515;1
1511;3
1512;3
1513;1
1514;1
1515;1
1516;3
1517;5
1518;1
1519;1
1525;3
1521;1
1522;5
1523;1
1524;5
1525;1
1526;3
1527;1
1528;1
1529;3
1535;3
1531;2
1532;2
1533;2
1534;1
1535;2
1536;2
1537;2
1538;1
1539;5
1545;1
1541;1
1542;1
1543;3
1544;5
1545;5
1546;1
1547;5
1548;3
1549;3
1555;5
1551;5
1552;5
1553;1
1554;1
1555;1
1556;5
1557;3
1558;1
1559;3
1565;5
1561;1
1562;3
1563;1
1564;1
1565;5
1566;5
1567;1
1568;5
1569;1
1575;1
1571;5
1572;1
1573;3
1574;5
1575;3
1576;1
1577;1
1578;3
1579;1
1585;3
1581;1
1582;5
1583;1
1584;3
1585;5
1586;3
1587;1
1588;5
1589;5
1595;3
1591;1
1592;1
1593;5
1594;1
1595;5
1596;1
1597;3
1598;2
1599;1
1155;5
1151;1
1152;3
1153;5
1154;1
1155;3
1156;1
1157;1
1158;3
1159;1
1115;2
1111;3
1112;1
1113;5
1114;5
1115;5
1116;5
1117;1
1118;3
1119;5
1125;5
1121;3
1122;1
1123;3
1124;5
1125;1
1126;1
1127;1
1128;3
1129;1
1135;5
1131;1
1132;2
1133;3
1134;3
1135;5
1136;5
1137;1
1138;3
1139;1
1145;1
1141;1
1142;4
1143;1
1144;2
1145;2
1146;1
1147;1
1148;2
1149;1
1155;3
1151;5
1152;3
1153;3
1154;4
1155;5
1156;1
1157;2
1158;2
1159;5
1165;5
1161;1
1162;1
1163;5
1164;3
1165;5
1166;5
1167;1
1168;1
1169;2
1175;2
1171;5
1172;5
1173;1
1174;3
1175;3
1176;5
1177;5
1178;1
1179;3
1185;5
1181;4
1182;3
1183;5
1184;1
1185;3
1186;5
1187;3
1188;1
1189;3
1195;3
1191;3
1192;3
1193;1
1194;3
1195;5
1196;5
1197;3
1198;5
1199;1
1255;4
1251;1
1252;1
1253;1
1254;1
1255;3
1256;5
1257;1
1258;1
1259;1
1215;5
1211;1
1212;1
1213;3
1214;4
1215;5
1216;1
1217;3
1218;3
1219;1
1225;1
1221;1
1222;5
1223;3
1224;5
1225;1
1226;3
1227;1
1228;3
1229;5
1235;1
1231;3
1232;5
1233;1
1234;5
1235;1
1236;3
1237;1
1238;5
1239;1
1245;5
1241;5
1242;1
1243;1
1244;1
1245;1
1246;1
1247;3
1248;3
1249;1
1255;1
1251;1
1252;5
1253;5
1254;1
1255;1
1256;5
1257;1
1258;4
1259;5
1265;1
1261;5
1262;1
1263;1
1264;1
1265;1
1266;1
1267;5
1268;1
1269;3
1275;3
1271;2
1272;2
1273;1
1274;3
1275;3
1276;1
1277;1
1278;3
1279;1
1285;1
1281;1
1282;3
1283;3
1284;3
1285;5
1286;1
1287;3
1288;1
1289;3
1295;1
1291;5
1292;1
1293;1
1294;5
1295;5
1296;1
1297;3
1298;2
1299;5
1355;3
1351;1
1352;5
1353;5
1354;1
1355;1
1356;5
1357;1
1358;4
1359;5
1315;5
1311;5
1312;5
1313;5
1314;1
1315;3
1316;1
1317;3
1318;1
1319;1
1325;4
1321;1
1322;5
1323;5
1324;4
1325;5
1326;5
1327;4
1328;5
1329;5
1335;1
1331;5
1332;1
1333;5
1334;5
1335;5
1336;3
1337;5
1338;5
1339;5
1345;5
1341;3
1342;3
1343;1
1344;5
1345;5
1346;5
1347;1
1348;1
1349;5
1355;1
1351;1
1352;3
1353;1
1354;3
1355;1
1356;2
1357;2
1358;1
1359;3
1365;1
1361;3
1362;5
1363;1
1364;1
1365;3
1366;5
1367;5
1368;1
1369;3
1375;2
1371;2
1372;1
1373;1
1374;2
1375;3
1376;1
1377;3
1378;3
1379;5
1385;3
1381;1
1382;5
1383;5
1384;1
1385;1
1386;3
1387;5
1388;5
1389;5
1395;1
1391;5
1392;5
1393;1
1394;5
1395;5
1396;1
1397;1
1398;3
1399;5
1455;5
1451;5
1452;1
1453;1
1454;5
1455;3
1456;5
1457;5
1458;5
1459;5
1415;5
1411;5
1412;1
1413;3
1414;3
1415;5
1416;3
1417;3
1418;1
1419;5
1425;1
1421;5
1422;3
1423;3
1424;1
1425;2
1426;5
1427;1
1428;1
1429;1
1435;1
1431;3
1432;1
1433;5
1434;3
1435;3
1436;1
1437;1
1438;3
1439;3
1445;5
1441;1
1442;5
1443;1
1444;1
1445;1
1446;2
1447;2
1448;2
1449;5
1455;5
1451;1
1452;5
1453;1
1454;5
1455;5
1456;1
1457;5
1458;1
1459;5
1465;1
1461;3
1462;5
1463;1
1464;1
1465;5
1466;1
1467;5
1468;3
1469;5
1475;1
1471;5
1472;5
1473;5
1474;3
1475;1
1476;3
1477;5
1478;3
1479;1
1485;4
1481;5
1482;1
1483;3
1484;5
1485;5
1486;1
1487;5
1488;5
1489;3
1495;3
1491;3
1492;4
1493;1
1494;1
1495;5
1496;5
1497;3
1498;3
1499;5
1555;5
1551;5
1552;5
1553;1
1554;1
1555;5
1556;5
1557;3
1558;3
1559;3
1515;5
1511;5
1512;1
1513;1
1514;3
1515;5
1516;1
1517;3
1518;1
1519;3
1525;1
1521;5
1522;5
1523;5
1524;3
1525;4
1526;1
1527;3
1528;3
1529;3
1535;5
1531;5
1532;5
1533;1
1534;1
1535;3
1536;1
1537;5
1538;5
1539;3
1545;5
1541;1
1542;1
1543;3
1544;3
1545;3
1546;5
1547;1
1548;3
1549;5
1555;1
1551;1
1552;5
1553;1
1554;5
1555;3
1556;5
1557;1
1558;5
1559;5
1565;1
1561;4
1562;5
1563;1
1564;3
1565;5
1566;1
1567;3
1568;3
1569;4
1575;4
1571;5
1572;5
1573;1
1574;5
1575;1
1576;1
1577;4
1578;5
1579;1
1585;3
1581;5
1582;5
1583;1
1584;1
1585;4
1586;3
1587;1
1588;5
1589;2
1595;2
1591;1
1592;1
1593;1
1594;5
1595;1
1596;5
1597;1
1598;5
1599;1
1655;3
1651;5
1652;1
1653;5
1654;3
1655;5
1656;5
1657;5
1658;5
1659;5
1615;5
1611;5
1612;1
1613;4
1614;3
1615;5
1616;5
1617;5
1618;5
1619;5
1625;5
1621;5
1622;3
1623;5
1624;1
1625;5
1626;1
1627;3
1628;5
1629;1
1635;5
1631;1
1632;3
1633;5
1634;5
1635;1
1636;1
1637;3
1638;1
1639;3
1645;3
1641;5
1642;5
1643;5
1644;3
1645;1
1646;1
1647;3
1648;3
1649;3
1655;1
1651;3
1652;3
1653;5
1654;1
1655;5
1656;5
1657;1
1658;5
1659;3
1665;5
1661;1
1662;5
1663;5
1664;1
1665;1
1666;5
1667;5
1668;5
1669;5
1675;3
1671;5
1672;5
1673;3
1674;3
1675;3
1676;1
1677;5
1678;1
1679;5
1685;5
1681;5
1682;1
1683;1
1684;4
1685;5
1686;5
1687;5
1688;1
1689;3
1695;3
1691;5
1692;1
1693;5
1694;5
1695;1
1696;5
1697;1
1698;1
1699;1
1755;1
1751;3
1752;1
1753;5
1754;1
1755;3
1756;5
1757;1
1758;2
1759;2
1715;5
1711;1
1712;3
1713;1
1714;3
1715;3
1716;1
1717;1
1718;5
1719;1
1725;5
1721;5
1722;1
1723;1
1724;3
1725;1
1726;5
1727;1
1728;5
1729;5
1735;5
1731;5
1732;5
1733;1
1734;1
1735;5
1736;5
1737;1
1738;1
1739;1
1745;1
1741;5
1742;5
1743;5
1744;5
1745;2
1746;2
1747;1
1748;3
1749;2
1755;1
1751;1
1752;1
1753;5
1754;5
1755;5
1756;3
1757;5
1758;1
1759;1
1765;3
1761;1
1762;3
1763;1
1764;3
1765;5
1766;5
1767;3
1768;2
1769;2
1775;5
1771;5
1772;5
1773;3
1774;1
1775;5
1776;5
1777;5
1778;3
1779;1
1785;5
1781;1
1782;5
1783;5
1784;1
1785;1
1786;1
1787;5
1788;1
1789;5
1795;1
1791;1
1792;2
1793;2
1794;5
1795;1
1796;1
1797;3
1798;1
1799;3
1855;3
1851;1
1852;5
1853;1
1854;5
1855;1
1856;3
1857;1
1858;1
1859;1
1815;1
1811;3
1812;1
1813;3
1814;1
1815;1
1816;3
1817;1
1818;1
1819;5
1825;3
1821;1
1822;5
1823;5
1824;5
1825;3
1826;5
1827;5
1828;5
1829;1
1835;5
1831;5
1832;5
1833;1
1834;1
1835;3
1836;5
1837;5
1838;1
1839;3
1845;5
1841;5
1842;1
1843;5
1844;1
1845;2
1846;2
1847;1
1848;1
1849;3
1855;1
1851;5
1852;1
1853;5
1854;1
1855;5
1856;5
1857;5
1858;1
1859;3
1865;5
1861;3
1862;5
1863;5
1864;1
1865;5
1866;3
1867;5
1868;5
1869;5
1875;1
1871;5
1872;5
1873;4
1874;5
1875;5
1876;1
1877;1
1878;1
1879;1
1885;5
1881;3
1882;3
1883;1
1884;5
1885;1
1886;5
1887;5
1888;1
1889;2
1895;2
1891;3
1892;1
1893;5
1894;1
1895;3
1896;1
1897;5
1898;1
1899;1
1955;3
1951;3
1952;1
1953;5
1954;5
1955;3
1956;1
1957;1
1958;3
1959;3
1915;5
1911;1
1912;5
1913;5
1914;5
1915;5
1916;3
1917;5
1918;5
1919;3
1925;5
1921;5
1922;1
1923;5
1924;5
1925;5
1926;1
1927;3
1928;3
1929;1
1935;1
1931;3
1932;5
1933;1
1934;3
1935;5
1936;3
1937;1
1938;1
1939;1
1945;1
1941;3
1942;5
1943;5
1944;3
1945;3
1946;5
1947;5
1948;1
1949;5
1955;4
1951;5
1952;1
1953;5
1954;3
1955;5
1956;5
1957;5
1958;1
1959;1
1965;3
1961;5
1962;1
1963;3
1964;3
1965;2
1966;2
1967;5
1968;4
1969;1
1975;3
1971;5
1972;5
1973;5
1974;1
1975;2
1976;5
1977;2
1978;2
1979;1
1985;5
1981;5
1982;1
1983;1
1984;1
1985;1
1986;1
1987;1
1988;5
1989;5
1995;1
1991;1
1992;1
1993;1
1994;1
1995;3
1996;5
1997;5
1998;1
1999;5
2555;1
2551;1
2552;1
2553;5
2554;1
2555;5
2556;1
2557;5
2558;5
2559;3
2515;1
2511;5
2512;5
2513;3
2514;5
2515;5
2516;5
2517;2
2518;1
2519;3
2525;5
2521;1
2522;2
2523;5
2524;1
2525;3
2526;1
2527;5
2528;5
2529;2
2535;4
2531;5
2532;1
2533;5
2534;5
2535;5
2536;5
2537;1
2538;3
2539;3
2545;1
2541;3
2542;5
2543;5
2544;5
2545;5
2546;1
2547;5
2548;5
2549;5
2555;5
2551;5
2552;1
2553;5
2554;3
2555;4
2556;1
2557;5
2558;5
2559;5
2565;1
2561;5
2562;1
2563;5
2564;1
2565;1
2566;5
2567;5
2568;1
2569;5
2575;5
2571;1
2572;5
2573;5
2574;1
2575;5
2576;5
2577;5
2578;1
2579;4
2585;5
2581;3
2582;1
2583;1
2584;3
2585;3
2586;5
2587;4
2588;5
2589;1
2595;3
2591;1
2592;1
2593;1
2594;5
2595;5
2596;5
2597;1
2598;5
2599;3
2155;5
2151;5
2152;3
2153;4
2154;1
2155;1
2156;3
2157;5
2158;5
2159;3
2115;5
2111;5
2112;1
2113;5
2114;3
2115;5
2116;1
2117;1
2118;1
2119;1
2125;5
2121;5
2122;1
2123;5
2124;5
2125;5
2126;5
2127;5
2128;5
2129;5
2135;5
2131;5
2132;1
2133;1
2134;5
2135;1
2136;1
2137;1
2138;3
2139;1
2145;5
2141;1
2142;5
2143;5
2144;1
2145;5
2146;3
2147;5
2148;5
2149;1
2155;1
2151;5
2152;5
2153;1
2154;5
2155;3
2156;3
2157;5
2158;1
2159;3
2165;1
2161;3
2162;1
2163;5
2164;1
2165;3
2166;5
2167;3
2168;4
2169;5
2175;1
2171;5
2172;3
2173;1
2174;3
2175;5
2176;5
2177;1
2178;3
2179;3
2185;3
2181;4
2182;5
2183;5
2184;5
2185;5
2186;5
2187;5
2188;5
2189;5
2195;5
2191;5
2192;5
2193;4
2194;4
2195;5
2196;1
2197;1
2198;2
2199;3
2255;1
2251;5
2252;1
2253;5
2254;5
2255;1
2256;5
2257;5
2258;1
2259;1
2215;5
2211;1
2212;2
2213;2
2214;5
2215;5
2216;1
2217;1
2218;5
2219;1
2225;3
2221;3
2222;1
2223;3
2224;3
2225;4
2226;5
2227;2
2228;3
2229;5
2235;5
2231;1
2232;3
2233;5
2234;5
2235;1
2236;5
2237;5
2238;5
2239;3
2245;5
2241;1
2242;5
2243;2
2244;5
2245;5
2246;5
2247;1
2248;3
2249;5
2255;5
2251;1
2252;1
2253;1
2254;1
2255;1
2256;1
2257;3
2258;1
2259;2
2265;5
2261;1
2262;5
2263;2
2264;2
2265;5
2266;3
2267;5
2268;1
2269;1
2275;1
2271;5
2272;2
2273;1
2274;2
2275;2
2276;4
2277;5
2278;5
2279;5
2285;1
2281;3
2282;4
2283;5
2284;5
2285;4
2286;1
2287;5
2288;5
2289;5
2295;5
2291;1
2292;5
2293;5
2294;5
2295;1
2296;2
2297;2
2298;2
2299;4
2355;5
2351;5
2352;3
2353;3
2354;5
2355;5
2356;3
2357;5
2358;4
2359;1
2315;3
2311;3
2312;2
2313;2
2314;4
2315;3
2316;5
2317;5
2318;5
2319;5
2325;3
2321;1
2322;1
2323;5
2324;5
2325;3
2326;1
2327;1
2328;5
2329;4
2335;5
2331;1
2332;3
2333;3
2334;5
2335;5
2336;5
2337;5
2338;5
2339;3
2345;4
2341;5
2342;5
2343;1
2344;1
2345;5
2346;2
2347;2
2348;2
2349;5
2355;5
2351;5
2352;5
2353;3
2354;3
2355;5
2356;5
2357;1
2358;5
2359;5
2365;4
2361;1
2362;2
2363;1
2364;5
2365;5
2366;2
2367;5
2368;3
2369;3
2375;4
2371;5
2372;1
2373;2
2374;2
2375;2
2376;5
2377;5
2378;5
2379;5
2385;3
2381;5
2382;5
2383;1
2384;5
2385;3
2386;5
2387;1
2388;2
2389;2
2395;2
2391;5
2392;5
2393;5
2394;1
2395;3
2396;1
2397;2
2398;5
2399;1
2455;2
2451;2
2452;4
2453;4
2454;5
2455;1
2456;1
2457;5
2458;1
2459;2
2415;3
2411;5
2412;5
2413;1
2414;5
2415;5
2416;5
2417;5
2418;1
2419;3
2425;1
2421;5
2422;5
2423;5
2424;1
2425;5
2426;1
2427;1
2428;5
2429;5
2435;1
2431;1
2432;3
2433;5
2434;1
2435;3
2436;1
2437;1
2438;5
2439;5
2445;5
2441;5
2442;1
2443;5
2444;1
2445;3
2446;1
2447;1
2448;2
2449;1
2455;5
2451;5
2452;5
2453;5
2454;5
2455;1
2456;3
2457;1
2458;5
2459;5
2465;5
2461;5
2462;5
2463;1
2464;5
2465;3
2466;5
2467;1
2468;5
2469;5
2475;1
2471;1
2472;5
2473;5
2474;5
2475;1
2476;5
2477;5
2478;2
2479;2
2485;1
2481;3
2482;1
2483;5
2484;1
2485;3
2486;5
2487;3
2488;3
2489;5
2495;1
2491;2
2492;2
2493;3
2494;5
2495;4
2496;3
2497;5
2498;5
2499;1
2555;2
2551;5
2552;5
2553;5
2554;5
2555;4
2556;5
2557;5
2558;5
2559;3
2515;3
2511;1
2512;5
2513;5
2514;1
2515;3
2516;5
2517;3
2518;5
2519;5
2525;5
2521;4
2522;3
2523;5
2524;5
2525;3
2526;1
2527;5
2528;5
2529;5
2535;5
2531;5
2532;5
2533;1
2534;3
2535;3
2536;1
2537;5
2538;1
2539;3
2545;5
2541;4
2542;5
2543;5
2544;5
2545;5
2546;5
2547;1
2548;5
2549;5
2555;2
2551;2
2552;2
2553;4
2554;5
2555;5
2556;1
2557;5
2558;3
2559;3
2565;1
2561;5
2562;5
2563;1
2564;4
2565;3
2566;1
2567;5
2568;1
2569;1
2575;3
2571;5
2572;5
2573;5
2574;5
2575;4
2576;5
2577;5
2578;3
2579;4
2585;2
2581;2
2582;2
2583;1
2584;5
2585;2
2586;2
2587;5
2588;5
2589;5
2595;5
2591;1
2592;1
2593;4
2594;1
2595;3
2596;5
2597;5
2598;5
2599;5
2655;1
2651;5
2652;1
2653;5
2654;5
2655;1
2656;5
2657;5
2658;1
2659;5
2615;5
2611;5
2612;5
2613;5
2614;5
2615;2
2616;2
2617;3
2618;4
2619;1
2625;5
2621;5
2622;5
2623;1
2624;2
2625;3
2626;5
2627;1
2628;3
2629;5
2635;5
2631;5
2632;5
2633;5
2634;5
2635;1
2636;5
2637;5
2638;5
2639;5
2645;3
2641;1
2642;3
2643;5
2644;5
2645;3
2646;5
2647;5
2648;3
2649;5
2655;3
2651;3
2652;1
2653;2
2654;2
2655;5
2656;1
2657;5
2658;3
2659;5
2665;3
2661;5
2662;5
2663;3
2664;5
2665;3
2666;3
2667;5
2668;5
2669;1
2675;5
2671;5
2672;4
2673;1
2674;5
2675;1
2676;1
2677;3
2678;5
2679;5
2685;5
2681;5
2682;1
2683;5
2684;5
2685;1
2686;5
2687;1
2688;4
2689;5
2695;1
2691;5
2692;5
2693;4
2694;5
2695;5
2696;5
2697;5
2698;5
2699;5
2755;1
2751;5
2752;5
2753;5
2754;5
2755;2
2756;2
2757;4
2758;5
2759;5
2715;1
2711;5
2712;1
2713;3
2714;5
2715;5
2716;4
2717;5
2718;1
2719;5
2725;5
2721;5
2722;2
2723;2
2724;4
2725;5
2726;5
2727;5
2728;5
2729;1
2735;4
2731;5
2732;5
2733;4
2734;1
2735;2
2736;2
2737;4
2738;1
2739;3
2745;2
2741;2
2742;2
2743;1
2744;1
2745;1
2746;1
2747;5
2748;2
2749;2
2755;2
2751;1
2752;5
2753;3
2754;5
2755;5
2756;5
2757;2
2758;2
2759;5
2765;5
2761;1
2762;5
2763;1
2764;3
2765;3
2766;1
2767;2
2768;2
2769;1
2775;5
2771;3
2772;5
2773;4
2774;5
2775;1
2776;5
2777;1
2778;1
2779;5
2785;5
2781;3
2782;3
2783;3
2784;4
2785;4
2786;5
2787;5
2788;5
2789;3
2795;1
2791;1
2792;2
2793;2
2794;2
2795;3
2796;5
2797;1
2798;3
2799;3
2855;4
2851;5
2852;1
2853;2
2854;2
2855;1
2856;3
2857;1
2858;4
2859;5
2815;5
2811;3
2812;1
2813;5
2814;4
2815;5
2816;5
2817;2
2818;2
2819;1
2825;2
2821;2
2822;2
2823;1
2824;1
2825;3
2826;1
2827;3
2828;1
2829;5
2835;5
2831;5
2832;5
2833;5
2834;1
2835;5
2836;5
2837;5
2838;5
2839;1
2845;3
2841;5
2842;5
2843;1
2844;1
2845;4
2846;5
2847;5
2848;5
2849;1
2855;1
2851;5
2852;5
2853;1
2854;3
2855;1
2856;3
2857;1
2858;5
2859;1
2865;4
2861;5
2862;5
2863;1
2864;3
2865;5
2866;4
2867;5
2868;1
2869;4
2875;5
2871;5
2872;1
2873;5
2874;1
2875;2
2876;2
2877;1
2878;3
2879;5
2885;5
2881;5
2882;5
2883;1
2884;1
2885;4
2886;5
2887;4
2888;5
2889;5
2895;5
2891;5
2892;1
2893;4
2894;5
2895;3
2896;3
2897;3
2898;5
2899;5
2955;1
2951;5
2952;5
2953;1
2954;5
2955;5
2956;5
2957;4
2958;5
2959;5
2915;5
2911;1
2912;4
2913;5
2914;5
2915;3
2916;5
2917;5
2918;5
2919;5
2925;3
2921;4
2922;5
2923;5
2924;4
2925;2
2926;2
2927;5
2928;4
2929;5
2935;3
2931;3
2932;5
2933;4
2934;5
2935;1
2936;2
2937;2
2938;5
2939;5
2945;5
2941;5
2942;5
2943;5
2944;5
2945;1
2946;1
2947;5
2948;5
2949;5
2955;3
2951;1
2952;1
2953;3
2954;5
2955;5
2956;5
2957;5
2958;1
2959;3
2965;1
2961;1
2962;1
2963;3
2964;4
2965;3
2966;5
2967;1
2968;3
2969;4
2975;5
2971;5
2972;1
2973;2
2974;3
2975;4
2976;2
2977;4
2978;1
2979;1
2985;3
2981;1
2982;4
2983;3
2984;5
2985;5
2986;5
2987;5
2988;5
2989;5
2995;5
2991;5
2992;5
2993;5
2994;3
2995;5
2996;5
2997;5
2998;1
2999;3
3555;5
3551;1
3552;3
3553;5
3554;5
3555;5
3556;5
3557;1
3558;5
3559;5
3515;5
3511;2
3512;4
3513;5
3514;5
3515;1
3516;5
3517;5
3518;2
3519;3
3525;5
3521;1
3522;4
3523;4
3524;3
3525;1
3526;3
3527;5
3528;5
3529;5
3535;2
3531;1
3532;1
3533;1
3534;5
3535;5
3536;4
3537;3
3538;2
3539;1
3545;5
3541;5
3542;1
3543;3
3544;4
3545;3
3546;5
3547;5
3548;5
3549;5
3555;5
3551;5
3552;5
3553;5
3554;5
3555;5
3556;5
3557;5
3558;4
3559;1
3565;1
3561;3
3562;5
3563;5
3564;5
3565;5
3566;5
3567;5
3568;2
3569;2
3575;5
3571;5
3572;5
3573;2
3574;4
3575;5
3576;5
3577;5
3578;3
3579;1
3585;1
3581;5
3582;3
3583;4
3584;4
3585;3
3586;3
3587;5
3588;5
3589;3
3595;3
3591;5
3592;3
3593;5
3594;1
3595;3
3596;5
3597;1
3598;1
3599;5
3155;5
3151;2
3152;5
3153;5
3154;5
3155;5
3156;5
3157;5
3158;4
3159;5
3115;1
3111;5
3112;3
3113;5
3114;3
3115;5
3116;3
3117;5
3118;1
3119;5
3125;1
3121;3
3122;1
3123;1
3124;3
3125;1
3126;1
3127;1
3128;5
3129;3
3135;1
3131;5
3132;1
3133;1
3134;5
3135;5
3136;5
3137;5
3138;5
3139;1
3145;4
3141;4
3142;5
3143;5
3144;1
3145;5
3146;5
3147;3
3148;5
3149;5
3155;1
3151;2
3152;2
3153;5
3154;5
3155;4
3156;5
3157;4
3158;5
3159;5
3165;3
3161;5
3162;1
3163;5
3164;4
3165;5
3166;1
3167;5
3168;5
3169;5
3175;5
3171;1
3172;5
3173;5
3174;5
3175;5
3176;3
3177;5
3178;5
3179;5
3185;5
3181;5
3182;4
3183;5
3184;5
3185;5
3186;3
3187;3
3188;3
3189;3
3195;1
3191;5
3192;1
3193;2
3194;2
3195;5
3196;1
3197;1
3198;5
3199;5
3255;1
3251;2
3252;2
3253;3
3254;1
3255;5
3256;5
3257;5
3258;3
3259;1
3215;5
3211;5
3212;3
3213;4
3214;2
3215;4
3216;5
3217;4
3218;5
3219;5
3225;3
3221;1
3222;3
3223;5
3224;5
3225;3
3226;5
3227;4
3228;5
3229;3
3235;5
3231;5
3232;1
3233;2
3234;2
3235;5
3236;1
3237;1
3238;5
3239;2
3245;3
3241;3
3242;5
3243;3
3244;5
3245;5
3246;2
3247;3
3248;5
3249;5
3255;5
3251;1
3252;5
3253;5
3254;5
3255;3
3256;5
3257;5
3258;3
3259;5
3265;5
3261;1
3262;2
3263;2
3264;2
3265;5
3266;1
3267;5
3268;3
3269;3
3275;1
3271;5
3272;5
3273;5
3274;1
3275;1
3276;1
3277;5
3278;5
3279;4
3285;1
3281;1
3282;5
3283;1
3284;2
3285;2
3286;5
3287;1
3288;2
3289;2
3295;4
3291;5
3292;1
3293;5
3294;5
3295;5
3296;5
3297;5
3298;3
3299;5
3355;1
3351;3
3352;5
3353;3
3354;5
3355;4
3356;5
3357;5
3358;1
3359;1
3315;5
3311;4
3312;5
3313;1
3314;5
3315;5
3316;5
3317;5
3318;4
3319;5
3325;3
3321;5
3322;4
3323;5
3324;5
3325;3
3326;5
3327;5
3328;4
3329;4
3335;4
3331;2
3332;2
3333;2
3334;2
3335;5
3336;1
3337;5
3338;5
3339;3
3345;5
3341;1
3342;1
3343;5
3344;5
3345;5
3346;1
3347;5
3348;1
3349;1
3355;1
3351;5
3352;5
3353;1
3354;5
3355;5
3356;3
3357;1
3358;4
3359;3
3365;4
3361;3
3362;5
3363;1
3364;5
3365;2
3366;2
3367;5
3368;1
3369;1
3375;3
3371;1
3372;1
3373;1
3374;5
3375;5
3376;1
3377;5
3378;1
3379;5
3385;5
3381;5
3382;1
3383;2
3384;5
3385;2
3386;5
3387;4
3388;3
3389;5
3395;1
3391;5
3392;5
3393;1
3394;1
3395;5
3396;5
3397;5
3398;5
3399;4
3455;5
3451;5
3452;5
3453;1
3454;1
3455;3
3456;1
3457;4
3458;5
3459;5
3415;3
3411;5
3412;3
3413;3
3414;1
3415;3
3416;5
3417;5
3418;5
3419;5
3425;5
3421;1
3422;1
3423;3
3424;1
3425;3
3426;5
3427;3
3428;5
3429;5
3435;5
3431;5
3432;3
3433;3
3434;5
3435;3
3436;3
3437;5
3438;5
3439;1
3445;1
3441;5
3442;5
3443;3
3444;5
3445;5
3446;5
3447;1
3448;3
3449;5
3455;5
3451;4
3452;5
3453;1
3454;5
3455;1
3456;4
3457;5
3458;5
3459;5
3465;5
3461;5
3462;2
3463;1
3464;3
3465;3
3466;5
3467;2
3468;5
3469;1
3475;5
3471;5
3472;3
3473;1
3474;5
3475;1
3476;2
3477;5
3478;5
3479;5
3485;3
3481;5
3482;5
3483;1
3484;5
3485;5
3486;1
3487;5
3488;5
3489;4
3495;5
3491;5
3492;1
3493;3
3494;3
3495;4
3496;5
3497;1
3498;5
3499;5
3555;1
3551;3
3552;1
3553;4
3554;1
3555;3
3556;3
3557;5
3558;3
3559;4
3515;5
3511;1
3512;5
3513;5
3514;4
3515;1
3516;5
3517;5
3518;2
3519;5
3525;2
3521;1
3522;5
3523;3
3524;5
3525;5
3526;5
3527;1
3528;1
3529;3
3535;5
3531;5
3532;5
3533;3
3534;1
3535;5
3536;1
3537;5
3538;5
3539;3
3545;3
3541;3
3542;5
3543;5
3544;5
3545;3
3546;1
3547;1
3548;3
3549;1
3555;1
3551;5
3552;5
3553;5
3554;3
3555;5
3556;5
3557;5
3558;1
3559;5
3565;5
3561;1
3562;5
3563;5
3564;1
3565;1
3566;5
3567;3
3568;3
3569;5
3575;5
3571;5
3572;5
3573;3
3574;5
3575;3
3576;5
3577;1
3578;1
3579;1
3585;5
3581;5
3582;5
3583;1
3584;3
3585;5
3586;5
3587;5
3588;5
3589;3
3595;5
3591;4
3592;5
3593;5
3594;5
3595;5
3596;3
3597;1
3598;1
3599;3
3655;5
3651;5
3652;5
3653;2
3654;2
3655;5
3656;5
3657;5
3658;5
3659;5
3615;1
3611;1
3612;5
3613;5
3614;2
3615;2
3616;2
3617;5
3618;4
3619;3
3625;3
3621;3
3622;4
3623;5
3624;5
3625;3
3626;5
3627;5
3628;5
3629;5
3635;1
3631;1
3632;5
3633;2
3634;3
3635;3
3636;5
3637;4
3638;5
3639;1
3645;5
3641;3
3642;3
3643;1
3644;4
3645;3
3646;5
3647;5
3648;5
3649;5
3655;4
3651;5
3652;5
3653;5
3654;1
3655;5
3656;5
3657;5
3658;5
3659;5
3665;5
3661;4
3662;4
3663;1
3664;1
3665;1
3666;1
3667;3
3668;5
3669;5
3675;5
3671;2
3672;5
3673;1
3674;1
3675;1
3676;1
3677;1
3678;3
3679;5
3685;5
3681;5
3682;4
3683;1
3684;5
3685;3
3686;1
3687;5
3688;5
3689;1
3695;1
3691;5
3692;5
3693;1
3694;2
3695;2
3696;4
3697;5
3698;5
3699;2
3755;5
3751;5
3752;5
3753;5
3754;3
3755;5
3756;5
3757;2
3758;2
3759;2
3715;5
3711;5
3712;5
3713;5
3714;5
3715;3
3716;5
3717;5
3718;5
3719;1
3725;5
3721;3
3722;5
3723;5
3724;1
3725;3
3726;3
3727;4
3728;5
3729;3
3735;5
3731;5
3732;1
3733;5
3734;5
3735;5
3736;5
3737;5
3738;1
3739;5
3745;3
3741;5
3742;3
3743;5
3744;5
3745;5
3746;5
3747;5
3748;1
3749;1
3755;3
3751;1
3752;5
3753;5
3754;5
3755;5
3756;4
3757;5
3758;5
3759;5
3765;2
3761;5
3762;5
3763;4
3764;5
3765;5
3766;5
3767;5
3768;3
3769;5
3775;1
3771;5
3772;1
3773;2
3774;5
3775;5
3776;5
3777;5
3778;2
3779;5
3785;1
3781;1
3782;3
3783;1
3784;3
3785;5
3786;5
3787;1
3788;5
3789;5
3795;5
3791;1
3792;3
3793;1
3794;2
3795;2
3796;3
3797;3
3798;5
3799;5
3855;1
3851;5
3852;5
3853;5
3854;4
3855;5
3856;5
3857;1
3858;5
3859;1
3815;5
3811;5
3812;3
3813;3
3814;3
3815;5
3816;5
3817;3
3818;5
3819;5
3825;5
3821;3
3822;3
3823;3
3824;5
3825;5
3826;5
3827;5
3828;1
3829;1
3835;5
3831;5
3832;5
3833;3
3834;3
3835;5
3836;5
3837;5
3838;3
3839;5
3845;5
3841;3
3842;3
3843;4
3844;5
3845;3
3846;3
3847;3
3848;5
3849;4
3855;4
3851;4
3852;4
3853;5
3854;1
3855;5
3856;5
3857;4
3858;4
3859;5
3865;3
3861;5
3862;5
3863;2
3864;5
3865;5
3866;5
3867;4
3868;4
3869;4
3875;3
3871;5
3872;5
3873;4
3874;5
3875;5
3876;5
3877;1
3878;5
3879;5
3885;5
3881;1
3882;5
3883;5
3884;5
3885;1
3886;3
3887;3
3888;5
3889;5
3895;1
3891;5
3892;2
3893;5
3894;5
3895;5
3896;5
3897;1
3898;3
3899;3
3955;3
3951;5
3952;5
3953;3
3954;4
3955;3
3956;3
3957;5
3958;5
3959;5
3915;5
3911;3
3912;5
3913;2
3914;1
3915;5
3916;5
3917;5
3918;5
3919;5
3925;1
3921;2
3922;5
3923;3
3924;4
3925;5
3926;4
3927;5
3928;5
3929;5
3935;5
3931;1
3932;5
3933;5
3934;4
3935;1
3936;4
3937;3
3938;1
3939;5
3945;5
3941;5
3942;5
3943;2
3944;4
3945;5
3946;5
3947;5
3948;5
3949;4
3955;3
3951;4
3952;1
3953;1
3954;5
3955;5
3956;5
3957;5
3958;1
3959;5
3965;5
3961;1
3962;5
3963;4
3964;5
3965;5
3966;5
3967;5
3968;1
3969;5
3975;5
3971;3
3972;5
3973;5
3974;5
3975;3
3976;4
3977;5
3978;5
3979;3
3985;3
3981;3
3982;5
3983;1
3984;2
3985;2
3986;3
3987;1
3988;5
3989;5
3995;5
3991;5
3992;5
3993;5
3994;5
3995;1
3996;3
3997;3
3998;5
3999;5
4555;5
4551;5
4552;4
4553;1
4554;1
4555;3
4556;5
4557;1
4558;5
4559;5
4515;4
4511;5
4512;5
4513;2
4514;5
4515;5
4516;1
4517;2
4518;5
4519;5
4525;5
4521;5
4522;3
4523;5
4524;5
4525;5
4526;3
4527;5
4528;3
4529;5
4535;1
4531;1
4532;5
4533;5
4534;1
4535;5
4536;5
4537;4
4538;3
4539;4
4545;5
4541;5
4542;5
4543;1
4544;2
4545;5
4546;5
4547;3
4548;5
4549;5
4555;5
4551;5
4552;3
4553;3
4554;5
4555;5
4556;5
4557;5
4558;5
4559;1
4565;3
4561;1
4562;2
4563;2
4564;4
4565;5
4566;5
4567;1
4568;5
4569;5
4575;5
4571;1
4572;5
4573;5
4574;1
4575;5
4576;5
4577;5
4578;5
4579;2
4585;5
4581;5
4582;1
4583;5
4584;1
4585;5
4586;5
4587;1
4588;3
4589;5
4595;5
4591;5
4592;5
4593;5
4594;1
4595;5
4596;5
4597;1
4598;5
4599;5
4155;5
4151;1
4152;5
4153;5
4154;5
4155;5
4156;5
4157;5
4158;5
4159;5
4115;3
4111;5
4112;2
4113;5
4114;5
4115;5
4116;4
4117;5
4118;5
4119;5
4125;5
4121;5
4122;4
4123;4
4124;5
4125;5
4126;5
4127;5
4128;5
4129;5
4135;3
4131;3
4132;5
4133;5
4134;5
4135;1
4136;2
4137;2
4138;2
4139;5
4145;5
4141;1
4142;1
4143;1
4144;3
4145;1
4146;1
4147;3
4148;5
4149;5
4155;1
4151;3
4152;3
4153;1
4154;1
4155;2
4156;2
4157;1
4158;4
4159;3
4165;1
4161;3
4162;5
4163;5
4164;5
4165;5
4166;1
4167;1
4168;3
4169;5
4175;5
4171;5
4172;3
4173;1
4174;5
4175;5
4176;5
4177;5
4178;5
4179;1
4185;1
4181;5
4182;4
4183;5
4184;5
4185;3
4186;3
4187;2
4188;2
4189;2
4195;5
4191;5
4192;1
4193;5
4194;3
4195;3
4196;3
4197;4
4198;5
4199;5
4255;1
4251;3
4252;1
4253;2
4254;5
4255;5
4256;3
4257;3
4258;3
4259;5
4215;2
4211;5
4212;1
4213;1
4214;2
4215;1
4216;3
4217;5
4218;5
4219;4
4225;3
4221;5
4222;5
4223;5
4224;5
4225;5
4226;5
4227;1
4228;3
4229;5
4235;5
4231;5
4232;5
4233;1
4234;1
4235;1
4236;3
4237;2
4238;5
4239;5
4245;5
4241;5
4242;5
4243;1
4244;5
4245;1
4246;1
4247;5
4248;1
4249;1
4255;2
4251;2
4252;2
4253;3
4254;3
4255;5
4256;5
4257;5
4258;5
4259;3
4265;5
4261;5
4262;5
4263;1
4264;5
4265;1
4266;3
4267;5
4268;2
4269;5
4275;2
4271;2
4272;5
4273;5
4274;5
4275;5
4276;5
4277;5
4278;1
4279;3
4285;5
4281;1
4282;3
4283;5
4284;4
4285;3
4286;3
4287;1
4288;5
4289;2
4295;1
4291;5
4292;5
4293;5
4294;4
4295;5
4296;5
4297;5
4298;4
4299;1
4355;5
4351;5
4352;5
4353;4
4354;5
4355;4
4356;5
4357;1
4358;3
4359;5
4315;1
4311;1
4312;3
4313;5
4314;4
4315;1
4316;5
4317;4
4318;5
4319;3
4325;3
4321;5
4322;3
4323;3
4324;5
4325;5
4326;1
4327;5
4328;5
4329;5
4335;4
4331;3
4332;5
4333;5
4334;4
4335;1
4336;2
4337;2
4338;5
4339;5
4345;3
4341;5
4342;5
4343;5
4344;5
4345;4
4346;3
4347;3
4348;5
4349;5
4355;4
4351;3
4352;1
4353;3
4354;5
4355;5
4356;5
4357;5
4358;4
4359;5
4365;4
4361;5
4362;4
4363;4
4364;1
4365;4
4366;5
4367;5
4368;1
4369;1
4375;5
4371;5
4372;3
4373;4
4374;2
4375;1
4376;5
4377;5
4378;5
4379;5
4385;5
4381;5
4382;1
4383;5
4384;4
4385;5
4386;5
4387;1
4388;5
4389;4
4395;3
4391;5
4392;1
4393;3
4394;1
4395;4
4396;4
4397;5
4398;4
4399;4
4455;1
4451;5
4452;3
4453;5
4454;5
4455;5
4456;1
4457;1
4458;1
4459;3
4415;4
4411;5
4412;5
4413;4
4414;3
4415;4
4416;5
4417;5
4418;3
4419;5
4425;1
4421;5
4422;4
4423;4
4424;5
4425;4
4426;5
4427;1
4428;3
4429;4
4435;3
4431;3
4432;5
4433;1
4434;5
4435;5
4436;1
4437;5
4438;3
4439;5
4445;1
4441;5
4442;1
4443;1
4444;4
4445;5
4446;3
4447;5
4448;5
4449;5
4455;5
4451;5
4452;5
4453;1
4454;1
4455;5
4456;5
4457;3
4458;1
4459;1
4465;5
4461;5
4462;4
4463;5
4464;5
4465;3
4466;4
4467;1
4468;1
4469;5
4475;5
4471;5
4472;5
4473;5
4474;1
4475;4
4476;3
4477;4
4478;5
4479;5
4485;5
4481;3
4482;5
4483;4
4484;1
4485;4
4486;4
4487;5
4488;4
4489;4
4495;4
4491;4
4492;3
4493;5
4494;5
4495;5
4496;2
4497;5
4498;5
4499;1
4555;1
4551;1
4552;1
4553;5
4554;5
4555;5
4556;4
4557;4
4558;5
4559;5
4515;5
4511;1
4512;5
4513;1
4514;3
4515;5
4516;1
4517;3
4518;5
4519;5
4525;1
4521;4
4522;4
4523;4
4524;5
4525;5
4526;4
4527;1
4528;5
4529;5
4535;4
4531;5
4532;3
4533;1
4534;3
4535;5
4536;1
4537;1
4538;4
4539;5
4545;5
4541;5
4542;5
4543;1
4544;5
4545;5
4546;3
4547;5
4548;3
4549;1
4555;3
4551;5
4552;5
4553;3
4554;5
4555;2
4556;2
4557;5
4558;5
4559;5
4565;5
4561;5
4562;5
4563;5
4564;1
4565;5
4566;5
4567;5
4568;5
4569;5
4575;5
4571;5
4572;1
4573;3
4574;1
4575;1
4576;5
4577;4
4578;5
4579;5
4585;5
4581;5
4582;5
4583;5
4584;5
4585;3
4586;3
4587;4
4588;5
4589;5
4595;5
4591;5
4592;1
4593;3
4594;5
4595;1
4596;1
4597;3
4598;5
4599;5
4655;5
4651;5
4652;5
4653;5
4654;5
4655;4
4656;5
4657;5
4658;4
4659;5
4615;4
4611;5
4612;4
4613;5
4614;5
4615;5
4616;3
4617;5
4618;5
4619;5
4625;4
4621;5
4622;4
4623;5
4624;5
4625;3
4626;4
4627;5
4628;5
4629;5
4635;3
4631;5
4632;5
4633;5
4634;1
4635;1
4636;3
4637;5
4638;5
4639;5
4645;1
4641;5
4642;1
4643;3
4644;5
4645;5
4646;5
4647;5
4648;3
4649;3
4655;1
4651;5
4652;1
4653;1
4654;3
4655;5
4656;5
4657;5
4658;1
4659;5
4665;1
4661;3
4662;1
4663;3
4664;5
4665;5
4666;1
4667;5
4668;5
4669;5
4675;5
4671;5
4672;5
4673;5
4674;5
4675;5
4676;5
4677;5
4678;1
4679;1
4685;4
4681;5
4682;3
4683;5
4684;5
4685;1
4686;5
4687;5
4688;3
4689;4
4695;5
4691;3
4692;5
4693;5
4694;5
4695;5
4696;5
4697;5
4698;3
4699;5
4755;5
4751;4
4752;3
4753;3
4754;4
4755;4
4756;4
4757;5
4758;5
4759;5
4715;4
4711;5
4712;5
4713;1
4714;1
4715;5
4716;3
4717;3
4718;4
4719;4
4725;5
4721;1
4722;5
4723;5
4724;5
4725;4
4726;5
4727;5
4728;1
4729;5
4735;5
4731;5
4732;5
4733;5
4734;5
4735;1
4736;1
4737;1
4738;5
4739;5
4745;5
4741;1
4742;5
4743;1
4744;3
4745;5
4746;1
4747;5
4748;5
4749;1
4755;3
4751;1
4752;5
4753;5
4754;5
4755;5
4756;3
4757;5
4758;4
4759;5
4765;5
4761;5
4762;5
4763;4
4764;3
4765;1
4766;5
4767;5
4768;5
4769;5
4775;3
4771;2
4772;4
4773;5
4774;1
4775;5
4776;5
4777;3
4778;4
4779;5
4785;1
4781;5
4782;1
4783;1
4784;1
4785;3
4786;1
4787;3
4788;1
4789;5
4795;5
4791;3
4792;5
4793;1
4794;3
4795;1
4796;3
4797;4
4798;4
4799;5
4855;5
4851;5
4852;5
4853;5
4854;5
4855;5
4856;5
4857;4
4858;5
4859;4
4815;4
4811;1
4812;5
4813;4
4814;5
4815;5
4816;4
4817;5
4818;1
4819;5
4825;5
4821;5
4822;1
4823;5
4824;5
4825;1
4826;1
4827;5
4828;5
4829;5
4835;5
4831;3
4832;5
4833;5
4834;1
4835;3
4836;5
4837;5
4838;2
4839;2
4845;3
4841;3
4842;3
4843;5
4844;5
4845;5
4846;3
4847;5
4848;5
4849;5
4855;1
4851;1
4852;1
4853;5
4854;4
4855;5
4856;5
4857;5
4858;5
4859;5
4865;1
4861;5
4862;1
4863;3
4864;5
4865;5
4866;5
4867;1
4868;1
4869;5
4875;5
4871;5
4872;5
4873;5
4874;5
4875;5
4876;5
4877;1
4878;5
4879;5
4885;1
4881;5
4882;5
4883;3
4884;5
4885;5
4886;2
4887;5
4888;3
4889;5
4895;1
4891;5
4892;5
4893;5
4894;5
4895;3
4896;1
4897;3
4898;5
4899;1
4955;1
4951;5
4952;5
4953;1
4954;5
4955;5
4956;5
4957;4
4958;1
4959;5
4915;5
4911;2
4912;5
4913;5
4914;5
4915;1
4916;1
4917;5
4918;5
4919;5
4925;5
4921;1
4922;2
4923;2
4924;2
4925;5
4926;1
4927;5
4928;5
4929;2
4935;2
4931;2
4932;3
4933;5
4934;5
4935;3
4936;5
4937;5
4938;5
4939;5
4945;5
4941;5
4942;5
4943;5
4944;5
4945;5
4946;5
4947;4
4948;3
4949;5
4955;5
4951;4
4952;3
4953;5
4954;3
4955;4
4956;5
4957;3
4958;3
4959;1
4965;5
4961;5
4962;5
4963;3
4964;5
4965;5
4966;5
4967;5
4968;1
4969;5
4975;5
4971;4
4972;5
4973;3
4974;3
4975;5
4976;5
4977;1
4978;1
4979;5
4985;5
4981;1
4982;5
4983;5
4984;1
4985;5
4986;5
4987;5
4988;3
4989;4
4995;4
4991;5
4992;1
4993;5
4994;5
4995;3
4996;4
4997;1
4998;5
4999;5
5555;5
5551;5
5552;5
5553;1
5554;3
5555;5
5556;5
5557;4
5558;5
5559;5
5515;5
5511;5
5512;5
5513;5
5514;5
5515;3
5516;5
5517;5
5518;5
5519;5
5525;5
5521;5
5522;5
5523;5
5524;3
5525;5
5526;2
5527;2
5528;5
5529;5
5535;5
5531;5
5532;3
5533;1
5534;1
5535;5
5536;5
5537;5
5538;3
5539;5
5545;1
5541;5
5542;5
5543;1
5544;1
5545;5
5546;5
5547;5
5548;5
5549;5
5555;5
5551;5
5552;5
5553;5
5554;5
5555;5
5556;1
5557;1
5558;5
5559;1
5565;5
5561;5
5562;5
5563;3
5564;5
5565;5
5566;1
5567;3
5568;5
5569;5
5575;3
5571;5
5572;5
5573;1
5574;1
5575;5
5576;5
5577;5
5578;5
5579;1
5585;3
5581;4
5582;4
5583;5
5584;5
5585;5
5586;5
5587;1
5588;1
5589;5
5595;5
5591;5
5592;1
5593;1
5594;1
5595;5
5596;5
5597;5
5598;5
5599;5
5155;5
5151;5
5152;5
5153;4
5154;3
5155;1
5156;3
5157;3
5158;3
5159;5
5115;1
5111;5
5112;5
5113;3
5114;5
5115;1
5116;1
5117;5
5118;5
5119;1
5125;1
5121;5
5122;5
5123;3
5124;5
5125;5
5126;5
5127;5
5128;1
5129;5
5135;5
5131;5
5132;5
5133;5
5134;5
5135;5
5136;5
5137;5
5138;5
5139;1
5145;5
5141;4
5142;4
5143;3
5144;4
5145;5
5146;1
5147;5
5148;5
5149;2
5155;4
5151;3
5152;3
5153;5
5154;4
5155;5
5156;5
5157;5
5158;1
5159;3
5165;5
5161;5
5162;1
5163;4
5164;5
5165;4
5166;5
5167;5
5168;5
5169;5
5175;1
5171;5
5172;5
5173;5
5174;2
5175;5
5176;5
5177;5
5178;4
5179;5
5185;5
5181;5
5182;5
5183;5
5184;3
5185;1
5186;3
5187;5
5188;5
5189;5
5195;1
5191;1
5192;5
5193;5
5194;5
5195;5
5196;5
5197;1
5198;5
5199;3
5255;5
5251;5
5252;1
5253;5
5254;5
5255;4
5256;5
5257;5
5258;4
5259;4
5215;4
5211;4
5212;5
5213;5
5214;5
5215;5
5216;5
5217;1
5218;1
5219;5
5225;1
5221;5
5222;5
5223;5
5224;5
5225;1
5226;2
5227;5
5228;5
5229;5
5235;5
5231;5
5232;5
5233;4
5234;5
5235;5
5236;4
5237;4
5238;5
5239;5
5245;1
5241;4
5242;5
5243;1
5244;5
5245;3
5246;1
5247;3
5248;1
5249;5
5255;5
5251;5
5252;3
5253;5
5254;5
5255;4
5256;3
5257;5
5258;5
5259;1
5265;5
5261;4
5262;5
5263;5
5264;5
5265;4
5266;5
5267;1
5268;5
5269;5
5275;3
5271;5
5272;5
5273;1
5274;5
5275;3
5276;1
5277;5
5278;5
5279;1
5285;1
5281;5
5282;5
5283;5
5284;5
5285;5
5286;5
5287;5
5288;1
5289;1
5295;5
5291;3
5292;4
5293;5
5294;5
5295;3
5296;5
5297;1
5298;5
5299;1
5355;5
5351;5
5352;5
5353;5
5354;4
5355;1
5356;1
5357;1
5358;4
5359;5
5315;1
5311;5
5312;5
5313;5
5314;5
5315;5
5316;5
5317;5
5318;5
5319;5
5325;5
5321;5
5322;5
5323;5
5324;5
5325;1
5326;1
5327;5
5328;5
5329;3
5335;3
5331;5
5332;5
5333;5
5334;5
5335;5
5336;1
5337;5
5338;1
5339;5
5345;5
5341;1
5342;2
5343;5
5344;5
5345;5
5346;5
5347;1
5348;5
5349;5
5355;5
5351;1
5352;3
5353;5
5354;5
5355;5
5356;4
5357;5
5358;5
5359;5
5365;5
5361;4
5362;4
5363;5
5364;1
5365;2
5366;5
5367;5
5368;5
5369;5
5375;5
5371;5
5372;1
5373;5
5374;5
5375;5
5376;4
5377;5
5378;1
5379;5
5385;5
5381;2
5382;1
5383;1
5384;5
5385;5
5386;5
5387;5
5388;4
5389;5
5395;5
5391;5
5392;5
5393;1
5394;1
5395;5
5396;5
5397;1
5398;3
5399;5
5455;5
5451;5
5452;4
5453;5
5454;1
5455;5
5456;5
5457;5
5458;3
5459;1
5415;5
5411;5
5412;5
5413;5
5414;5
5415;1
5416;5
5417;5
5418;5
5419;4
5425;5
5421;5
5422;5
5423;5
5424;5
5425;5
5426;5
5427;5
5428;3
5429;1
5435;5
5431;5
5432;5
5433;5
5434;5
5435;5
5436;1
5437;5
5438;5
5439;5
5445;1
5441;5
5442;5
5443;5
5444;5
5445;4
5446;5
5447;5
5448;5
5449;5
5455;3
5451;5
5452;4
5453;5
5454;5
5455;5
5456;1
5457;5
5458;5
5459;5
5465;5
5461;5
5462;5
5463;3
5464;5
5465;1
5466;5
5467;5
5468;1
5469;5
5475;1
5471;1
5472;1
5473;5
5474;5
5475;4
5476;5
5477;5
5478;5
5479;5
5485;5
5481;4
5482;5
5483;5
5484;5
5485;5
5486;1
5487;5
5488;5
5489;5
5495;1
5491;5
5492;5
5493;4
5494;5
5495;1
5496;5
5497;4
5498;5
5499;5
5555;5
5551;5
5552;4
5553;5
5554;5
5555;5
5556;5
5557;5
5558;5
5559;5
5515;5
5511;5
5512;5
5513;3
5514;3
5515;5
5516;5
5517;5
5518;5
5519;5
5525;1
5521;4
5522;1
5523;5
5524;5
5525;4
5526;5
5527;5
5528;5
5529;1
5535;5
5531;5
5532;3
5533;3
5534;5
5535;5
5536;5
5537;5
5538;5
5539;5
5545;5
5541;5
5542;5
5543;4
5544;4
5545;5
5546;1
5547;5
5548;5
5549;3
5555;5
5551;3
5552;4
5553;4
5554;4
5555;5
5556;5
5557;5
5558;5
5559;1
5565;3
5561;5
5562;4
5563;5
5564;5
5565;1
5566;5
5567;5
5568;1
5569;5
5575;5
5571;5
5572;1
5573;5
5574;5
5575;5
5576;5
5577;5
5578;2
5579;4
5585;5
5581;5
5582;1
5583;5
5584;5
5585;1
5586;5
5587;1
5588;3
5589;5
5595;5
5591;4
5592;1
5593;1
5594;1
5595;5
5596;5
5597;5
5598;5
5599;5
5655;5
5651;5
5652;4
5653;1
5654;1
5655;3
5656;5
5657;4
5658;5
5659;5
5615;5
5611;5
5612;3
5613;4
5614;1
5615;3
5616;5
5617;5
5618;4
5619;5
5625;4
5621;5
5622;5
5623;5
5624;5
5625;5
5626;5
5627;5
5628;5
5629;5
5635;5
5631;5
5632;1
5633;5
5634;5
5635;4
5636;5
5637;5
5638;2
5639;5
5645;3
5641;5
5642;5
5643;4
5644;5
5645;5
5646;5
5647;5
5648;5
5649;1
5655;5
5651;5
5652;5
5653;5
5654;5
5655;5
5656;5
5657;5
5658;5
5659;5
5665;5
5661;4
5662;5
5663;4
5664;1
5665;5
5666;4
5667;5
5668;4
5669;5
5675;5
5671;1
5672;5
5673;1
5674;5
5675;5
5676;5
5677;5
5678;5
5679;5
5685;5
5681;5
5682;5
5683;5
5684;5
5685;1
5686;5
5687;5
5688;4
5689;5
5695;5
5691;5
5692;5
5693;5
5694;5
5695;5
5696;5
5697;5
5698;5
5699;5
5755;5
5751;5
5752;1
5753;1
5754;5
5755;5
5756;5
5757;1
5758;3
5759;5
5715;5
5711;5
5712;2
5713;5
5714;1
5715;5
5716;3
5717;5
5718;5
5719;5
5725;5
5721;5
5722;3
5723;5
5724;5
5725;5
5726;5
5727;2
5728;5
5729;5
5735;5
5731;5
5732;1
5733;5
5734;5
5735;5
5736;5
5737;5
5738;3
5739;5
5745;5
5741;5
5742;1
5743;1
5744;5
5745;1
5746;5
5747;3
5748;5
5749;1
5755;5
5751;5
5752;5
5753;5
5754;5
5755;5
5756;5
5757;5
5758;5
5759;5
5765;5
5761;5
5762;5
5763;5
5764;1
5765;4
5766;5
5767;1
5768;5
5769;3
5775;5
5771;5
5772;5
5773;5
5774;5
5775;5
5776;5
5777;5
5778;5
5779;1
5785;5
5781;5
5782;1
5783;5
5784;1
5785;5
5786;5
5787;5
5788;5
5789;1
5795;5
5791;5
5792;1
5793;1
5794;3
5795;5
5796;5
5797;5
5798;5
5799;4
5855;5
5851;5
5852;4
5853;3
5854;4
5855;1
5856;1
5857;1
5858;1
5859;3
5815;4
5811;5
5812;1
5813;5
5814;2
5815;3
5816;1
5817;3
5818;5
5819;4
5825;5
5821;4
5822;5
5823;3
5824;5
5825;5
5826;1
5827;1
5828;5
5829;5
5835;5
5831;1
5832;4
5833;1
5834;5
5835;5
5836;1
5837;3
5838;1
5839;1
5845;5
5841;1
5842;5
5843;5
5844;5
5845;5
5846;5
5847;5
5848;5
5849;5
5855;1
5851;5
5852;5
5853;5
5854;3
5855;3
5856;1
5857;5
5858;5
5859;1
5865;5
5861;5
5862;5
5863;5
5864;5
5865;5
5866;3
5867;5
5868;5
5869;5
5875;5
5871;5
5872;1
5873;5
5874;3
5875;5
5876;1
5877;5
5878;2
5879;2
5885;5
5881;5
5882;5
5883;5
5884;5
5885;5
5886;5
5887;5
5888;1
5889;5
5895;3
5891;5
5892;5
5893;5
5894;5
5895;5
5896;3
5897;5
5898;5
5899;5
5955;5
5951;5
5952;1
5953;4
5954;1
5955;5
5956;5
5957;4
5958;1
5959;3
5915;3
5911;3
5912;1
5913;5
5914;5
5915;1
5916;1
5917;3
5918;1
5919;4
5925;5
5921;1
5922;5
5923;5
5924;3
5925;5
5926;5
5927;3
5928;5
5929;5
5935;1
5931;4
5932;4
5933;4
5934;5
5935;1
5936;5
5937;5
5938;3
5939;4
5945;3
5941;1
5942;5
5943;1
5944;5
5945;1
5946;3
5947;5
5948;3
5949;5
5955;3
5951;5
5952;5
5953;5
5954;1
5955;5
5956;5
5957;5
5958;1
5959;1
5965;5
5961;5
5962;3
5963;3
5964;5
5965;5
5966;4
5967;1
5968;1
5969;5
5975;5
5971;5
5972;5
5973;5
5974;5
5975;4
5976;5
5977;4
5978;5
5979;1
5985;3
5981;5
5982;3
5983;5
5984;5
5985;1
5986;4
5987;5
5988;5
5989;5
5995;5
5991;4
5992;5
5993;5
5994;5
5995;5
5996;5
5997;2
5998;2
5999;2
6555;2
6551;3
6552;5
6553;5
6554;3
6555;3
6556;2
6557;2
6558;2
6559;2
6515;3
6511;5
6512;5
6513;3
6514;3
6515;3
6516;5
6517;4
6518;5
6519;1
6525;1
6521;5
6522;5
6523;4
6524;5
6525;1
6526;5
6527;1
6528;1
6529;5
6535;1
6531;4
6532;1
6533;5
6534;1
6535;4
6536;1
6537;4
6538;5
6539;5
6545;5
6541;5
6542;2
6543;1
6544;1
6545;5
6546;5
6547;4
6548;5
6549;1
6555;5
6551;5
6552;4
6553;5
6554;5
6555;1
6556;1
6557;3
6558;5
6559;4
6565;1
6561;1
6562;1
6563;5
6564;3
6565;1
6566;5
6567;1
6568;4
6569;5
6575;1
6571;1
6572;5
6573;1
6574;4
6575;4
6576;3
6577;1
6578;2
6579;5
6585;2
6581;1
6582;3
6583;5
6584;5
6585;5
6586;5
6587;5
6588;2
6589;2
6595;1
6591;3
6592;5
6593;1
6594;5
6595;2
6596;2
6597;2
6598;5
6599;5
6155;1
6151;5
6152;5
6153;1
6154;4
6155;5
6156;1
6157;5
6158;5
6159;2
6115;1
6111;5
6112;5
6113;3
6114;4
6115;4
6116;5
6117;5
6118;1
6119;5
6125;5
6121;5
6122;1
6123;5
6124;1
6125;3
6126;1
6127;5
6128;3
6129;5
6135;5
6131;1
6132;3
6133;1
6134;3
6135;3
6136;2
6137;2
6138;5
6139;5
6145;3
6141;4
6142;5
6143;3
6144;3
6145;5
6146;3
6147;3
6148;4
6149;5
6155;5
6151;1
6152;2
6153;2
6154;1
6155;3
6156;5
6157;5
6158;5
6159;4
6165;5
6161;1
6162;3
6163;5
6164;5
6165;3
6166;5
6167;5
6168;3
6169;3
6175;5
6171;5
6172;5
6173;1
6174;4
6175;3
6176;1
6177;5
6178;1
6179;1
6185;4
6181;5
6182;1
6183;1
6184;5
6185;3
6186;5
6187;3
6188;5
6189;5
6195;1
6191;1
6192;1
6193;3
6194;1
6195;3
6196;1
6197;3
6198;3
6199;1
6255;1
6251;3
6252;3
6253;1
6254;2
6255;3
6256;4
6257;4
6258;1
6259;4
6215;1
6211;3
6212;1
6213;1
6214;5
6215;1
6216;3
6217;1
6218;1
6219;3
6225;1
6221;1
6222;5
6223;2
6224;1
6225;4
6226;4
6227;1
6228;1
6229;3
6235;1
6231;3
6232;1
6233;3
6234;1
6235;3
6236;1
6237;1
6238;1
6239;1
6245;1
6241;3
6242;1
6243;1
6244;1
6245;3
6246;1
6247;5
6248;1
6249;1
6255;1
6251;1
6252;3
6253;3
6254;1
6255;3
6256;1
6257;3
6258;1
6259;4
6265;1
6261;3
6262;1
6263;1
6264;1
6265;5
6266;1
6267;2
6268;1
6269;3
6275;1
6271;2
6272;1
6273;3
6274;1
6275;1
6276;4
6277;4
6278;1
6279;3
6285;3
6281;1
6282;1
6283;3
6284;1
6285;5
6286;5
6287;1
6288;1
6289;3
6295;5
6291;1
6292;3
6293;1
6294;2
6295;1
6296;3
6297;3
6298;1
6299;1
6355;1
6351;1
6352;1
6353;5
6354;1
6355;1
6356;1
6357;1
6358;1
6359;1
6315;3
6311;1
6312;5
6313;1
6314;3
6315;1
6316;1
6317;1
6318;5
6319;1
6325;3
6321;1
6322;1
6323;1
6324;1
6325;1
6326;3
6327;1
6328;5
6329;1
6335;2
6331;1
6332;3
6333;5
6334;1
6335;1
6336;1
6337;3
6338;1
6339;5
6345;5
6341;3
6342;3
6343;3
6344;1
6345;1
6346;3
6347;1
6348;1
6349;5
6355;5
6351;4
6352;5
6353;5
6354;5
6355;1
6356;5
6357;5
6358;1
6359;1
6365;1
6361;1
6362;1
6363;3
6364;1
6365;1
6366;1
6367;1
6368;5
6369;5
6375;1
6371;3
6372;1
6373;3
6374;1
6375;1
6376;1
6377;4
6378;3
6379;3
6385;2
6381;3
6382;1
6383;1
6384;1
6385;1
6386;3
6387;3
6388;1
6389;1
6395;1
6391;1
6392;1
6393;3
6394;1
6395;3
6396;1
6397;5
6398;1
6399;5
6455;1
6451;5
6452;3
6453;1
6454;1
6455;5
6456;3
6457;1
6458;5
6459;3
6415;3
6411;1
6412;1
6413;3
6414;3
6415;1
6416;1
6417;1
6418;5
6419;3
6425;3
6421;1
6422;5
6423;4
6424;3
6425;3
6426;1
6427;1
6428;3
6429;3
6435;4
6431;1
6432;1
6433;1
6434;3
6435;1
6436;1
6437;1
6438;5
6439;1
6445;1
6441;1
6442;1
6443;3
6444;3
6445;5
6446;3
6447;4
6448;5
6449;3
6455;5
6451;1
6452;5
6453;4
6454;5
6455;3
6456;3
6457;1
6458;1
6459;1
6465;1
6461;4
6462;1
6463;1
6464;3
6465;1
6466;1
6467;3
6468;1
6469;4
6475;5
6471;3
6472;1
6473;3
6474;5
6475;3
6476;3
6477;5
6478;5
6479;1
6485;1
6481;5
6482;1
6483;5
6484;1
6485;1
6486;3
6487;1
6488;4
6489;5
6495;3
6491;5
6492;1
6493;3
6494;3
6495;5
6496;3
6497;3
6498;3
6499;5
6555;5
6551;5
6552;1
6553;5
6554;5
6555;5
6556;4
6557;1
6558;1
6559;1
6515;2
6511;2
6512;5
6513;1
6514;3
6515;5
6516;5
6517;1
6518;3
6519;5
6525;1
6521;3
6522;5
6523;3
6524;3
6525;1
6526;3
6527;5
6528;5
6529;5
6535;1
6531;1
6532;3
6533;1
6534;4
6535;3
6536;5
6537;3
6538;5
6539;3
6545;3
6541;1
6542;3
6543;3
6544;4
6545;1
6546;1
6547;3
6548;5
6549;4
6555;5
6551;5
6552;5
6553;4
6554;5
6555;5
6556;3
6557;5
6558;3
6559;5
6565;1
6561;5
6562;2
6563;3
6564;1
6565;1
6566;1
6567;5
6568;3
6569;3
6575;1
6571;3
6572;5
6573;5
6574;2
6575;1
6576;3
6577;1
6578;5
6579;2
6585;5
6581;1
6582;5
6583;2
6584;1
6585;5
6586;5
6587;3
6588;5
6589;4
6595;1
6591;4
6592;1
6593;2
6594;3
6595;1
6596;3
6597;3
6598;4
6599;5
6655;1
6651;1
6652;5
6653;3
6654;3
6655;3
6656;5
6657;5
6658;5
6659;4
6615;4
6611;5
6612;1
6613;5
6614;5
6615;3
6616;4
6617;4
6618;3
6619;1
6625;5
6621;5
6622;1
6623;5
6624;1
6625;5
6626;1
6627;5
6628;1
6629;5
6635;4
6631;3
6632;1
6633;3
6634;5
6635;1
6636;4
6637;4
6638;5
6639;1
6645;3
6641;3
6642;5
6643;5
6644;5
6645;2
6646;2
6647;2
6648;3
6649;3
6655;5
6651;5
6652;5
6653;1
6654;5
6655;5
6656;5
6657;3
6658;5
6659;5
6665;1
6661;1
6662;4
6663;1
6664;3
6665;5
6666;5
6667;5
6668;1
6669;5
6675;5
6671;1
6672;3
6673;1
6674;3
6675;1
6676;5
6677;1
6678;3
6679;5
6685;4
6681;3
6682;3
6683;3
6684;1
6685;5
6686;3
6687;3
6688;5
6689;4
6695;5
6691;1
6692;2
6693;2
6694;3
6695;1
6696;3
6697;1
6698;1
6699;3
6755;3
6751;4
6752;4
6753;5
6754;5
6755;3
6756;5
6757;2
6758;5
6759;5
6715;5
6711;4
6712;3
6713;5
6714;5
6715;5
6716;5
6717;1
6718;3
6719;5
6725;3
6721;5
6722;5
6723;5
6724;1
6725;5
6726;3
6727;5
6728;4
6729;5
6735;5
6731;5
6732;5
6733;5
6734;3
6735;4
6736;2
6737;5
6738;1
6739;5
6745;5
6741;1
6742;5
6743;2
6744;4
6745;3
6746;4
6747;4
6748;5
6749;3
6755;5
6751;1
6752;4
6753;4
6754;3
6755;5
6756;1
6757;4
6758;1
6759;4
6765;5
6761;1
6762;5
6763;5
6764;3
6765;5
6766;3
6767;5
6768;5
6769;3
6775;1
6771;5
6772;5
6773;5
6774;5
6775;3
6776;5
6777;5
6778;1
6779;5
6785;3
6781;5
6782;5
6783;1
6784;3
6785;5
6786;5
6787;5
6788;1
6789;1
6795;5
6791;5
6792;4
6793;3
6794;5
6795;5
6796;1
6797;1
6798;4
6799;5
6855;1
6851;3
6852;5
6853;5
6854;5
6855;5
6856;4
6857;5
6858;4
6859;2
6815;3
6811;5
6812;5
6813;5
6814;1
6815;5
6816;5
6817;5
6818;5
6819;1
6825;3
6821;1
6822;5
6823;1
6824;3
6825;5
6826;5
6827;5
6828;1
6829;1
6835;3
6831;5
6832;5
6833;1
6834;1
6835;3
6836;5
6837;1
6838;1
6839;3
6845;5
6841;2
6842;4
6843;5
6844;5
6845;5
6846;5
6847;5
6848;5
6849;5
6855;5
6851;3
6852;1
6853;5
6854;5
6855;5
6856;1
6857;1
6858;1
6859;5
6865;5
6861;5
6862;4
6863;3
6864;5
6865;5
6866;3
6867;4
6868;5
6869;5
6875;5
6871;1
6872;5
6873;3
6874;3
6875;5
6876;4
6877;2
6878;1
6879;5
6885;1
6881;5
6882;5
6883;5
6884;5
6885;5
6886;3
6887;5
6888;1
6889;5
6895;5
6891;5
6892;1
6893;4
6894;1
6895;5
6896;1
6897;5
6898;5
6899;1
6955;1
6951;1
6952;3
6953;1
6954;3
6955;1
6956;4
6957;5
6958;5
6959;1
6915;5
6911;3
6912;1
6913;4
6914;1
6915;5
6916;5
6917;5
6918;3
6919;5
6925;3
6921;1
6922;5
6923;5
6924;5
6925;5
6926;5
6927;5
6928;1
6929;5
6935;1
6931;5
6932;1
6933;1
6934;5
6935;4
6936;4
6937;4
6938;1
6939;4
6945;1
6941;4
6942;1
6943;4
6944;5
6945;3
6946;1
6947;5
6948;5
6949;5
6955;5
6951;5
6952;5
6953;5
6954;5
6955;1
6956;1
6957;1
6958;3
6959;5
6965;3
6961;4
6962;4
6963;5
6964;5
6965;5
6966;2
6967;2
6968;2
6969;4
6975;4
6971;4
6972;4
6973;5
6974;1
6975;5
6976;1
6977;1
6978;2
6979;2
6985;1
6981;4
6982;1
6983;2
6984;3
6985;5
6986;4
6987;1
6988;3
6989;3
6995;5
6991;5
6992;2
6993;2
6994;5
6995;2
6996;5
6997;2
6998;5
6999;3
7555;3
7551;4
7552;5
7553;2
7554;5
7555;5
7556;4
7557;5
7558;2
7559;3
7515;1
7511;1
7512;3
7513;5
7514;3
7515;1
7516;3
7517;5
7518;5
7519;5
7525;5
7521;4
7522;5
7523;5
7524;5
7525;5
7526;1
7527;3
7528;4
7529;3
7535;1
7531;1
7532;3
7533;1
7534;5
7535;3
7536;3
7537;5
7538;5
7539;1
7545;2
7541;4
7542;3
7543;4
7544;5
7545;1
7546;2
7547;5
7548;4
7549;5
7555;1
7551;3
7552;5
7553;5
7554;5
7555;5
7556;1
7557;3
7558;4
7559;1
7565;4
7561;5
7562;1
7563;1
7564;1
7565;1
7566;5
7567;1
7568;3
7569;5
7575;2
7571;4
7572;4
7573;2
7574;4
7575;2
7576;1
7577;5
7578;5
7579;3
7585;4
7581;1
7582;3
7583;3
7584;3
7585;5
7586;1
